rank,slug,name,population,nation,county,region,lat,lng,source
1,london,London,8961989,England,Greater London,London,51.50853,-0.12574,geonames-GB
2,birmingham,Birmingham,1157603,England,Birmingham,West Midlands,52.48142,-1.89983,geonames-GB
3,glasgow,Glasgow,626410,Scotland,Glasgow City,West Central Scotland,55.86515,-4.25763,geonames-GB
4,manchester,Manchester,568996,England,Manchester,North West,53.48095,-2.23743,geonames-GB
5,sheffield,Sheffield,556500,England,Sheffield,Yorkshire and the Humber,53.38297,-1.4659,geonames-GB
6,leeds,Leeds,536280,England,Leeds,Yorkshire and the Humber,53.79648,-1.54785,geonames-GB
7,edinburgh,Edinburgh,514990,Scotland,Edinburgh,South East Scotland,55.95206,-3.19648,geonames-GB
8,liverpool,Liverpool,496770,England,Liverpool,North West,53.41058,-2.97794,geonames-GB
9,bristol,Bristol,479024,England,Bristol,South West,51.45523,-2.59665,geonames-GB
10,croydon,Croydon,392224,England,Greater London,London,51.3714,-0.0977,geonames-cities5000+ons-london-borough-2022
11,barnet,Barnet,389101,England,Greater London,London,51.6252,-0.1517,ons-london-borough-2022
12,cardiff,Cardiff,372089,Wales,Cardiff,Wales,51.48,-3.18,geonames-GB
13,ealing,Ealing,369937,England,Greater London,London,51.513,-0.3089,ons-london-borough-2022
14,leicester,Leicester,368600,England,Leicester,East Midlands,52.6386,-1.13169,geonames-GB
15,bradford,Bradford,366187,England,Bradford,Yorkshire and the Humber,53.79391,-1.75206,geonames-GB
16,newham,Newham,358645,England,Greater London,London,51.5077,0.0469,ons-london-borough-2022
17,coventry,Coventry,345324,England,Coventry,West Midlands,52.40656,-1.51217,geonames-GB
18,brent,Brent,341221,England,Greater London,London,51.5588,-0.2817,ons-london-borough-2022
19,bromley,Bromley,329578,England,Greater London,London,51.3992,0.0165,ons-london-borough-2022
20,wandsworth,Wandsworth,329035,England,Greater London,London,51.4567,-0.191,ons-london-borough-2022
21,enfield-town,Enfield Town,327224,England,Greater London,London,51.6538,-0.0799,geonames-cities5000+ons-london-borough-2022
22,tower-hamlets,Tower Hamlets,325789,England,Greater London,London,51.5099,-0.0059,ons-london-borough-2022
23,birkenhead,Birkenhead,325264,England,Wirral,North West,53.39337,-3.01479,geonames-GB
24,nottingham,Nottingham,323632,England,Nottingham,East Midlands,52.9536,-1.15047,geonames-GB
25,reading,Reading,318014,England,Reading,South East,51.45625,-0.97113,geonames-GB
26,lambeth,Lambeth,316812,England,Greater London,London,51.4607,-0.1163,ons-london-borough-2022
27,kingston-upon-hull,Kingston upon Hull,314018,England,Kingston upon Hull,Yorkshire and the Humber,53.7446,-0.33525,geonames-GB
28,preston,Preston,313332,England,Lancashire,North West,53.76282,-2.70452,geonames-GB
29,southwark,Southwark,311913,England,Greater London,London,51.5035,-0.0804,ons-london-borough-2022
30,redbridge,Redbridge,310911,England,Greater London,London,51.559,0.0741,ons-london-borough-2022
31,hillingdon,Hillingdon,310681,England,Greater London,London,51.5441,-0.476,ons-london-borough-2022
32,swansea,Swansea,300352,Wales,Swansea,Wales,51.62079,-3.94323,geonames-GB
33,newcastle-upon-tyne,Newcastle upon Tyne,300125,England,Newcastle upon Tyne,North East,54.97328,-1.61396,geonames-GB
34,lewisham,Lewisham,298653,England,Greater London,London,51.4452,-0.0209,ons-london-borough-2022
35,southend-on-sea,Southend-on-Sea,295310,England,Southend-on-Sea,East of England,51.53782,0.71433,geonames-GB
36,greenwich,Greenwich,291080,England,Greater London,London,51.4892,0.0648,ons-london-borough-2022
37,hounslow,Hounslow,290488,England,Greater London,London,51.4746,-0.368,geonames-cities5000+ons-london-borough-2022
38,brighton,Brighton,283870,England,Brighton and Hove,South East,50.82838,-0.13947,geonames-GB
39,waltham-forest,Waltham Forest,275887,England,Greater London,London,51.5908,-0.0134,ons-london-borough-2022
40,derby,Derby,270468,England,Derby,East Midlands,52.92277,-1.47663,geonames-GB
41,southampton,Southampton,269781,England,Southampton,South East,50.90395,-1.40428,geonames-GB
42,havering,Havering,264703,England,Greater London,London,51.5812,0.1837,ons-london-borough-2022
43,wolverhampton,Wolverhampton,263700,England,Wolverhampton,West Midlands,52.58547,-2.12296,geonames-GB
44,haringey,Haringey,261811,England,Greater London,London,51.6,-0.1119,ons-london-borough-2022
45,hackney,Hackney,261491,England,Greater London,London,51.545,-0.0553,ons-london-borough-2022
46,harrow,Harrow,261185,England,Greater London,London,51.5898,-0.3346,geonames-cities5000+ons-london-borough-2022
47,plymouth,Plymouth,260203,England,Plymouth,South West,50.37153,-4.14305,geonames-GB
48,stoke-on-trent,Stoke-on-Trent,258366,England,Stoke-on-Trent,West Midlands,53.00415,-2.18538,geonames-GB
49,milton-keynes,Milton Keynes,256385,England,Milton Keynes,South East,52.04172,-0.75583,geonames-GB
50,bexley,Bexley,247835,England,Greater London,London,51.4549,0.1505,ons-london-borough-2022
51,city-of-westminster,City of Westminster,247614,England,Greater London,London,51.4975,-0.1357,geonames-GB
52,northampton,Northampton,245899,England,West Northamptonshire,East Midlands,52.25,-0.88333,geonames-GB
53,oldham,Oldham,237110,England,Oldham,North West,53.54051,-2.1183,geonames-GB
54,luton,Luton,225262,England,Luton,East of England,51.87967,-0.41748,geonames-GB
55,islington,Islington,220373,England,Greater London,London,51.5416,-0.1022,geonames-cities5000+ons-london-borough-2022
56,barking-and-dagenham,Barking and Dagenham,219992,England,Greater London,London,51.5607,0.1557,ons-london-borough-2022
57,camden-town,Camden Town,218049,England,Greater London,London,51.529,-0.1255,geonames-cities5000+ons-london-borough-2022
58,merton,Merton,210709,England,Greater London,London,51.4014,-0.1958,ons-london-borough-2022
59,sutton,Sutton,209602,England,Greater London,London,51.3618,-0.1945,geonames-cities5000+ons-london-borough-2022
60,portsmouth,Portsmouth,208100,England,Portsmouth,South East,50.79899,-1.09125,geonames-GB
61,swindon,Swindon,201669,England,Swindon,South West,51.55797,-1.78116,geonames-GB
62,dudley,Dudley,199059,England,Dudley,West Midlands,52.5,-2.08333,geonames-GB
63,aberdeen,Aberdeen,198590,Scotland,Aberdeen City,North East Scotland,57.14369,-2.09814,geonames-GB
64,richmond-upon-thames,Richmond upon Thames,194894,England,Greater London,London,51.4479,-0.326,ons-london-borough-2022
65,hammersmith-and-fulham,Hammersmith and Fulham,185238,England,Greater London,London,51.4927,-0.2339,ons-london-borough-2022
66,st-helens,St Helens,183200,England,St. Helens,North West,53.45,-2.73333,geonames-GB
67,ipswich,Ipswich,178835,England,Suffolk,East of England,52.05917,1.15545,geonames-GB
68,wigan,Wigan,175405,England,Wigan,North West,53.54296,-2.63706,geonames-GB
69,warrington,Warrington,172330,England,Warrington,North West,53.39254,-2.58024,geonames-GB
70,walsall,Walsall,172141,England,Walsall,West Midlands,52.58528,-1.98396,geonames-GB
71,mansfield,Mansfield,171958,England,Nottinghamshire,East Midlands,53.13333,-1.2,geonames-GB
72,sunderland,Sunderland,170134,England,Sunderland,North East,54.90465,-1.38222,geonames-GB
73,kingston-upon-thames,Kingston upon Thames,168302,England,Greater London,London,51.4085,-0.3064,geonames-cities5000+ons-london-borough-2022
74,ilford,Ilford,168168,England,Greater London,London,51.55765,0.07278,geonames-GB
75,slough,Slough,164793,England,Slough,South East,51.50949,-0.59541,geonames-GB
76,bournemouth,Bournemouth,163600,England,"Bournemouth, Christchurch and Poole",South West,50.72048,-1.8795,geonames-GB
77,peterborough,Peterborough,163379,England,Peterborough,East of England,52.57364,-0.24777,geonames-GB
78,oxford,Oxford,162100,England,Oxfordshire,South East,51.75222,-1.25596,geonames-GB
79,newport-wales,Newport,161506,Wales,Newport,Wales,51.58774,-2.99835,geonames-GB
80,york,York,156135,England,York,Yorkshire and the Humber,53.95763,-1.08271,geonames-GB
81,telford,Telford,155570,England,Telford and Wrekin,West Midlands,52.67659,-2.44926,geonames-GB
82,poole,Poole,151500,England,"Bournemouth, Christchurch and Poole",South West,50.71429,-1.98458,geonames-GB
83,burnley,Burnley,149422,England,Lancashire,North West,53.8,-2.23333,geonames-GB
84,huddersfield,Huddersfield,149017,England,Kirklees,Yorkshire and the Humber,53.64904,-1.78416,geonames-GB
85,dundee,Dundee,148210,Scotland,Dundee City,East and Central Scotland,56.46913,-2.97489,geonames-GB
86,blackburn,Blackburn,146521,England,Blackburn with Darwen,North West,53.75,-2.48333,geonames-GB
87,kensington-and-chelsea,Kensington and Chelsea,146154,England,Greater London,London,51.502,-0.1947,ons-london-borough-2022
88,cambridge,Cambridge,145674,England,Cambridgeshire,East of England,52.2,0.11667,geonames-GB
89,blackpool,Blackpool,145007,England,Blackpool,North West,53.81667,-3.05,geonames-GB
90,basildon,Basildon,144859,England,Essex,East of England,51.56844,0.45782,geonames-GB
91,norwich,Norwich,143135,England,Norfolk,East of England,52.62783,1.29834,geonames-GB
92,middlesbrough,Middlesbrough,142707,England,Middlesbrough,North East,54.57623,-1.23483,geonames-GB
93,bolton,Bolton,141331,England,Bolton,North West,53.58333,-2.43333,geonames-GB
94,stockport,Stockport,139052,England,Stockport,North West,53.40979,-2.15761,geonames-GB
95,high-wycombe,High Wycombe,133204,England,Buckinghamshire,South East,51.62907,-0.74934,geonames-GB
96,gloucester,Gloucester,132416,England,Gloucestershire,South West,51.86568,-2.2431,geonames-GB
97,exeter,Exeter,130709,England,Devon,South West,50.7236,-3.52751,geonames-GB
98,colchester,Colchester,130245,England,Essex,East of England,51.88921,0.90421,geonames-GB
99,salford,Salford,129794,England,Salford,North West,53.48771,-2.29042,geonames-GB
100,newcastle-under-lyme,Newcastle under Lyme,127727,England,Staffordshire,West Midlands,53.0,-2.23333,geonames-GB
101,solihull,Solihull,126577,England,Solihull,West Midlands,52.41426,-1.78094,geonames-GB
102,watford,Watford,125707,England,Hertfordshire,East of England,51.65531,-0.39602,geonames-GB
103,saint-peters,Saint Peters,125370,England,Kent,South East,51.36667,1.41667,geonames-GB
104,crawley,Crawley,124008,England,West Sussex,South East,51.11303,-0.18312,geonames-GB
105,burton-upon-trent,Burton upon Trent,122199,England,Staffordshire,West Midlands,52.80728,-1.64263,geonames-GB
106,cheltenham,Cheltenham,118836,England,Gloucestershire,South West,51.90006,-2.07972,geonames-GB
107,rotherham,Rotherham,117618,England,Rotherham,Yorkshire and the Humber,53.43012,-1.35678,geonames-GB
108,worthing,Worthing,113866,England,West Sussex,South East,50.81795,-0.37538,geonames-GB
109,doncaster,Doncaster,113566,England,Doncaster,Yorkshire and the Humber,53.52285,-1.13116,geonames-GB
110,chesterfield,Chesterfield,113057,England,Derbyshire,East Midlands,53.25,-1.41667,geonames-GB
111,chelmsford,Chelmsford,111511,England,Essex,East of England,51.73575,0.46958,geonames-GB
112,sutton-coldfield,Sutton Coldfield,109899,England,Birmingham,West Midlands,52.56667,-1.81667,geonames-GB
113,wakefield,Wakefield,109766,England,Wakefield,Yorkshire and the Humber,53.68331,-1.49768,geonames-GB
114,walthamstow,Walthamstow,109424,England,Greater London,London,51.59067,-0.02077,geonames-GB
115,dagenham,Dagenham,108368,England,Greater London,London,51.55,0.16667,geonames-GB
116,basingstoke,Basingstoke,107642,England,Hampshire,South East,51.26249,-1.08708,geonames-GB
117,maidstone,Maidstone,107627,England,Kent,South East,51.26667,0.51667,geonames-GB
118,bedford,Bedford,106940,England,Bedford,East of England,52.13459,-0.46632,geonames-GB
119,woking,Woking,103900,England,Surrey,South East,51.31903,-0.55893,geonames-GB
120,lincoln,Lincoln,103813,England,Lincolnshire,East Midlands,53.22683,-0.53792,geonames-GB
121,west-bromwich,West Bromwich,103112,England,Sandwell,West Midlands,52.51868,-1.9945,geonames-GB
122,eastbourne,Eastbourne,101689,England,East Sussex,South East,50.76871,0.28453,geonames-GB
123,worcester,Worcester,101659,England,Worcestershire,West Midlands,52.18935,-2.22001,geonames-GB
124,bath,Bath,101557,England,Bath and North East Somerset,South West,51.3751,-2.36172,geonames-GB
125,gillingham,Gillingham,101187,England,Medway,South East,51.38914,0.54863,geonames-GB
126,rochdale,Rochdale,97550,England,Rochdale,North West,53.61766,-2.1552,geonames-GB
127,hemel-hempstead,Hemel Hempstead,95961,England,Hertfordshire,East of England,51.75368,-0.44975,geonames-GB
128,romford,Romford,95000,England,Greater London,London,51.57515,0.18582,geonames-GB
129,harlow,Harlow,93300,England,Essex,East of England,51.77655,0.11158,geonames-GB
130,hastings,Hastings,92855,England,East Sussex,South East,50.85568,0.58009,geonames-GB
131,darlington,Darlington,92363,England,Darlington,North East,54.52429,-1.55039,geonames-GB
132,stevenage,Stevenage,91774,England,Hertfordshire,East of England,51.90224,-0.20256,geonames-GB
133,southport,Southport,91703,England,Sefton,North West,53.64581,-3.01008,geonames-GB
134,chester,Chester,90524,England,Cheshire West and Chester,North West,53.1905,-2.89189,geonames-GB
135,wembley,Wembley,90045,England,Greater London,London,51.55242,-0.29686,geonames-GB
136,grays,Grays,89755,England,Thurrock,East of England,51.47566,0.32521,geonames-GB
137,harrogate,Harrogate,89060,England,North Yorkshire,Yorkshire and the Humber,53.99078,-1.5373,geonames-GB
138,hartlepool,Hartlepool,88855,England,Hartlepool,North East,54.68554,-1.21028,geonames-GB
139,nuneaton,Nuneaton,88813,England,Warwickshire,West Midlands,52.52323,-1.46523,geonames-GB
140,redditch,Redditch,87847,England,Worcestershire,West Midlands,52.3065,-1.94569,geonames-GB
141,grimsby,Grimsby,86138,England,North East Lincolnshire,Yorkshire and the Humber,53.56539,-0.07553,geonames-GB
142,cannock,Cannock,86121,England,Staffordshire,West Midlands,52.69045,-2.03085,geonames-GB
143,st-albans,St Albans,84561,England,Hertfordshire,East of England,51.75,-0.33333,geonames-GB
144,south-shields,South Shields,83655,England,South Tyneside,North East,54.99859,-1.4323,geonames-GB
145,weston-super-mare,Weston-super-Mare,82903,England,North Somerset,South West,51.34603,-2.97665,geonames-GB
146,halifax,Halifax,82624,England,Calderdale,Yorkshire and the Humber,53.71667,-1.85,geonames-GB
147,tamworth,Tamworth,81964,England,Staffordshire,West Midlands,52.63399,-1.69587,geonames-GB
148,gosport,Gosport,81952,England,Hampshire,South East,50.79509,-1.12902,geonames-GB
149,scunthorpe,Scunthorpe,81576,England,North Lincolnshire,Yorkshire and the Humber,53.57905,-0.65437,geonames-GB
150,chatham,Chatham,80596,England,Medway,South East,51.37891,0.52786,geonames-GB
151,stockton-on-tees,Stockton-on-Tees,79957,England,Stockton-on-Tees,North East,54.56848,-1.3187,geonames-GB
152,carlisle,Carlisle,78470,England,Cumbria,North West,54.8951,-2.9382,geonames-GB
153,rugby,Rugby,78117,England,Warwickshire,West Midlands,52.37092,-1.26417,geonames-GB
154,gateshead,Gateshead,77649,England,Gateshead,North East,54.96209,-1.60168,geonames-GB
155,paisley,Paisley,77270,Scotland,Renfrewshire,West Central Scotland,55.83173,-4.43254,geonames-GB
156,shrewsbury,Shrewsbury,76782,England,Shropshire,West Midlands,52.71009,-2.75208,geonames-GB
157,fylde,Fylde,76500,England,Lancashire,North West,53.83333,-2.91667,geonames-GB
158,crewe,Crewe,76437,England,Cheshire East,North West,53.09787,-2.44161,geonames-GB
159,bracknell,Bracknell,76103,England,Bracknell Forest,South East,51.41363,-0.75054,geonames-GB
160,east-kilbride,East Kilbride,75310,Scotland,South Lanarkshire,West Central Scotland,55.76412,-4.17669,geonames-GB
161,hove,Hove,75174,England,Brighton and Hove,South East,50.83088,-0.1672,geonames-GB
162,aylesbury,Aylesbury,74748,England,Buckinghamshire,South East,51.81665,-0.81458,geonames-GB
163,guildford,Guildford,71873,England,Surrey,South East,51.23536,-0.57427,geonames-GB
164,barnsley,Barnsley,71447,England,Barnsley,Yorkshire and the Humber,53.55,-1.48333,geonames-GB
165,lowestoft,Lowestoft,71327,England,Suffolk,East of England,52.47523,1.75167,geonames-GB
166,maidenhead,Maidenhead,70374,England,Windsor and Maidenhead,South East,51.52279,-0.71986,geonames-GB
167,stafford,Stafford,70145,England,Staffordshire,West Midlands,52.80521,-2.11636,geonames-GB
168,uxbridge,Uxbridge,70000,England,Greater London,London,51.5489,-0.48211,geonames-GB
169,rhondda,Rhondda,69506,Wales,Rhondda Cynon Taf,Wales,51.65896,-3.44885,geonames-GB
170,royal-tunbridge-wells,Royal Tunbridge Wells,68910,England,Kent,South East,51.13321,0.26256,geonames-GB
171,corby,Corby,68164,England,North Northamptonshire,East Midlands,52.49637,-0.68939,geonames-GB
172,paignton,Paignton,67520,England,Torbay,South West,50.43565,-3.56789,geonames-GB
173,washington,Washington,67085,England,Sunderland,North East,54.9,-1.51667,geonames-GB
174,folkestone,Folkestone,66429,England,Kent,South East,51.08169,1.16734,geonames-GB
175,wrexham,Wrexham,65692,Wales,Wrexham,Wales,53.04664,-2.99132,geonames-GB
176,ellesmere-port-town,Ellesmere Port Town,65430,England,Cheshire West and Chester,North West,53.27875,-2.90134,geonames-GB
177,torquay,Torquay,65388,England,Torbay,South West,50.46198,-3.52522,geonames-GB
178,loughborough,Loughborough,64884,England,Leicestershire,East Midlands,52.76667,-1.2,geonames-GB
179,taunton,Taunton,64621,England,Somerset,South West,51.01494,-3.10293,geonames-GB
180,waterlooville,Waterlooville,64350,England,Hampshire,South East,50.88067,-1.0304,geonames-GB
181,bognor-regis,Bognor Regis,63885,England,West Sussex,South East,50.78206,-0.67978,geonames-GB
182,buckley,Buckley,63576,Wales,Flintshire,Wales,53.16667,-3.08333,geonames-GB
183,great-yarmouth,Great Yarmouth,63434,England,Norfolk,East of England,52.60831,1.73052,geonames-GB
184,margate,Margate,63322,England,Kent,South East,51.38132,1.38617,geonames-GB
185,ashford-kent,Ashford,62787,England,Kent,South East,51.14648,0.87376,geonames-GB
186,sale,Sale,62550,England,Trafford,North West,53.42519,-2.32443,geonames-GB
187,tonypandy,Tonypandy,62545,Wales,Rhondda Cynon Taf,Wales,51.62202,-3.45544,geonames-GB
188,scarborough,Scarborough,61749,England,North Yorkshire,Yorkshire and the Humber,54.27966,-0.40443,geonames-GB
189,widnes,Widnes,61464,England,Halton,North West,53.3618,-2.73406,geonames-GB
190,runcorn,Runcorn,61145,England,Halton,North West,53.34174,-2.73124,geonames-GB
191,bury,Bury,61044,England,Bury,North West,53.6,-2.3,geonames-GB
192,dewsbury,Dewsbury,61035,England,Kirklees,Yorkshire and the Humber,53.69076,-1.62907,geonames-GB
193,farnborough,Farnborough,60652,England,Hampshire,South East,51.29424,-0.75565,geonames-GB
194,tynemouth,Tynemouth,60605,England,North Tyneside,North East,55.01788,-1.42559,geonames-GB
195,hereford,Hereford,60415,England,Herefordshire,West Midlands,52.05684,-2.71482,geonames-GB
196,stroud,Stroud,60155,England,Gloucestershire,South West,51.75,-2.2,geonames-GB
197,halesowen,Halesowen,60097,England,Dudley,West Midlands,52.44859,-2.04938,geonames-GB
198,wallasey,Wallasey,58794,England,Wirral,North West,53.42324,-3.06497,geonames-GB
199,littlehampton,Littlehampton,58714,England,West Sussex,South East,50.81137,-0.54078,geonames-GB
200,bootle,Bootle,57791,England,Sefton,North West,53.46667,-3.01667,geonames-GB
201,bebington,Bebington,57600,England,Wirral,North West,53.35,-3.01667,geonames-GB
202,kidderminster,Kidderminster,57400,England,Worcestershire,West Midlands,52.38819,-2.25,geonames-GB
203,morley,Morley,57385,England,Leeds,Yorkshire and the Humber,53.74013,-1.59877,geonames-GB
204,stourbridge,Stourbridge,56950,England,Dudley,West Midlands,52.45608,-2.14317,geonames-GB
205,livingston,Livingston,56840,Scotland,West Lothian,South East Scotland,55.90288,-3.52261,geonames-GB
206,kettering,Kettering,56676,England,North Northamptonshire,East Midlands,52.39836,-0.72571,geonames-GB
207,wellingborough,Wellingborough,56564,England,North Northamptonshire,East Midlands,52.30273,-0.69446,geonames-GB
208,barrow-in-furness,Barrow in Furness,55489,England,Cumbria,North West,54.11094,-3.22758,geonames-GB
209,canterbury,Canterbury,55087,England,Kent,South East,51.27904,1.07992,geonames-GB
210,dunfermline,Dunfermline,54990,Scotland,Fife,East and Central Scotland,56.07156,-3.45887,geonames-GB
211,huyton,Huyton,54738,England,Knowsley,North West,53.4115,-2.83935,geonames-GB
212,barry,Barry,54673,Wales,Vale of Glamorgan,Wales,51.39979,-3.2838,geonames-GB
213,hamilton,Hamilton,54480,Scotland,South Lanarkshire,West Central Scotland,55.76667,-4.03333,geonames-GB
214,meikle-earnock,Meikle Earnock,54480,Scotland,South Lanarkshire,West Central Scotland,55.75,-4.03333,geonames-GB
215,sittingbourne,Sittingbourne,54392,England,Kent,South East,51.34128,0.73282,geonames-GB
216,macclesfield,Macclesfield,54345,England,Cheshire East,North West,53.26023,-2.12564,geonames-GB
217,gravesend,Gravesend,54263,England,Kent,South East,51.44206,0.37106,geonames-GB
218,eastleigh,Eastleigh,54225,England,Hampshire,South East,50.96667,-1.35,geonames-GB
219,smethwick,Smethwick,53653,England,Sandwell,West Midlands,52.49268,-1.96745,geonames-GB
220,braintree,Braintree,53477,England,Essex,East of England,51.87819,0.55292,geonames-GB
221,weymouth,Weymouth,53416,England,Dorset,South West,50.61448,-2.45991,geonames-GB
222,brentwood,Brentwood,52586,England,Essex,East of England,51.62127,0.30556,geonames-GB
223,esher,Esher,52392,England,Surrey,South East,51.36969,-0.36693,geonames-GB
224,dunstable,Dunstable,51973,England,Central Bedfordshire,East of England,51.88571,-0.52288,geonames-GB
225,morecambe,Morecambe,51644,England,Lancashire,North West,54.06835,-2.86108,geonames-GB
226,redhill,Redhill,51559,England,Surrey,South East,51.24048,-0.17044,geonames-GB
227,welwyn-garden-city,Welwyn Garden City,51505,England,Hertfordshire,East of England,51.80174,-0.20691,geonames-GB
228,horsham,Horsham,51472,England,West Sussex,South East,51.06314,-0.32757,geonames-GB
229,dartford,Dartford,51240,England,Kent,South East,51.44657,0.21423,geonames-GB
230,staines,Staines,51040,England,Surrey,South East,51.43092,-0.50606,geonames-GB
231,royal-leamington-spa,Royal Leamington Spa,50923,England,Warwickshire,West Midlands,52.2852,-1.52,geonames-GB
232,hinckley,Hinckley,50712,England,Leicestershire,East Midlands,52.5389,-1.37613,geonames-GB
233,clacton-on-sea,Clacton-on-Sea,50548,England,Essex,East of England,51.78967,1.15597,geonames-GB
234,cumbernauld,Cumbernauld,50530,Scotland,North Lanarkshire,West Central Scotland,55.94685,-3.99051,geonames-GB
235,kirkcaldy,Kirkcaldy,50370,Scotland,Fife,East and Central Scotland,56.11683,-3.15999,geonames-GB
236,bletchley,Bletchley,50193,England,Milton Keynes,South East,51.99334,-0.73471,geonames-GB
237,yeovil,Yeovil,50176,England,Somerset,South West,50.94159,-2.63211,geonames-GB
238,keighley,Keighley,50171,England,Bradford,Yorkshire and the Humber,53.86791,-1.90664,geonames-GB
239,altrincham,Altrincham,49680,England,Trafford,North West,53.38752,-2.34848,geonames-GB
240,bridgend,Bridgend,49597,Wales,Bridgend,Wales,51.50583,-3.57722,geonames-GB
241,llanelli,Llanelli,49591,Wales,Carmarthenshire,Wales,51.68195,-4.16191,geonames-GB
242,willenhall,Willenhall,49587,England,Walsall,West Midlands,52.58514,-2.05934,geonames-GB
243,south-benfleet,South Benfleet,48824,England,Essex,East of England,51.55295,0.55962,geonames-GB
244,banbury,Banbury,48651,England,Oxfordshire,South East,52.0632,-1.34222,geonames-GB
245,cwmbran,Cwmbran,48535,Wales,Torfaen,Wales,51.65446,-3.02281,geonames-GB
246,morden,Morden,48233,England,Greater London,London,51.39822,-0.19837,geonames-GB
247,long-eaton,Long Eaton,47898,England,Derbyshire,East Midlands,52.89855,-1.27136,geonames-GB
248,inverness,Inverness,47790,Scotland,Highland,Highlands and Argyll,57.47908,-4.22398,geonames-GB
249,durham,Durham,47785,England,County Durham,North East,54.77676,-1.57566,geonames-GB
250,northwich,Northwich,47421,England,Cheshire West and Chester,North West,53.25882,-2.52025,geonames-GB
251,perth,Perth,47350,Scotland,Perth and Kinross,East and Central Scotland,56.39522,-3.43139,geonames-GB
252,lancaster,Lancaster,47162,England,Lancashire,North West,54.04649,-2.79988,geonames-GB
253,tipton,Tipton,47000,England,Sandwell,West Midlands,52.52956,-2.06773,geonames-GB
254,kilmarnock,Kilmarnock,46970,Scotland,East Ayrshire,West Central Scotland,55.61171,-4.49581,geonames-GB
255,dumfries,Dumfries,46500,Scotland,Dumfries and Galloway,South Scotland,55.06959,-3.61139,geonames-GB
256,banstead,Banstead,46280,England,Surrey,South East,51.32233,-0.20685,geonames-GB
257,ayr,Ayr,46260,Scotland,South Ayrshire,West Central Scotland,55.46273,-4.63393,geonames-GB
258,neath,Neath,46126,Wales,Neath Port Talbot,Wales,51.66317,-3.80443,geonames-GB
259,king-s-lynn,King's Lynn,46093,England,Norfolk,East of England,52.75172,0.39516,geonames-GB
260,winchester,Winchester,46074,England,Hampshire,South East,51.06513,-1.3187,geonames-GB
261,middleton,Middleton,45589,England,Rochdale,North West,53.55,-2.2,geonames-GB
262,havant,Havant,45574,England,Hampshire,South East,50.8567,-0.98559,geonames-GB
263,kirkby,Kirkby,45564,England,Knowsley,North West,53.48138,-2.89215,geonames-GB
264,boston,Boston,45339,England,Lincolnshire,East Midlands,52.97633,-0.02664,geonames-GB
265,castleford,Castleford,45106,England,Wakefield,Yorkshire and the Humber,53.72587,-1.36256,geonames-GB
266,catford,Catford,44905,England,Greater London,London,51.44491,-0.02043,geonames-GB
267,salisbury,Salisbury,44748,England,Wiltshire,South West,51.06931,-1.79569,geonames-GB
268,worksop,Worksop,44733,England,Nottinghamshire,East Midlands,53.30182,-1.12404,geonames-GB
269,pontefract,Pontefract,44710,England,Wakefield,Yorkshire and the Humber,53.69107,-1.31269,geonames-GB
270,grantham,Grantham,44580,England,Lincolnshire,East Midlands,52.91149,-0.64184,geonames-GB
271,coatbridge,Coatbridge,43950,Scotland,North Lanarkshire,West Central Scotland,55.86216,-4.02469,geonames-GB
272,merthyr-tydfil,Merthyr Tydfil,43820,Wales,Merthyr Tydfil,Wales,51.74794,-3.37779,geonames-GB
273,great-sankey,Great Sankey,43793,England,Warrington,North West,53.39234,-2.63994,geonames-GB
274,bexhill-on-sea,Bexhill-on-Sea,43754,England,East Sussex,South East,50.85023,0.47095,geonames-GB
275,cheshunt,Cheshunt,43680,England,Hertfordshire,East of England,51.7002,-0.03026,geonames-GB
276,ashton-under-lyne,Ashton-under-Lyne,43675,England,Tameside,North West,53.48876,-2.0989,geonames-GB
277,leigh,Leigh,43626,England,Wigan,North West,53.49642,-2.51973,geonames-GB
278,leatherhead,Leatherhead,43544,England,Surrey,South East,51.29652,-0.3338,geonames-GB
279,newark-on-trent,Newark on Trent,43363,England,Nottinghamshire,East Midlands,53.06667,-0.81667,geonames-GB
280,wallsend,Wallsend,42739,England,North Tyneside,North East,54.99111,-1.53397,geonames-GB
281,leighton-buzzard,Leighton Buzzard,42727,England,Central Bedfordshire,East of England,51.91722,-0.65802,geonames-GB
282,lytham-st-annes,Lytham St Annes,42695,England,Lancashire,North West,53.7426,-2.997,geonames-GB
283,redruth,Redruth,42690,England,Cornwall,South West,50.23315,-5.22434,geonames-GB
284,andover,Andover,42276,England,Hampshire,South East,51.21135,-1.49393,geonames-GB
285,fareham,Fareham,42210,England,Hampshire,South East,50.85162,-1.17929,geonames-GB
286,ramsgate,Ramsgate,42027,England,Kent,South East,51.33568,1.41797,geonames-GB
287,stretford,Stretford,41953,England,Trafford,North West,53.45,-2.31667,geonames-GB
288,urmston,Urmston,41731,England,Trafford,North West,53.44852,-2.35419,geonames-GB
289,dover,Dover,41709,England,Kent,South East,51.12598,1.31257,geonames-GB
290,coity,Coity,41352,Wales,Bridgend,Wales,51.522,-3.55531,geonames-GB
291,newburn,Newburn,41347,England,Newcastle upon Tyne,North East,54.9876,-1.74415,geonames-GB
292,bury-st-edmunds,Bury St Edmunds,41280,England,Suffolk,East of England,52.2463,0.71111,geonames-GB
293,greenock,Greenock,41280,Scotland,Inverclyde,West Central Scotland,55.94838,-4.76121,geonames-GB
294,bridgwater,Bridgwater,41276,England,Somerset,South West,51.12837,-3.00356,geonames-GB
295,hatfield,Hatfield,41265,England,Hertfordshire,East of England,51.76338,-0.22419,geonames-GB
296,wokingham,Wokingham,41143,England,Wokingham,South East,51.4112,-0.83565,geonames-GB
297,ilkeston,Ilkeston,40953,England,Derbyshire,East Midlands,52.97055,-1.30951,geonames-GB
298,trowbridge,Trowbridge,40952,England,Wiltshire,South West,51.31889,-2.20861,geonames-GB
299,bishops-stortford,Bishops Stortford,40915,England,Hertfordshire,East of England,51.87113,0.15868,geonames-GB
300,prescot,Prescot,40889,England,Knowsley,North West,53.42948,-2.80031,geonames-GB
301,kingswood,Kingswood,40734,England,South Gloucestershire,South West,51.45278,-2.50833,geonames-GB
302,aldershot,Aldershot,40160,England,Hampshire,South East,51.24827,-0.76389,geonames-GB
303,bloxwich,Bloxwich,40000,England,Walsall,West Midlands,52.61806,-2.00431,geonames-GB
304,north-shields,North Shields,39747,England,North Tyneside,North East,55.01646,-1.44925,geonames-GB
305,batley,Batley,39013,England,Kirklees,Yorkshire and the Humber,53.70291,-1.6337,geonames-GB
306,cleethorpes,Cleethorpes,38996,England,North East Lincolnshire,Yorkshire and the Humber,53.56047,-0.03225,geonames-GB
307,skelmersdale,Skelmersdale,38813,England,Lancashire,North West,53.55024,-2.77348,geonames-GB
308,fleet,Fleet,38726,England,Hampshire,South East,51.28333,-0.83333,geonames-GB
309,abingdon,Abingdon,38676,England,Oxfordshire,South East,51.67109,-1.28278,geonames-GB
310,glenrothes,Glenrothes,38360,Scotland,Fife,East and Central Scotland,56.19514,-3.17316,geonames-GB
311,canvey-island,Canvey Island,38170,England,Essex,East of England,51.52199,0.5809,geonames-GB
312,whitley-bay,Whitley Bay,38055,England,North Tyneside,North East,55.03973,-1.44713,geonames-GB
313,stirling,Stirling,37910,Scotland,Stirling,East and Central Scotland,56.11903,-3.93682,geonames-GB
314,arnold,Arnold,37873,England,Nottinghamshire,East Midlands,53.0,-1.13333,geonames-GB
315,coalville,Coalville,37661,England,Leicestershire,East Midlands,52.72247,-1.3702,geonames-GB
316,leyland,Leyland,37614,England,Lancashire,North West,53.69786,-2.68758,geonames-GB
317,chadderton,Chadderton,37602,England,Oldham,North West,53.5448,-2.13984,geonames-GB
318,rushden,Rushden,37584,England,North Northamptonshire,East Midlands,52.28927,-0.60184,geonames-GB
319,yeadon,Yeadon,37379,England,Leeds,Yorkshire and the Humber,53.86437,-1.68743,geonames-GB
320,blyth,Blyth,37339,England,Northumberland,North East,55.12708,-1.50856,geonames-GB
321,eccles,Eccles,37275,England,Salford,North West,53.48333,-2.33333,geonames-GB
322,warwick,Warwick,37267,England,Warwickshire,West Midlands,52.28333,-1.58333,geonames-GB
323,wigston-magna,Wigston Magna,37260,England,Leicestershire,East Midlands,52.58128,-1.09248,geonames-GB
324,redcar,Redcar,37073,England,Redcar and Cleveland,North East,54.61657,-1.05999,geonames-GB
325,farnham,Farnham,36971,England,Surrey,South East,51.21444,-0.80054,geonames-GB
326,chester-le-street,Chester-le-Street,36917,England,County Durham,North East,54.85862,-1.57408,geonames-GB
327,great-malvern,Great Malvern,36770,England,Worcestershire,West Midlands,52.11161,-2.32515,geonames-GB
328,houghton-le-spring,Houghton-Le-Spring,36746,England,Sunderland,North East,54.84034,-1.46427,geonames-GB
329,west-bridgford,West Bridgford,36487,England,Nottinghamshire,East Midlands,52.92979,-1.12537,geonames-GB
330,newton-abbot,Newton Abbot,36474,England,Devon,South West,50.52858,-3.61186,geonames-GB
331,mangotsfield,Mangotsfield,36427,England,South Gloucestershire,South West,51.4878,-2.50403,geonames-GB
332,sutton-in-ashfield,Sutton in Ashfield,36404,England,Nottinghamshire,East Midlands,53.12542,-1.26135,geonames-GB
333,airdrie,Airdrie,36390,Scotland,North Lanarkshire,West Central Scotland,55.86602,-3.98025,geonames-GB
334,billericay,Billericay,36338,England,Essex,East of England,51.62867,0.41963,geonames-GB
335,borehamwood,Borehamwood,36322,England,Hertfordshire,East of England,51.65468,-0.27762,geonames-GB
336,exmouth,Exmouth,36204,England,Devon,South West,50.61723,-3.40233,geonames-GB
337,tonbridge,Tonbridge,36115,England,Kent,South East,51.19532,0.27363,geonames-GB
338,tyldesley,Tyldesley,35932,England,Wigan,North West,53.51393,-2.46754,geonames-GB
339,hyde,Hyde,35895,England,Tameside,North West,53.45131,-2.07943,geonames-GB
340,chippenham,Chippenham,35800,England,Wiltshire,South West,51.46,-2.12472,geonames-GB
341,billingham,Billingham,35708,England,Stockton-on-Tees,North East,54.58881,-1.29034,geonames-GB
342,pontypool,Pontypool,35686,Wales,Torfaen,Wales,51.70111,-3.04444,geonames-GB
343,walkden,Walkden,35616,England,Salford,North West,53.51667,-2.4,geonames-GB
344,falkirk,Falkirk,35310,Scotland,Falkirk,East and Central Scotland,56.0021,-3.78535,geonames-GB
345,hitchin,Hitchin,35220,England,Hertfordshire,East of England,51.94924,-0.28496,geonames-GB
346,briton-ferry,Briton Ferry,35179,Wales,Neath Port Talbot,Wales,51.63106,-3.81898,geonames-GB
347,hoddesdon,Hoddesdon,35174,England,Hertfordshire,East of England,51.76148,-0.01144,geonames-GB
348,bridlington,Bridlington,35154,England,East Riding of Yorkshire,Yorkshire and the Humber,54.08306,-0.19192,geonames-GB
349,accrington,Accrington,34897,England,Lancashire,North West,53.75379,-2.35863,geonames-GB
350,bentley,Bentley,34821,England,Doncaster,Yorkshire and the Humber,53.53333,-1.15,geonames-GB
351,bromsgrove,Bromsgrove,34755,England,Worcestershire,West Midlands,52.33574,-2.05983,geonames-GB
352,lichfield,Lichfield,34738,England,Staffordshire,West Midlands,52.68154,-1.82549,geonames-GB
353,swadlincote,Swadlincote,34576,England,Derbyshire,East Midlands,52.774,-1.55744,geonames-GB
354,felling,Felling,34355,England,Gateshead,North East,54.95297,-1.57152,geonames-GB
355,totton,Totton,34169,England,Hampshire,South East,50.91877,-1.49037,geonames-GB
356,irvine,Irvine,34130,Scotland,North Ayrshire,West Central Scotland,55.6194,-4.65508,geonames-GB
357,letchworth-garden-city,Letchworth Garden City,33990,England,Hertfordshire,East of England,51.97938,-0.22664,geonames-GB
358,chorley,Chorley,33888,England,Lancashire,North West,53.65,-2.61667,geonames-GB
359,bicester,Bicester,33846,England,Oxfordshire,South East,51.89998,-1.15357,geonames-GB
360,haywards-heath,Haywards Heath,33845,England,West Sussex,South East,50.99769,-0.10313,geonames-GB
361,wednesfield,Wednesfield,33555,England,Wolverhampton,West Midlands,52.5963,-2.08508,geonames-GB
362,loughton,Loughton,33346,England,Shropshire,West Midlands,52.43333,-2.56667,geonames-GB
363,cramlington,Cramlington,33180,England,Northumberland,North East,55.08652,-1.58598,geonames-GB
364,ebbw-vale,Ebbw Vale,33068,Wales,Blaenau Gwent,Wales,51.77714,-3.20792,geonames-GB
365,newbury,Newbury,33065,England,West Berkshire,South East,51.40148,-1.32471,geonames-GB
366,north-watford,North Watford,33000,England,Hertfordshire,East of England,51.68072,-0.39446,geonames-GB
367,brighouse,Brighouse,32872,England,Calderdale,Yorkshire and the Humber,53.70322,-1.78428,geonames-GB
368,motherwell,Motherwell,32840,Scotland,North Lanarkshire,West Central Scotland,55.78924,-3.99187,geonames-GB
369,darwen,Darwen,32566,England,Blackburn with Darwen,North West,53.69803,-2.46494,geonames-GB
370,wisbech,Wisbech,32489,England,Cambridgeshire,East of England,52.66622,0.15938,geonames-GB
371,rayleigh,Rayleigh,32380,England,Essex,East of England,51.58571,0.60459,geonames-GB
372,whitstable,Whitstable,32196,England,Kent,South East,51.3607,1.0257,geonames-GB
373,lower-earley,Lower Earley,32000,England,Wokingham,South East,51.42708,-0.91979,geonames-GB
374,falmouth,Falmouth,31988,England,Cornwall,South West,50.15441,-5.07113,geonames-GB
375,chichester,Chichester,31654,England,West Sussex,South East,50.83673,-0.78003,geonames-GB
376,barnstaple,Barnstaple,31616,England,Devon,South West,51.08022,-4.05808,geonames-GB
377,windsor,Windsor,31560,England,Windsor and Maidenhead,South East,51.48333,-0.6,geonames-GB
378,prestwich,Prestwich,31500,England,Bury,North West,53.53333,-2.28333,geonames-GB
379,epsom,Epsom,31489,England,Surrey,South East,51.3305,-0.27011,geonames-GB
380,christchurch,Christchurch,31372,England,"Bournemouth, Christchurch and Poole",South West,50.73583,-1.78129,geonames-GB
381,stanley,Stanley,31300,England,County Durham,North East,54.86796,-1.69846,geonames-GB
382,pontypridd,Pontypridd,31206,Wales,Rhondda Cynon Taf,Wales,51.6021,-3.34211,geonames-GB
383,aberdare,Aberdare,31135,Wales,Rhondda Cynon Taf,Wales,51.71438,-3.44918,geonames-GB
384,bedworth,Bedworth,31090,England,Warwickshire,West Midlands,52.4791,-1.46909,geonames-GB
385,caerphilly,Caerphilly,31060,Wales,Caerphilly,Wales,51.57452,-3.218,geonames-GB
386,rutherglen,Rutherglen,30950,Scotland,South Lanarkshire,West Central Scotland,55.82885,-4.21376,geonames-GB
387,deal,Deal,30917,England,Kent,South East,51.22316,1.4028,geonames-GB
388,saint-neots,Saint Neots,30811,England,Cambridgeshire,East of England,52.21667,-0.26667,geonames-GB
389,cambuslang,Cambuslang,30790,Scotland,South Lanarkshire,West Central Scotland,55.80966,-4.16096,geonames-GB
390,harpenden,Harpenden,30674,England,Hertfordshire,East of England,51.81684,-0.35706,geonames-GB
391,burgess-hill,Burgess Hill,30635,England,West Sussex,South East,50.95843,-0.13287,geonames-GB
392,beverley,Beverley,30587,England,East Riding of Yorkshire,Yorkshire and the Humber,53.84587,-0.42332,geonames-GB
393,spalding,Spalding,30556,England,Lincolnshire,East Midlands,52.78709,-0.15141,geonames-GB
394,stratford-upon-avon,Stratford-upon-Avon,30495,England,Warwickshire,West Midlands,52.19166,-1.70734,geonames-GB
395,winsford,Winsford,30259,England,Cheshire West and Chester,North West,53.19146,-2.52398,geonames-GB
396,camberley,Camberley,30155,England,Surrey,South East,51.33705,-0.74261,geonames-GB
397,wishaw,Wishaw,30050,Scotland,North Lanarkshire,West Central Scotland,55.76667,-3.91667,geonames-GB
398,radcliffe,Radcliffe,29950,England,Bury,North West,53.56178,-2.32455,geonames-GB
399,hucknall,Hucknall,29728,England,Nottinghamshire,East Midlands,53.03333,-1.2,geonames-GB
400,egham,Egham,29663,England,Surrey,South East,51.43158,-0.55239,geonames-GB
401,stanford-le-hope,Stanford-le-Hope,29525,England,Thurrock,East of England,51.52274,0.43422,geonames-GB
402,sevenoaks,Sevenoaks,29506,England,Kent,South East,51.27266,0.18883,geonames-GB
403,kidsgrove,Kidsgrove,29480,England,Staffordshire,West Midlands,53.08691,-2.23777,geonames-GB
404,jarrow,Jarrow,29470,England,South Tyneside,North East,54.98036,-1.48423,geonames-GB
405,didcot,Didcot,29341,England,Oxfordshire,South East,51.60928,-1.24214,geonames-GB
406,nelson,Nelson,29317,England,Lancashire,North West,53.83333,-2.2,geonames-GB
407,colwyn-bay,Colwyn Bay,29275,Wales,Conwy,Wales,53.29483,-3.72674,geonames-GB
408,burntwood,Burntwood,29244,England,Staffordshire,West Midlands,52.68075,-1.92759,geonames-GB
409,kendal,Kendal,29147,England,Cumbria,North West,54.32681,-2.74757,geonames-GB
410,consett,Consett,29137,England,County Durham,North East,54.85404,-1.8316,geonames-GB
411,witney,Witney,29103,England,Oxfordshire,South East,51.7836,-1.4854,geonames-GB
412,heswall,Heswall,29075,England,Wirral,North West,53.32733,-3.09648,geonames-GB
413,cheadle-hulme,Cheadle Hulme,28952,England,Stockport,North West,53.3761,-2.1897,geonames-GB
414,bideford,Bideford,28672,England,Devon,South West,51.01678,-4.20832,geonames-GB
415,rochester,Rochester,28671,England,Medway,South East,51.38764,0.50546,geonames-GB
416,shipley,Shipley,28544,England,Bradford,Yorkshire and the Humber,53.83333,-1.76667,geonames-GB
417,bearsden,Bearsden,28470,Scotland,East Dunbartonshire,West Central Scotland,55.91536,-4.33279,geonames-GB
418,wood-green,Wood Green,28453,England,Greater London,London,51.6,-0.11667,geonames-GB
419,bushey,Bushey,28416,England,Hertfordshire,East of England,51.64316,-0.36053,geonames-GB
420,newton-mearns,Newton Mearns,28210,Scotland,East Renfrewshire,West Central Scotland,55.77334,-4.33339,geonames-GB
421,daventry,Daventry,28123,England,West Northamptonshire,East Midlands,52.25688,-1.16066,geonames-GB
422,brierley-hill,Brierley Hill,28000,England,Dudley,West Midlands,52.48173,-2.12139,geonames-GB
423,sunbury-on-thames,Sunbury-on-Thames,27784,England,Surrey,South East,51.40424,-0.41817,geonames-GB
424,melton-mowbray,Melton Mowbray,27737,England,Leicestershire,East Midlands,52.76588,-0.88693,geonames-GB
425,evesham,Evesham,27684,England,Worcestershire,West Midlands,52.09237,-1.94887,geonames-GB
426,ashington,Ashington,27670,England,Northumberland,North East,55.17719,-1.56412,geonames-GB
427,kirkby-in-ashfield,Kirkby in Ashfield,27539,England,Nottinghamshire,East Midlands,53.09982,-1.24379,geonames-GB
428,wickford,Wickford,27535,England,Essex,East of England,51.61101,0.52331,geonames-GB
429,burngreave,Burngreave,27481,England,Sheffield,Yorkshire and the Humber,53.39302,-1.45789,geonames-GB
430,denton,Denton,27464,England,Tameside,North West,53.45678,-2.11822,geonames-GB
431,cleckheaton,Cleckheaton,27393,England,Kirklees,Yorkshire and the Humber,53.72405,-1.71294,geonames-GB
432,ashford,Ashford,27382,England,Surrey,South East,51.43173,-0.45761,geonames-GB
433,longton,Longton,27214,England,Stoke-on-Trent,West Midlands,52.98333,-2.13333,geonames-GB
434,haverhill,Haverhill,27041,England,Suffolk,East of England,52.08226,0.43891,geonames-GB
435,maghull,Maghull,26997,England,Sefton,North West,53.51619,-2.94117,geonames-GB
436,aldridge,Aldridge,26896,England,Walsall,West Midlands,52.60549,-1.91715,geonames-GB
437,stalybridge,Stalybridge,26830,England,Tameside,North West,53.48414,-2.05908,geonames-GB
438,east-grinstead,East Grinstead,26523,England,West Sussex,South East,51.12382,-0.0061,geonames-GB
439,flint,Flint,26442,Wales,Flintshire,Wales,53.24488,-3.13231,geonames-GB
440,newton-aycliffe,Newton Aycliffe,26415,England,County Durham,North East,54.61842,-1.5719,geonames-GB
441,ashton-in-makerfield,Ashton in Makerfield,26380,England,St. Helens,North West,53.48333,-2.65,geonames-GB
442,portishead,Portishead,26355,England,North Somerset,South West,51.48199,-2.76973,geonames-GB
443,westhoughton,Westhoughton,26260,England,Bolton,North West,53.54899,-2.52464,geonames-GB
444,fleetwood,Fleetwood,26232,England,Lancashire,North West,53.92527,-3.01085,geonames-GB
445,frome,Frome,26203,England,Somerset,South West,51.22834,-2.32211,geonames-GB
446,congleton,Congleton,26178,England,Cheshire East,North West,53.16314,-2.21253,geonames-GB
447,rugeley,Rugeley,26156,England,Staffordshire,West Midlands,52.7593,-1.93694,geonames-GB
448,bishop-auckland,Bishop Auckland,26050,England,County Durham,North East,54.65554,-1.67706,geonames-GB
449,rhyl,Rhyl,25874,Wales,Denbighshire,Wales,53.31929,-3.49228,geonames-GB
450,hertford,Hertford,25847,England,Hertfordshire,East of England,51.79588,-0.07854,geonames-GB
451,wilmslow,Wilmslow,25725,England,Cheshire East,North West,53.32803,-2.23148,geonames-GB
452,staveley,Staveley,25719,England,Derbyshire,East Midlands,53.26667,-1.35,geonames-GB
453,farnworth,Farnworth,25680,England,Bolton,North West,53.55,-2.4,geonames-GB
454,clydebank,Clydebank,25620,Scotland,West Dunbartonshire,West Central Scotland,55.90137,-4.4057,geonames-GB
455,new-milton,New Milton,25546,England,Hampshire,South East,50.75601,-1.6658,geonames-GB
456,crowthorne,Crowthorne,25522,England,Bracknell Forest,South East,51.37027,-0.79219,geonames-GB
457,hawarden,Hawarden,25513,Wales,Flintshire,Wales,53.18478,-3.02578,geonames-GB
458,thatcham,Thatcham,25464,England,West Berkshire,South East,51.40366,-1.26049,geonames-GB
459,saddleworth,Saddleworth,25441,England,Oldham,North West,53.54846,-2.00455,geonames-GB
460,rickmansworth,Rickmansworth,25413,England,Hertfordshire,East of England,51.63898,-0.47718,geonames-GB
461,pudsey,Pudsey,25393,England,Leeds,Yorkshire and the Humber,53.79538,-1.66134,geonames-GB
462,rhosllannerchrugog,Rhosllannerchrugog,25362,Wales,Wrexham,Wales,53.00974,-3.05814,geonames-GB
463,witham,Witham,25353,England,Essex,East of England,51.80007,0.64038,geonames-GB
464,elgin,Elgin,25040,Scotland,Moray,North East Scotland,57.64947,-3.31843,geonames-GB
465,hindley,Hindley,25001,England,Wigan,North West,53.53333,-2.58333,geonames-GB
466,pitsea,Pitsea,25000,England,Essex,East of England,51.56387,0.50859,geonames-GB
467,skegness,Skegness,24876,England,Lincolnshire,East Midlands,53.14362,0.3363,geonames-GB
468,herne-bay,Herne Bay,24875,England,Kent,South East,51.373,1.12857,geonames-GB
469,selby,Selby,24859,England,North Yorkshire,Yorkshire and the Humber,53.78333,-1.06667,geonames-GB
470,thetford,Thetford,24833,England,Norfolk,East of England,52.41667,0.75,geonames-GB
471,market-harborough,Market Harborough,24779,England,Leicestershire,East Midlands,52.4776,-0.92053,geonames-GB
472,newton-le-willows,Newton-le-Willows,24642,England,St. Helens,North West,53.45,-2.6,geonames-GB
473,vale-of-leven,Vale of Leven,24640,Scotland,West Dunbartonshire,West Central Scotland,55.97132,-4.57928,geonames-GB
474,felixstowe,Felixstowe,24521,England,Suffolk,East of England,51.96375,1.3511,geonames-GB
475,st-austell,St Austell,24360,England,Cornwall,South West,50.3425,-4.77442,geonames-GB
476,renfrew,Renfrew,24270,Scotland,Renfrewshire,West Central Scotland,55.87197,-4.39253,geonames-GB
477,plymstock,Plymstock,24103,England,Plymouth,South West,50.35999,-4.09049,geonames-GB
478,ormskirk,Ormskirk,24073,England,Lancashire,North West,53.56685,-2.88178,geonames-GB
479,golborne,Golborne,24021,England,Wigan,North West,53.47693,-2.59651,geonames-GB
480,gosforth,Gosforth,23975,England,Newcastle upon Tyne,North East,55.0,-1.61667,geonames-GB
481,huntingdon,Huntingdon,23937,England,Cambridgeshire,East of England,52.33049,-0.18651,geonames-GB
482,sudbury,Sudbury,23912,England,Suffolk,East of England,52.0389,0.73117,geonames-GB
483,oadby,Oadby,23849,England,Leicestershire,East Midlands,52.60621,-1.08354,geonames-GB
484,droitwich,Droitwich,23834,England,Worcestershire,West Midlands,52.26667,-2.15,geonames-GB
485,ammanford,Ammanford,23709,Wales,Carmarthenshire,Wales,51.79279,-3.98833,geonames-GB
486,yate,Yate,23703,England,South Gloucestershire,South West,51.54074,-2.41839,geonames-GB
487,droylsden,Droylsden,23689,England,Tameside,North West,53.48005,-2.14543,geonames-GB
488,bishopbriggs,Bishopbriggs,23680,Scotland,East Dunbartonshire,West Central Scotland,55.90669,-4.21869,geonames-GB
489,arbroath,Arbroath,23640,Scotland,Angus,East and Central Scotland,56.56317,-2.58736,geonames-GB
490,musselburgh,Musselburgh,23620,Scotland,East Lothian,South East Scotland,55.9417,-3.04991,geonames-GB
491,bathgate,Bathgate,23600,Scotland,West Lothian,South East Scotland,55.90204,-3.64398,geonames-GB
492,whitefield,Whitefield,23545,England,Bury,North West,53.55,-2.3,geonames-GB
493,lofthouse,Lofthouse,23458,England,Leeds,Yorkshire and the Humber,53.72947,-1.49697,geonames-GB
494,penarth,Penarth,23437,Wales,Vale of Glamorgan,Wales,51.4386,-3.17342,geonames-GB
495,belper,Belper,23417,England,Derbyshire,East Midlands,53.0233,-1.48119,geonames-GB
496,hailsham,Hailsham,23411,England,East Sussex,South East,50.8622,0.25775,geonames-GB
497,maldon,Maldon,23380,England,Essex,East of England,51.7311,0.67463,geonames-GB
498,formby,Formby,23329,England,Sefton,North West,53.55838,-3.06999,geonames-GB
499,burnham-on-sea,Burnham-on-Sea,23325,England,Somerset,South West,51.23862,-2.9978,geonames-GB
500,broadstairs,Broadstairs,23283,England,Kent,South East,51.35845,1.44185,geonames-GB
501,heanor,Heanor,23122,England,Derbyshire,East Midlands,53.01372,-1.35383,geonames-GB
502,chapeltown,Chapeltown,23056,England,Sheffield,Yorkshire and the Humber,53.46506,-1.47217,geonames-GB
503,truro,Truro,23041,England,Cornwall,South West,50.26526,-5.05436,geonames-GB
504,faversham,Faversham,23024,England,Kent,South East,51.3148,0.88856,geonames-GB
505,rawtenstall,Rawtenstall,23000,England,Lancashire,North West,53.70076,-2.28442,geonames-GB
506,litherland,Litherland,22971,England,Sefton,North West,53.46993,-2.99809,geonames-GB
507,whitehaven,Whitehaven,22945,England,Cumbria,North West,54.54897,-3.58412,geonames-GB
508,swinton,Swinton,22931,England,Salford,North West,53.5,-2.35,geonames-GB
509,waltham-abbey,Waltham Abbey,22858,England,Essex,East of England,51.687,-0.00421,geonames-GB
510,royton,Royton,22848,England,Oldham,North West,53.56507,-2.12267,geonames-GB
511,walton-on-thames,Walton-on-Thames,22834,England,Surrey,South East,51.38678,-0.41319,geonames-GB
512,wellington,Wellington,22816,England,Telford and Wrekin,West Midlands,52.7,-2.51667,geonames-GB
513,godalming,Godalming,22689,England,Surrey,South East,51.1858,-0.61489,geonames-GB
514,bartley-green,Bartley Green,22670,England,Birmingham,West Midlands,52.43532,-1.99707,geonames-GB
515,potters-bar,Potters Bar,22639,England,Hertfordshire,East of England,51.69353,-0.17835,geonames-GB
516,seaford,Seaford,22584,England,East Sussex,South East,50.77141,0.10268,geonames-GB
517,alfreton,Alfreton,22550,England,Derbyshire,East Midlands,53.09766,-1.38376,geonames-GB
518,south-ockendon,South Ockendon,22440,England,Thurrock,East of England,51.50799,0.28333,geonames-GB
519,kenilworth,Kenilworth,22413,England,Warwickshire,West Midlands,52.34958,-1.58276,geonames-GB
520,seaham,Seaham,22373,England,County Durham,North East,54.83903,-1.34575,geonames-GB
521,thornaby-on-tees,Thornaby-on-Tees,22356,England,Stockton-on-Tees,North East,54.53333,-1.3,geonames-GB
522,tiverton,Tiverton,22291,England,Devon,South West,50.90241,-3.49232,geonames-GB
523,retford,Retford,22023,England,Nottinghamshire,East Midlands,53.32213,-0.94315,geonames-GB
524,atherton,Atherton,22000,England,Wigan,North West,53.52371,-2.49354,geonames-GB
525,berkhamsted,Berkhamsted,21997,England,Hertfordshire,East of England,51.7604,-0.56528,geonames-GB
526,ossett,Ossett,21861,England,Wakefield,Yorkshire and the Humber,53.67978,-1.58006,geonames-GB
527,swanley,Swanley,21839,England,Kent,South East,51.39717,0.17321,geonames-GB
528,reigate,Reigate,21820,England,Surrey,South East,51.23736,-0.20582,geonames-GB
529,rottingdean,Rottingdean,21756,England,Brighton and Hove,South East,50.80984,-0.05939,geonames-GB
530,amersham,Amersham,21731,England,Buckinghamshire,South East,51.66667,-0.61667,geonames-GB
531,crowborough,Crowborough,21688,England,East Sussex,South East,51.06098,0.16342,geonames-GB
532,garston,Garston,21403,England,Liverpool,North West,53.33333,-2.9,geonames-GB
533,speke,Speke,21403,England,Liverpool,North West,53.34071,-2.841,geonames-GB
534,darton,Darton,21345,England,Barnsley,Yorkshire and the Humber,53.58705,-1.52676,geonames-GB
535,hebburn,Hebburn,21345,England,South Tyneside,North East,54.97302,-1.51546,geonames-GB
536,workington,Workington,21275,England,Cumbria,North West,54.6425,-3.54413,geonames-GB
537,horley,Horley,21232,England,Surrey,South East,51.17423,-0.15919,geonames-GB
538,dukinfield,Dukinfield,21155,England,Tameside,North West,53.47497,-2.08809,geonames-GB
539,dronfield,Dronfield,21124,England,Derbyshire,East Midlands,53.30221,-1.47507,geonames-GB
540,ripley,Ripley,21097,England,Derbyshire,East Midlands,53.03333,-1.4,geonames-GB
541,march,March,21051,England,Cambridgeshire,East of England,52.55131,0.08828,geonames-GB
542,stowmarket,Stowmarket,21028,England,Suffolk,East of England,52.18893,0.99774,geonames-GB
543,clevedon,Clevedon,21002,England,North Somerset,South West,51.44227,-2.85786,geonames-GB
544,maesteg,Maesteg,21001,Wales,Bridgend,Wales,51.60926,-3.65823,geonames-GB
545,guiseley,Guiseley,21000,England,Leeds,Yorkshire and the Humber,53.87561,-1.71232,geonames-GB
546,bordon,Bordon,20978,England,Hampshire,South East,51.11357,-0.86245,geonames-GB
547,caterham,Caterham,20957,England,Surrey,South East,51.2823,-0.07889,geonames-GB
548,goole,Goole,20810,England,East Riding of Yorkshire,Yorkshire and the Humber,53.70324,-0.87732,geonames-GB
549,sandhurst,Sandhurst,20803,England,Bracknell Forest,South East,51.34675,-0.78655,geonames-GB
550,harwich,Harwich,20723,England,Essex,East of England,51.94194,1.28437,geonames-GB
551,chesham,Chesham,20649,England,Buckinghamshire,South East,51.7,-0.6,geonames-GB
552,gerrards-cross,Gerrards Cross,20633,England,Buckinghamshire,South East,51.5861,-0.55543,geonames-GB
553,stamford,Stamford,20592,England,Lincolnshire,East Midlands,52.65,-0.48333,geonames-GB
554,stourport-on-severn,Stourport-on-Severn,20586,England,Worcestershire,West Midlands,52.33976,-2.28034,geonames-GB
555,gorseinon,Gorseinon,20581,Wales,Swansea,Wales,51.66931,-4.04163,geonames-GB
556,ely,Ely,20574,England,Cambridgeshire,East of England,52.39964,0.26196,geonames-GB
557,failsworth,Failsworth,20555,England,Oldham,North West,53.50484,-2.16568,geonames-GB
558,nailsea,Nailsea,20543,England,North Somerset,South West,51.43239,-2.75847,geonames-GB
559,gainsborough,Gainsborough,20537,England,Lincolnshire,East Midlands,53.38333,-0.76667,geonames-GB
560,hythe-hampshire,Hythe,20526,England,Hampshire,South East,50.86004,-1.40162,geonames-GB
561,camborne,Camborne,20450,England,Cornwall,South West,50.21306,-5.29731,geonames-GB
562,risca,Risca,20443,Wales,Caerphilly,Wales,51.60799,-3.10081,geonames-GB
563,halewood,Halewood,20430,England,Knowsley,North West,53.3596,-2.83148,geonames-GB
564,alloa,Alloa,20390,Scotland,Clackmannanshire,East and Central Scotland,56.11586,-3.78997,geonames-GB
565,newmarket,Newmarket,20384,England,Suffolk,East of England,52.24467,0.40418,geonames-GB
566,tewkesbury,Tewkesbury,20360,England,Gloucestershire,South West,51.99244,-2.1601,geonames-GB
567,yateley,Yateley,20334,England,Hampshire,South East,51.34305,-0.82985,geonames-GB
568,wednesbury,Wednesbury,20313,England,Sandwell,West Midlands,52.5514,-2.02355,geonames-GB
569,peterlee,Peterlee,20300,England,County Durham,North East,54.76032,-1.33649,geonames-GB
570,cirencester,Cirencester,20229,England,Gloucestershire,South West,51.71927,-1.97145,geonames-GB
571,newquay,Newquay,20189,England,Cornwall,South West,50.41557,-5.07319,geonames-GB
572,hazel-grove,Hazel Grove,20170,England,Stockport,North West,53.38333,-2.11667,geonames-GB
573,colne,Colne,20118,England,Lancashire,North West,53.85713,-2.16851,geonames-GB
574,chalfont-saint-peter,Chalfont Saint Peter,20059,England,Buckinghamshire,South East,51.60885,-0.55618,geonames-GB
575,buxton,Buxton,20048,England,Derbyshire,East Midlands,53.25741,-1.90982,geonames-GB
576,ampthill,Ampthill,20026,England,Central Bedfordshire,East of England,52.02694,-0.49567,geonames-GB
577,bowthorpe,Bowthorpe,20000,England,Norfolk,East of England,52.63884,1.21885,geonames-GB
578,kempston-hardwick,Kempston Hardwick,20000,England,Bedford,East of England,52.08956,-0.49908,geonames-GB
579,kingswinford,Kingswinford,20000,England,Dudley,West Midlands,52.49755,-2.16889,geonames-GB
580,portslade,Portslade,20000,England,Brighton and Hove,South East,50.84286,-0.21608,geonames-GB
581,dumbarton,Dumbarton,19950,Scotland,West Dunbartonshire,West Central Scotland,55.94433,-4.57061,geonames-GB
582,poulton-le-fylde,Poulton-le-Fylde,19914,England,Lancashire,North West,53.83333,-2.98333,geonames-GB
583,brough,Brough,19904,England,East Riding of Yorkshire,Yorkshire and the Humber,53.72861,-0.57215,geonames-GB
584,kempston,Kempston,19873,England,Bedford,East of England,52.11599,-0.50044,geonames-GB
585,penzance,Penzance,19872,England,Cornwall,South West,50.11861,-5.53715,geonames-GB
586,dinnington,Dinnington,19860,England,Rotherham,Yorkshire and the Humber,53.36667,-1.2,geonames-GB
587,bellshill,Bellshill,19700,Scotland,North Lanarkshire,West Central Scotland,55.81667,-4.01667,geonames-GB
588,kirkintilloch,Kirkintilloch,19630,Scotland,East Dunbartonshire,West Central Scotland,55.93933,-4.15262,geonames-GB
589,keynsham,Keynsham,19603,England,Bath and North East Somerset,South West,51.41387,-2.4978,geonames-GB
590,earl-shilton,Earl Shilton,19578,England,Leicestershire,East Midlands,52.57682,-1.31536,geonames-GB
591,adwick-le-street,Adwick le Street,19481,England,Doncaster,Yorkshire and the Humber,53.57077,-1.18454,geonames-GB
592,weybridge,Weybridge,19463,England,Surrey,South East,51.37178,-0.45975,geonames-GB
593,irlam,Irlam,19442,England,Salford,North West,53.44253,-2.42323,geonames-GB
594,alton,Alton,19425,England,Hampshire,South East,51.14931,-0.97469,geonames-GB
595,liversedge,Liversedge,19420,England,Kirklees,Yorkshire and the Humber,53.70514,-1.69327,geonames-GB
596,leek,Leek,19385,England,Staffordshire,West Midlands,53.10434,-2.02207,geonames-GB
597,melksham,Melksham,19357,England,Wiltshire,South West,51.37281,-2.14002,geonames-GB
598,horsforth,Horsforth,19350,England,Leeds,Yorkshire and the Humber,53.8426,-1.63754,geonames-GB
599,clydach,Clydach,19307,Wales,Swansea,Wales,51.68333,-3.9,geonames-GB
600,east-dereham,East Dereham,19256,England,Norfolk,East of England,52.68333,0.93333,geonames-GB
601,great-wyrley,Great Wyrley,19193,England,Staffordshire,West Midlands,52.66277,-2.01111,geonames-GB
602,yarm,Yarm,19184,England,Stockton-on-Tees,North East,54.50364,-1.35793,geonames-GB
603,shoreham-by-sea,Shoreham-by-Sea,19175,England,West Sussex,South East,50.83413,-0.27431,geonames-GB
604,prestatyn,Prestatyn,19085,Wales,Denbighshire,Wales,53.33748,-3.40776,geonames-GB
605,peterhead,Peterhead,19060,Scotland,Aberdeenshire,North East Scotland,57.50517,-1.78435,geonames-GB
606,humberstone,Humberstone,18854,England,Leicester,East Midlands,52.64738,-1.08647,geonames-GB
607,south-elmsall,South Elmsall,18835,England,Wakefield,Yorkshire and the Humber,53.59709,-1.28034,geonames-GB
608,mirfield,Mirfield,18800,England,Kirklees,Yorkshire and the Humber,53.67343,-1.69636,geonames-GB
609,emsworth,Emsworth,18777,England,Hampshire,South East,50.84779,-0.93697,geonames-GB
610,aberystwyth,Aberystwyth,18749,Wales,Ceredigion,Wales,52.41548,-4.08292,geonames-GB
611,oswestry,Oswestry,18743,England,Shropshire,West Midlands,52.86195,-3.05497,geonames-GB
612,horwich,Horwich,18696,England,Bolton,North West,53.60126,-2.54975,geonames-GB
613,lancing,Lancing,18692,England,West Sussex,South East,50.82882,-0.32247,geonames-GB
614,eastwood,Eastwood,18612,England,Nottinghamshire,East Midlands,53.0,-1.3,geonames-GB
615,peacehaven,Peacehaven,18579,England,East Sussex,South East,50.7927,-0.00652,geonames-GB
616,east-molesey,East Molesey,18565,England,Surrey,South East,51.39872,-0.34916,geonames-GB
617,west-molesey,West Molesey,18565,England,Surrey,South East,51.39985,-0.37997,geonames-GB
618,rawmarsh,Rawmarsh,18498,England,Rotherham,Yorkshire and the Humber,53.46062,-1.34437,geonames-GB
619,bedlington,Bedlington,18470,England,Northumberland,North East,55.13061,-1.59319,geonames-GB
620,uckfield,Uckfield,18452,England,East Sussex,South East,50.96948,0.09589,geonames-GB
621,saint-andrews,Saint Andrews,18410,Scotland,Fife,East and Central Scotland,56.33871,-2.79902,geonames-GB
622,mansfield-woodhouse,Mansfield Woodhouse,18330,England,Nottinghamshire,East Midlands,53.16495,-1.19384,geonames-GB
623,bangor,Bangor,18322,Wales,Gwynedd,Wales,53.22752,-4.12936,geonames-GB
624,bonnyrigg,Bonnyrigg,18320,Scotland,Midlothian,South East Scotland,55.87329,-3.1051,geonames-GB
625,hadleigh,Hadleigh,18300,England,Essex,East of England,51.55269,0.60983,geonames-GB
626,marlow,Marlow,18261,England,Buckinghamshire,South East,51.56933,-0.77415,geonames-GB
627,fulwood,Fulwood,18233,England,Sheffield,Yorkshire and the Humber,53.35,-1.55,geonames-GB
628,chapel-allerton,Chapel Allerton,18206,England,Leeds,Yorkshire and the Humber,53.82901,-1.53834,geonames-GB
629,heckmondwike,Heckmondwike,18149,England,Kirklees,Yorkshire and the Humber,53.70646,-1.67747,geonames-GB
630,brymbo,Brymbo,18111,Wales,Wrexham,Wales,53.06667,-3.06667,geonames-GB
631,bingley,Bingley,18040,England,Bradford,Yorkshire and the Humber,53.84861,-1.83857,geonames-GB
632,dalserf,Dalserf,17985,Scotland,South Lanarkshire,West Central Scotland,55.73333,-3.91667,geonames-GB
633,hedge-end,Hedge End,17978,England,Hampshire,South East,50.91234,-1.30076,geonames-GB
634,sandbach,Sandbach,17976,England,Cheshire East,North West,53.14515,-2.36251,geonames-GB
635,new-mills,New Mills,17968,England,Derbyshire,East Midlands,53.36592,-1.99986,geonames-GB
636,ascot,Ascot,17899,England,Windsor and Maidenhead,South East,51.41082,-0.6748,geonames-GB
637,barrhead,Barrhead,17890,Scotland,East Renfrewshire,West Central Scotland,55.79916,-4.39285,geonames-GB
638,glossop,Glossop,17825,England,Derbyshire,East Midlands,53.44325,-1.949,geonames-GB
639,spennymoor,Spennymoor,17766,England,County Durham,North East,54.6988,-1.60229,geonames-GB
640,dorking,Dorking,17747,England,Surrey,South East,51.23228,-0.3338,geonames-GB
641,amersham-on-the-hill,Amersham on the Hill,17719,England,Buckinghamshire,South East,51.67468,-0.60742,geonames-GB
642,moreton,Moreton,17670,England,Wirral,North West,53.4,-3.11667,geonames-GB
643,biddulph,Biddulph,17669,England,Staffordshire,West Midlands,53.11724,-2.17584,geonames-GB
644,bishopstoke,Bishopstoke,17667,England,Hampshire,South East,50.96643,-1.32832,geonames-GB
645,ferndown,Ferndown,17650,England,Dorset,South West,50.80743,-1.89975,geonames-GB
646,ware,Ware,17576,England,Hertfordshire,East of England,51.81058,-0.02875,geonames-GB
647,maltby,Maltby,17513,England,Rotherham,Yorkshire and the Humber,53.41667,-1.2,geonames-GB
648,warminster,Warminster,17490,England,Wiltshire,South West,51.20434,-2.17873,geonames-GB
649,walton-on-the-naze,Walton-on-the-Naze,17458,England,Essex,East of England,51.84819,1.26738,geonames-GB
650,louth,Louth,17382,England,Lincolnshire,East Midlands,53.36664,-0.00438,geonames-GB
651,gelligaer,Gelligaer,17376,Wales,Caerphilly,Wales,51.66444,-3.25611,geonames-GB
652,sleaford,Sleaford,17359,England,Lincolnshire,East Midlands,52.99826,-0.40941,geonames-GB
653,haydock,Haydock,17333,England,St. Helens,North West,53.46723,-2.68166,geonames-GB
654,lewes,Lewes,17297,England,East Sussex,South East,50.87398,0.0088,geonames-GB
655,mountsorrel,Mountsorrel,17297,England,Leicestershire,East Midlands,52.71667,-1.15,geonames-GB
656,thorne,Thorne,17295,England,Doncaster,Yorkshire and the Humber,53.61122,-0.96308,geonames-GB
657,haslemere,Haslemere,17279,England,Surrey,South East,51.09015,-0.70785,geonames-GB
658,calne,Calne,17274,England,Wiltshire,South West,51.43879,-2.00571,geonames-GB
659,evington,Evington,17268,England,Leicestershire,East Midlands,52.6,-1.06667,geonames-GB
660,nantwich,Nantwich,17226,England,Cheshire East,North West,53.06878,-2.52051,geonames-GB
661,bramhall,Bramhall,17195,England,Stockport,North West,53.35801,-2.16539,geonames-GB
662,glen-parva,Glen Parva,17189,England,Leicestershire,East Midlands,52.58527,-1.17062,geonames-GB
663,primrose-place,Primrose Place,17161,England,Cambridgeshire,East of England,52.56061,-0.10887,geonames-GB
664,romsey,Romsey,17161,England,Hampshire,South East,50.98906,-1.49989,geonames-GB
665,blantyre,Blantyre,17090,Scotland,South Lanarkshire,West Central Scotland,55.79634,-4.09485,geonames-GB
666,ramsbottom,Ramsbottom,17067,England,Bury,North West,53.64789,-2.31683,geonames-GB
667,bredbury,Bredbury,17040,England,Stockport,North West,53.41667,-2.11667,geonames-GB
668,heysham,Heysham,17016,England,Lancashire,North West,54.04367,-2.89322,geonames-GB
669,westbury,Westbury,16989,England,Wiltshire,South West,51.26,-2.1875,geonames-GB
670,guisborough,Guisborough,16979,England,Redcar and Cleveland,North East,54.53478,-1.05606,geonames-GB
671,wath-upon-dearne,Wath upon Dearne,16964,England,Rotherham,Yorkshire and the Humber,53.50291,-1.3458,geonames-GB
672,frinton-on-sea,Frinton-on-Sea,16941,England,Essex,East of England,51.83061,1.24424,geonames-GB
673,bodmin,Bodmin,16909,England,Cornwall,South West,50.47151,-4.7243,geonames-GB
674,dorchester,Dorchester,16879,England,Dorset,South West,50.71667,-2.43333,geonames-GB
675,braunstone,Braunstone,16850,England,Leicestershire,East Midlands,52.61835,-1.17904,geonames-GB
676,devizes,Devizes,16834,England,Wiltshire,South West,51.35084,-1.99421,geonames-GB
677,northallerton,Northallerton,16832,England,North Yorkshire,Yorkshire and the Humber,54.33901,-1.43243,geonames-GB
678,saint-ives,Saint Ives,16815,England,Cambridgeshire,East of England,52.33251,-0.07656,geonames-GB
679,longfield,Longfield,16808,England,Kent,South East,51.3969,0.30212,geonames-GB
680,high-blantyre,High Blantyre,16739,Scotland,South Lanarkshire,West Central Scotland,55.78438,-4.10007,geonames-GB
681,rochford,Rochford,16739,England,Essex,East of England,51.58198,0.70673,geonames-GB
682,cobham,Cobham,16724,England,Surrey,South East,51.32997,-0.4113,geonames-GB
683,hale,Hale,16715,England,Trafford,North West,53.37831,-2.33271,geonames-GB
684,penrith,Penrith,16700,England,Cumbria,North West,54.66579,-2.75757,geonames-GB
685,brixham,Brixham,16693,England,Torbay,South West,50.39431,-3.51585,geonames-GB
686,whickham,Whickham,16625,England,Gateshead,North East,54.94561,-1.67635,geonames-GB
687,saffron-walden,Saffron Walden,16610,England,Essex,East of England,52.02337,0.24234,geonames-GB
688,biggleswade,Biggleswade,16551,England,Central Bedfordshire,East of England,52.08652,-0.26493,geonames-GB
689,cowley,Cowley,16500,England,Oxfordshire,South East,51.73213,-1.20631,geonames-GB
690,fazakerley,Fazakerley,16374,England,Liverpool,North West,53.4614,-2.92863,geonames-GB
691,ripon,Ripon,16363,England,North Yorkshire,Yorkshire and the Humber,54.13579,-1.52826,geonames-GB
692,hartley,Hartley,16302,England,Kent,South East,51.38673,0.30367,geonames-GB
693,penicuik,Penicuik,16150,Scotland,Midlothian,South East Scotland,55.83116,-3.22608,geonames-GB
694,grangemouth,Grangemouth,16120,Scotland,Falkirk,East and Central Scotland,56.01141,-3.72183,geonames-GB
695,kilwinning,Kilwinning,16100,Scotland,North Ayrshire,West Central Scotland,55.65333,-4.70666,geonames-GB
696,ryton,Ryton,16093,England,Shropshire,West Midlands,52.61667,-2.35,geonames-GB
697,viewpark,Viewpark,16020,Scotland,North Lanarkshire,West Central Scotland,55.82737,-4.0573,geonames-GB
698,basford,Basford,16000,England,Nottingham,East Midlands,52.96667,-1.18333,geonames-GB
699,broxburn,Broxburn,15970,Scotland,West Lothian,South East Scotland,55.93415,-3.47133,geonames-GB
700,chertsey,Chertsey,15967,England,Surrey,South East,51.38812,-0.50782,geonames-GB
701,kippax,Kippax,15965,England,Leeds,Yorkshire and the Humber,53.76687,-1.37099,geonames-GB
702,conisbrough,Conisbrough,15934,England,Doncaster,Yorkshire and the Humber,53.48188,-1.23214,geonames-GB
703,johnstone,Johnstone,15930,Scotland,Renfrewshire,West Central Scotland,55.82906,-4.51605,geonames-GB
704,carmarthen,Carmarthen,15854,Wales,Carmarthenshire,Wales,51.85552,-4.30535,geonames-GB
705,hoyland-nether,Hoyland Nether,15842,England,Barnsley,Yorkshire and the Humber,53.5,-1.45,geonames-GB
706,tadley,Tadley,15836,England,Hampshire,South East,51.35045,-1.1285,geonames-GB
707,swanscombe,Swanscombe,15801,England,Kent,South East,51.44713,0.31028,geonames-GB
708,royston,Royston,15781,England,Hertfordshire,East of England,52.04832,-0.02438,geonames-GB
709,fort-william,Fort William,15757,Scotland,Highland,Highlands and Argyll,56.81648,-5.11208,geonames-GB
710,baildon,Baildon,15710,England,Bradford,Yorkshire and the Humber,53.84711,-1.78785,geonames-GB
711,carterton,Carterton,15680,England,Oxfordshire,South East,51.75905,-1.59435,geonames-GB
712,porthcawl,Porthcawl,15672,Wales,Bridgend,Wales,51.47903,-3.70362,geonames-GB
713,elland,Elland,15625,England,Calderdale,Yorkshire and the Humber,53.6851,-1.83878,geonames-GB
714,old-swan,Old Swan,15596,England,Liverpool,North West,53.41392,-2.90889,geonames-GB
715,saltash,Saltash,15566,England,Cornwall,South West,50.40959,-4.22514,geonames-GB
716,wimborne-minster,Wimborne Minster,15552,England,"Bournemouth, Christchurch and Poole",South West,50.78333,-1.98333,geonames-GB
717,allerton,Allerton,15540,England,Liverpool,North West,53.36697,-2.894,geonames-GB
718,erskine,Erskine,15530,Scotland,Renfrewshire,West Central Scotland,55.9005,-4.45028,geonames-GB
719,wombwell,Wombwell,15518,England,Barnsley,Yorkshire and the Humber,53.52189,-1.39698,geonames-GB
720,south-hayling,South Hayling,15485,England,Hampshire,South East,50.78773,-0.97697,geonames-GB
721,blackwood,Blackwood,15476,Wales,Caerphilly,Wales,51.66778,-3.2075,geonames-GB
722,stapleford,Stapleford,15453,England,Nottinghamshire,East Midlands,52.91667,-1.26667,geonames-GB
723,llandudno,Llandudno,15371,Wales,Conwy,Wales,53.32498,-3.83148,geonames-GB
724,neston-wiltshire,Neston,15352,England,Wiltshire,South West,51.41222,-2.20056,geonames-GB
725,haslingden,Haslingden,15204,England,Lancashire,North West,53.70326,-2.32382,geonames-GB
726,blaydon-on-tyne,Blaydon-on-Tyne,15155,England,Gateshead,North East,54.96461,-1.71392,geonames-GB
727,sinfin,Sinfin,15128,England,Derby,East Midlands,52.88157,-1.48681,geonames-GB
728,mexborough,Mexborough,15079,England,Doncaster,Yorkshire and the Humber,53.49389,-1.29243,geonames-GB
729,newport-pagnell,Newport Pagnell,15067,England,Milton Keynes,South East,52.08731,-0.72218,geonames-GB
730,neston,Neston,15064,England,Cheshire West and Chester,North West,53.28333,-3.05,geonames-GB
731,larkhall,Larkhall,15030,Scotland,South Lanarkshire,West Central Scotland,55.73333,-3.96667,geonames-GB
732,cleveleys,Cleveleys,15000,England,Lancashire,North West,53.8775,-3.03987,geonames-GB
733,dursley,Dursley,14992,England,Gloucestershire,South West,51.68139,-2.35333,geonames-GB
734,addlestone,Addlestone,14978,England,Surrey,South East,51.37135,-0.49353,geonames-GB
735,petersfield,Petersfield,14974,England,Hampshire,South East,51.00495,-0.93375,geonames-GB
736,matlock,Matlock,14956,England,Derbyshire,East Midlands,53.13838,-1.5556,geonames-GB
737,troon,Troon,14950,Scotland,South Ayrshire,West Central Scotland,55.54359,-4.66335,geonames-GB
738,teignmouth,Teignmouth,14932,England,Devon,South West,50.54581,-3.49671,geonames-GB
739,brynmawr,Brynmawr,14924,Wales,Blaenau Gwent,Wales,51.8,-3.18333,geonames-GB
740,prestwick,Prestwick,14880,Scotland,South Ayrshire,West Central Scotland,55.48333,-4.61667,geonames-GB
741,lymington,Lymington,14858,England,Hampshire,South East,50.75916,-1.53828,geonames-GB
742,tredegar,Tredegar,14855,Wales,Blaenau Gwent,Wales,51.77251,-3.24679,geonames-GB
743,bromborough,Bromborough,14850,England,Wirral,North West,53.3485,-2.97935,geonames-GB
744,bo-ness,Bo’ness,14840,Scotland,Falkirk,East and Central Scotland,56.01667,-3.61667,geonames-GB
745,garforth,Garforth,14838,England,Leeds,Yorkshire and the Humber,53.79173,-1.38067,geonames-GB
746,portswood,Portswood,14831,England,Southampton,South East,50.92722,-1.39029,geonames-GB
747,hadley,Hadley,14829,England,Telford and Wrekin,West Midlands,52.7,-2.48333,geonames-GB
748,ilkley,Ilkley,14809,England,Bradford,Yorkshire and the Humber,53.92449,-1.82326,geonames-GB
749,clitheroe,Clitheroe,14765,England,Lancashire,North West,53.86667,-2.4,geonames-GB
750,knaresborough,Knaresborough,14740,England,North Yorkshire,Yorkshire and the Humber,54.0091,-1.46851,geonames-GB
751,otley,Otley,14668,England,Leeds,Yorkshire and the Humber,53.90553,-1.69383,geonames-GB
752,inverurie,Inverurie,14660,Scotland,Aberdeenshire,North East Scotland,57.28446,-2.37736,geonames-GB
753,skipton,Skipton,14623,England,North Yorkshire,Yorkshire and the Humber,53.96144,-2.01676,geonames-GB
754,ingleby-greenhow,Ingleby Greenhow,14608,England,North Yorkshire,Yorkshire and the Humber,54.44983,-1.10687,geonames-GB
755,hythe,Hythe,14604,England,Kent,South East,51.0715,1.08421,geonames-GB
756,haverfordwest,Haverfordwest,14596,Wales,Pembrokeshire,Wales,51.80169,-4.96914,geonames-GB
757,clayton-le-woods,Clayton-le-Woods,14528,England,Lancashire,North West,53.69689,-2.66818,geonames-GB
758,prenton,Prenton,14429,England,Wirral,North West,53.36762,-3.05479,geonames-GB
759,llantrisant,Llantrisant,14422,Wales,Rhondda Cynon Taf,Wales,51.54028,-3.37389,geonames-GB
760,morpeth,Morpeth,14403,England,Northumberland,North East,55.16882,-1.68893,geonames-GB
761,hetton-le-hole,Hetton-Le-Hole,14402,England,Sunderland,North East,54.81667,-1.45,geonames-GB
762,llantwit-major,Llantwit Major,14384,Wales,Vale of Glamorgan,Wales,51.4107,-3.48632,geonames-GB
763,mildenhall,Mildenhall,14382,England,Suffolk,East of England,52.34446,0.51086,geonames-GB
764,pinxton,Pinxton,14357,England,Derbyshire,East Midlands,53.09062,-1.31767,geonames-GB
765,knotty-ash,Knotty Ash,14355,England,Liverpool,North West,53.4162,-2.89646,geonames-GB
766,poynton,Poynton,14351,England,Cheshire East,North West,53.35,-2.11667,geonames-GB
767,didsbury,Didsbury,14292,England,Manchester,North West,53.41698,-2.23145,geonames-GB
768,chard,Chard,14287,England,Somerset,South West,50.8727,-2.96597,geonames-GB
769,stone,Stone,14258,England,Staffordshire,West Midlands,52.9059,-2.15409,geonames-GB
770,bishops-cleeve,Bishops Cleeve,14231,England,Gloucestershire,South West,51.94749,-2.06277,geonames-GB
771,port-glasgow,Port Glasgow,14200,Scotland,Inverclyde,West Central Scotland,55.93464,-4.6895,geonames-GB
772,tilbury,Tilbury,14185,England,Thurrock,East of England,51.46248,0.35856,geonames-GB
773,featherstone-staffordshire,Featherstone,14175,England,Staffordshire,West Midlands,52.64483,-2.09315,geonames-GB
774,ringwood,Ringwood,14084,England,Hampshire,South East,50.84541,-1.78871,geonames-GB
775,uttoxeter,Uttoxeter,14014,England,Staffordshire,West Midlands,52.89838,-1.86488,geonames-GB
776,ryhope,Ryhope,14000,England,Sunderland,North East,54.87139,-1.37,geonames-GB
777,whitchurch-cardiff,Whitchurch,13974,Wales,Cardiff,Wales,51.51167,-3.22083,geonames-GB
778,forfar,Forfar,13970,Scotland,Angus,East and Central Scotland,56.64382,-2.89001,geonames-GB
779,bourne,Bourne,13961,England,Lincolnshire,East Midlands,52.76667,-0.38333,geonames-GB
780,beccles,Beccles,13868,England,Suffolk,East of England,52.45936,1.56465,geonames-GB
781,leicester-forest-east,Leicester Forest East,13846,England,Leicestershire,East Midlands,52.62497,-1.21827,geonames-GB
782,west-derby,West Derby,13837,England,Liverpool,North West,53.43279,-2.90963,geonames-GB
783,carluke,Carluke,13810,Scotland,South Lanarkshire,West Central Scotland,55.73595,-3.83019,geonames-GB
784,littleborough,Littleborough,13807,England,Rochdale,North West,53.64413,-2.09581,geonames-GB
785,knottingley,Knottingley,13804,England,Wakefield,Yorkshire and the Humber,53.70778,-1.25639,geonames-GB
786,beaconsfield,Beaconsfield,13797,England,Buckinghamshire,South East,51.61219,-0.64732,geonames-GB
787,pyle,Pyle,13701,Wales,Bridgend,Wales,51.51667,-3.7,geonames-GB
788,abergavenny,Abergavenny,13695,Wales,Monmouthshire,Wales,51.82098,-3.01743,geonames-GB
789,mayfield,Mayfield,13690,Scotland,Midlothian,South East Scotland,55.87172,-3.03875,geonames-GB
790,childwall,Childwall,13640,England,Liverpool,North West,53.39719,-2.897,geonames-GB
791,whiston,Whiston,13629,England,Knowsley,North West,53.41997,-2.78907,geonames-GB
792,kidlington,Kidlington,13600,England,Oxfordshire,South East,51.82166,-1.2886,geonames-GB
793,middlewich,Middlewich,13595,England,Cheshire East,North West,53.19296,-2.44402,geonames-GB
794,milford-haven,Milford Haven,13582,Wales,Pembrokeshire,Wales,51.71278,-5.0341,geonames-GB
795,market-deeping,Market Deeping,13574,England,Lincolnshire,East Midlands,52.67654,-0.31629,geonames-GB
796,kirk-sandall,Kirk Sandall,13572,England,Doncaster,Yorkshire and the Humber,53.56211,-1.06876,geonames-GB
797,wetherby,Wetherby,13572,England,Leeds,Yorkshire and the Humber,53.92836,-1.38672,geonames-GB
798,rosyth,Rosyth,13570,Scotland,Fife,East and Central Scotland,56.03689,-3.438,geonames-GB
799,stoke-gifford,Stoke Gifford,13560,England,South Gloucestershire,South West,51.51686,-2.54053,geonames-GB
800,hawick,Hawick,13512,Scotland,Scottish Borders,South East Scotland,55.42273,-2.78666,geonames-GB
801,wombourne,Wombourne,13511,England,Staffordshire,West Midlands,52.53333,-2.18333,geonames-GB
802,shepshed,Shepshed,13505,England,Leicestershire,East Midlands,52.7657,-1.29021,geonames-GB
803,croxley-green,Croxley Green,13500,England,Hertfordshire,East of England,51.63333,-0.45,geonames-GB
804,blacon,Blacon,13495,England,Cheshire West and Chester,North West,53.20832,-2.9253,geonames-GB
805,ashtead,Ashtead,13494,England,Surrey,South East,51.30873,-0.29972,geonames-GB
806,mossend,Mossend,13480,Scotland,North Lanarkshire,West Central Scotland,55.81667,-4.0,geonames-GB
807,little-hulton,Little Hulton,13469,England,Salford,North West,53.53333,-2.41667,geonames-GB
808,oxted,Oxted,13452,England,Surrey,South East,51.25687,-0.00601,geonames-GB
809,brownhills,Brownhills,13441,England,Walsall,West Midlands,52.63333,-1.93333,geonames-GB
810,oakwood,Oakwood,13419,England,Derby,East Midlands,52.94331,-1.43086,geonames-GB
811,chaddesden,Chaddesden,13413,England,Derby,East Midlands,52.92951,-1.43422,geonames-GB
812,bargoed,Bargoed,13412,Wales,Caerphilly,Wales,51.68333,-3.23333,geonames-GB
813,corsham,Corsham,13369,England,Wiltshire,South West,51.43433,-2.18437,geonames-GB
814,verwood,Verwood,13360,England,Dorset,South West,50.87575,-1.87023,geonames-GB
815,alsager,Alsager,13347,England,Cheshire East,North West,53.09617,-2.30649,geonames-GB
816,broxbourne,Broxbourne,13298,England,Hertfordshire,East of England,51.74712,-0.01923,geonames-GB
817,churchdown,Churchdown,13287,England,Gloucestershire,South West,51.87739,-2.17087,geonames-GB
818,chelmsley-wood,Chelmsley Wood,13278,England,Solihull,West Midlands,52.4781,-1.73813,geonames-GB
819,streetly,Streetly,13251,England,Walsall,West Midlands,52.58333,-1.88333,geonames-GB
820,sheerness,Sheerness,13249,England,Kent,South East,51.44042,0.76252,geonames-GB
821,dingle,Dingle,13246,England,Liverpool,North West,53.37908,-2.96029,geonames-GB
822,bolton-upon-dearne,Bolton upon Dearne,13236,England,Barnsley,Yorkshire and the Humber,53.51667,-1.31667,geonames-GB
823,helensburgh,Helensburgh,13230,Scotland,Argyll and Bute,Highlands and Argyll,56.00614,-4.72648,geonames-GB
824,whitby,Whitby,13213,England,North Yorkshire,Yorkshire and the Humber,54.48774,-0.61498,geonames-GB
825,rustington,Rustington,13210,England,West Sussex,South East,50.81027,-0.50674,geonames-GB
826,knutsford,Knutsford,13191,England,Cheshire East,North West,53.30289,-2.37482,geonames-GB
827,wantage,Wantage,13106,England,Oxfordshire,South East,51.58846,-1.42565,geonames-GB
828,driffield,Driffield,13080,England,East Riding of Yorkshire,Yorkshire and the Humber,54.00613,-0.44495,geonames-GB
829,stocksbridge,Stocksbridge,13069,England,Sheffield,Yorkshire and the Humber,53.48249,-1.59373,geonames-GB
830,bacup,Bacup,13047,England,Lancashire,North West,53.70336,-2.2007,geonames-GB
831,brackley,Brackley,13018,England,West Northamptonshire,East Midlands,52.03333,-1.15,geonames-GB
832,north-walsham,North Walsham,13007,England,Norfolk,East of England,52.82121,1.38746,geonames-GB
833,broadfield,Broadfield,13000,England,West Sussex,South East,51.09714,-0.20664,geonames-GB
834,midsomer-norton,Midsomer Norton,13000,England,Bath and North East Somerset,South West,51.28567,-2.48591,geonames-GB
835,flitwick,Flitwick,12983,England,Central Bedfordshire,East of England,52.00338,-0.49472,geonames-GB
836,marple,Marple,12970,England,Stockport,North West,53.39452,-2.06292,geonames-GB
837,cinderford,Cinderford,12942,England,Gloucestershire,South West,51.82421,-2.4987,geonames-GB
838,woolton,Woolton,12921,England,Liverpool,North West,53.37401,-2.87,geonames-GB
839,armthorpe,Armthorpe,12911,England,Doncaster,Yorkshire and the Humber,53.53518,-1.05341,geonames-GB
840,street,Street,12911,England,Somerset,South West,51.12472,-2.74,geonames-GB
841,buckingham,Buckingham,12890,England,Buckinghamshire,South East,51.99968,-0.98779,geonames-GB
842,chilwell,Chilwell,12864,England,Nottinghamshire,East Midlands,52.9118,-1.23631,geonames-GB
843,nelson-caerphilly,Nelson,12857,Wales,Caerphilly,Wales,51.65333,-3.28444,geonames-GB
844,newhaven,Newhaven,12854,England,East Sussex,South East,50.79693,0.05545,geonames-GB
845,linlithgow,Linlithgow,12840,Scotland,West Lothian,South East Scotland,55.97639,-3.60364,geonames-GB
846,milngavie,Milngavie,12840,Scotland,East Dunbartonshire,West Central Scotland,55.94071,-4.32311,geonames-GB
847,whittlesey,Whittlesey,12745,England,Cambridgeshire,East of England,52.55804,-0.13016,geonames-GB
848,newport,Newport,12741,England,Telford and Wrekin,West Midlands,52.76684,-2.37734,geonames-GB
849,frimley,Frimley,12739,England,Surrey,South East,51.31667,-0.74544,geonames-GB
850,hurstpierpoint,Hurstpierpoint,12730,England,West Sussex,South East,50.93388,-0.18007,geonames-GB
851,armadale,Armadale,12720,Scotland,West Lothian,South East Scotland,55.88333,-3.7,geonames-GB
852,dalkeith,Dalkeith,12720,Scotland,Midlothian,South East Scotland,55.89317,-3.06806,geonames-GB
853,portland,Portland,12710,England,Dorset,South West,50.56748,-2.44472,geonames-GB
854,tavistock,Tavistock,12675,England,Devon,South West,50.54944,-4.14418,geonames-GB
855,bridgnorth,Bridgnorth,12657,England,Shropshire,West Midlands,52.53661,-2.42033,geonames-GB
856,lees,Lees,12630,England,Oldham,North West,53.53794,-2.07302,geonames-GB
857,batchworth,Batchworth,12600,England,Hertfordshire,East of England,51.63402,-0.46421,geonames-GB
858,fraserburgh,Fraserburgh,12570,Scotland,Aberdeenshire,North East Scotland,57.68744,-2.01844,geonames-GB
859,sidmouth,Sidmouth,12569,England,Devon,South West,50.69094,-3.2397,geonames-GB
860,mablethorpe,Mablethorpe,12531,England,Lincolnshire,East Midlands,53.3409,0.26102,geonames-GB
861,burnham,Burnham,12500,England,Buckinghamshire,South East,51.53534,-0.66579,geonames-GB
862,hartshill,Hartshill,12479,England,Warwickshire,West Midlands,52.54831,-1.52221,geonames-GB
863,ashby-de-la-zouch,Ashby-de-la-Zouch,12370,England,Leicestershire,East Midlands,52.74632,-1.4732,geonames-GB
864,treharris,Treharris,12352,Wales,Merthyr Tydfil,Wales,51.66457,-3.30725,geonames-GB
865,henlow,Henlow,12320,England,Central Bedfordshire,East of England,52.03021,-0.28599,geonames-GB
866,hollinwood,Hollinwood,12310,England,Oldham,North West,53.51667,-2.13333,geonames-GB
867,bridport,Bridport,12295,England,Dorset,South West,50.7338,-2.75831,geonames-GB
868,chigwell,Chigwell,12250,England,Essex,East of England,51.61999,0.07596,geonames-GB
869,saltcoats,Saltcoats,12250,Scotland,North Ayrshire,West Central Scotland,55.63616,-4.78588,geonames-GB
870,birstall,Birstall,12216,England,Leicester,East Midlands,52.66667,-1.11667,geonames-GB
871,honiton,Honiton,12154,England,Devon,South West,50.7996,-3.18899,geonames-GB
872,westhill,Westhill,12110,Scotland,Aberdeenshire,North East Scotland,57.15263,-2.27966,geonames-GB
873,tidworth,Tidworth,12089,England,Wiltshire,South West,51.23142,-1.66324,geonames-GB
874,prudhoe,Prudhoe,12075,England,Northumberland,North East,54.96154,-1.85168,geonames-GB
875,giffnock,Giffnock,12070,Scotland,East Renfrewshire,West Central Scotland,55.80373,-4.29488,geonames-GB
876,berwick-upon-tweed,Berwick-Upon-Tweed,12043,England,Northumberland,North East,55.76868,-2.00537,geonames-GB
877,mossley-hill,Mossley Hill,12041,England,Liverpool,North West,53.37701,-2.91258,geonames-GB
878,cowdenbeath,Cowdenbeath,12030,Scotland,Fife,East and Central Scotland,56.11194,-3.34426,geonames-GB
879,tring,Tring,11929,England,Hertfordshire,East of England,51.79471,-0.65824,geonames-GB
880,chorleywood,Chorleywood,11917,England,Hertfordshire,East of England,51.65472,-0.51404,geonames-GB
881,tranent,Tranent,11910,Scotland,East Lothian,South East Scotland,55.94439,-2.95412,geonames-GB
882,halstead,Halstead,11906,England,Essex,East of England,51.94506,0.63927,geonames-GB
883,cudworth,Cudworth,11903,England,Barnsley,Yorkshire and the Humber,53.57131,-1.41595,geonames-GB
884,chepstow,Chepstow,11900,Wales,Monmouthshire,Wales,51.64087,-2.67683,geonames-GB
885,haxby,Haxby,11894,England,York,Yorkshire and the Humber,54.01422,-1.07121,geonames-GB
886,barnham,Barnham,11881,England,West Sussex,South East,50.8312,-0.63789,geonames-GB
887,codsall,Codsall,11860,England,Staffordshire,West Midlands,52.62989,-2.20148,geonames-GB
888,ivybridge,Ivybridge,11851,England,Devon,South West,50.39039,-3.91914,geonames-GB
889,market-drayton,Market Drayton,11773,England,Shropshire,West Midlands,52.90538,-2.49012,geonames-GB
890,minehead,Minehead,11757,England,Somerset,South West,51.20452,-3.48284,geonames-GB
891,buckhurst-hill,Buckhurst Hill,11755,England,Essex,East of England,51.62409,0.03262,geonames-GB
892,bolsover,Bolsover,11754,England,Derbyshire,East Midlands,53.22846,-1.29204,geonames-GB
893,cross-hills,Cross Hills,11731,England,North Yorkshire,Yorkshire and the Humber,53.90606,-1.98492,geonames-GB
894,montrose,Montrose,11730,Scotland,Angus,East and Central Scotland,56.71683,-2.46695,geonames-GB
895,charlton-kings,Charlton Kings,11700,England,Gloucestershire,South West,51.88374,-2.04239,geonames-GB
896,blandford-forum,Blandford Forum,11694,England,Dorset,South West,50.86073,-2.16174,geonames-GB
897,todmorden,Todmorden,11690,England,Calderdale,Yorkshire and the Humber,53.71434,-2.09701,geonames-GB
898,thornbury,Thornbury,11687,England,South Gloucestershire,South West,51.60889,-2.52028,geonames-GB
899,sandy,Sandy,11657,England,Central Bedfordshire,East of England,52.12927,-0.28925,geonames-GB
900,helston,Helston,11611,England,Cornwall,South West,50.10319,-5.27045,geonames-GB
901,lymm,Lymm,11608,England,Warrington,North West,53.38105,-2.47763,geonames-GB
902,sunninghill,Sunninghill,11603,England,Windsor and Maidenhead,South East,51.40135,-0.65557,geonames-GB
903,wallingford,Wallingford,11600,England,Oxfordshire,South East,51.59982,-1.1248,geonames-GB
904,belgrave,Belgrave,11558,England,Leicester,East Midlands,52.65,-1.11667,geonames-GB
905,syston,Syston,11508,England,Leicestershire,East Midlands,52.68333,-1.06667,geonames-GB
906,henley-on-thames,Henley-on-Thames,11494,England,Oxfordshire,South East,51.53333,-0.9,geonames-GB
907,whitburn,Whitburn,11490,Scotland,West Lothian,South East Scotland,55.86667,-3.68333,geonames-GB
908,great-harwood,Great Harwood,11467,England,Lancashire,North West,53.78512,-2.40865,geonames-GB
909,cheadle,Cheadle,11404,England,Staffordshire,West Midlands,52.98333,-1.98333,geonames-GB
910,hexham,Hexham,11388,England,Northumberland,North East,54.96986,-2.104,geonames-GB
911,great-bookham,Great Bookham,11375,England,Surrey,South East,51.27916,-0.37423,geonames-GB
912,pelsall,Pelsall,11371,England,Walsall,West Midlands,52.6291,-1.96738,geonames-GB
913,newtown,Newtown,11362,Wales,Powys,Wales,52.51667,-3.3,geonames-GB
914,kingsteignton,Kingsteignton,11360,England,Devon,South West,50.55,-3.58333,geonames-GB
915,ulverston,Ulverston,11356,England,Cumbria,North West,54.19594,-3.09626,geonames-GB
916,rastrick,Rastrick,11351,England,Calderdale,Yorkshire and the Humber,53.6921,-1.7883,geonames-GB
917,padiham,Padiham,11338,England,Lancashire,North West,53.80187,-2.31511,geonames-GB
918,thame,Thame,11329,England,Oxfordshire,South East,51.7484,-0.97624,geonames-GB
919,timperley,Timperley,11323,England,Trafford,North West,53.4,-2.33333,geonames-GB
920,dawlish,Dawlish,11312,England,Devon,South West,50.58118,-3.46644,geonames-GB
921,carnoustie,Carnoustie,11310,Scotland,Angus,East and Central Scotland,56.50263,-2.7053,geonames-GB
922,abergele,Abergele,11290,Wales,Conwy,Wales,53.28436,-3.5822,geonames-GB
923,stanwell,Stanwell,11279,England,Surrey,South East,51.45414,-0.47812,geonames-GB
924,kimberley,Kimberley,11273,England,Nottinghamshire,East Midlands,52.98333,-1.26667,geonames-GB
925,royal-wootton-bassett,Royal Wootton Bassett,11265,England,Wiltshire,South West,51.5419,-1.9045,geonames-GB
926,atherstone,Atherstone,11259,England,Warwickshire,West Midlands,52.57536,-1.54693,geonames-GB
927,mountain-ash,Mountain Ash,11230,Wales,Rhondda Cynon Taf,Wales,51.68361,-3.38008,geonames-GB
928,woodbridge,Woodbridge,11200,England,Suffolk,East of England,52.09332,1.32042,geonames-GB
929,uppermill,Uppermill,11191,England,Oldham,North West,53.54861,-2.00532,geonames-GB
930,ince-in-makerfield,Ince-in-Makerfield,11185,England,Wigan,North West,53.53333,-2.61667,geonames-GB
931,aylestone,Aylestone,11151,England,Leicester,East Midlands,52.60422,-1.14631,geonames-GB
932,stonehaven,Stonehaven,11150,Scotland,Aberdeenshire,North East Scotland,56.96365,-2.21177,geonames-GB
933,wells,Wells,11145,England,Somerset,South West,51.20794,-2.64896,geonames-GB
934,cranleigh,Cranleigh,11082,England,Surrey,South East,51.14209,-0.48374,geonames-GB
935,barton-upon-humber,Barton upon Humber,11066,England,North Lincolnshire,Yorkshire and the Humber,53.68915,-0.44377,geonames-GB
936,featherstone,Featherstone,11060,England,Wakefield,Yorkshire and the Humber,53.67688,-1.35647,geonames-GB
937,ilfracombe,Ilfracombe,11042,England,Devon,South West,51.2093,-4.11344,geonames-GB
938,largs,Largs,11030,Scotland,North Ayrshire,West Central Scotland,55.79629,-4.86337,geonames-GB
939,kesgrave,Kesgrave,11020,England,Suffolk,East of England,52.06241,1.2365,geonames-GB
940,penistone,Penistone,10956,England,Barnsley,Yorkshire and the Humber,53.52572,-1.63027,geonames-GB
941,abertillery,Abertillery,10946,Wales,Blaenau Gwent,Wales,51.72981,-3.13432,geonames-GB
942,codicote,Codicote,10938,England,Hertfordshire,East of England,51.85052,-0.2367,geonames-GB
943,leominster,Leominster,10938,England,Herefordshire,West Midlands,52.22583,-2.74491,geonames-GB
944,oakham,Oakham,10922,England,Rutland,East Midlands,52.66667,-0.73333,geonames-GB
945,beighton,Beighton,10914,England,Sheffield,Yorkshire and the Humber,53.33333,-1.33333,geonames-GB
946,methil,Methil,10890,Scotland,Fife,East and Central Scotland,56.18543,-3.02157,geonames-GB
947,shirebrook,Shirebrook,10885,England,Derbyshire,East Midlands,53.20333,-1.21336,geonames-GB
948,downham-market,Downham Market,10884,England,Norfolk,East of England,52.60714,0.38375,geonames-GB
949,rainhill,Rainhill,10853,England,St. Helens,North West,53.41567,-2.76607,geonames-GB
950,oldbury,Oldbury,10830,England,Sandwell,West Midlands,52.5,-2.01667,geonames-GB
951,knowle,Knowle,10823,England,Solihull,West Midlands,52.38333,-1.73333,geonames-GB
952,immingham,Immingham,10750,England,North East Lincolnshire,Yorkshire and the Humber,53.6142,-0.21579,geonames-GB
953,diss,Diss,10734,England,Norfolk,East of England,52.37675,1.1091,geonames-GB
954,desborough,Desborough,10697,England,North Northamptonshire,East Midlands,52.44183,-0.82126,geonames-GB
955,epping,Epping,10695,England,Essex,East of England,51.69815,0.11055,geonames-GB
956,baldock,Baldock,10615,England,Hertfordshire,East of England,51.98781,-0.18835,geonames-GB
957,ross-on-wye,Ross on Wye,10582,England,Herefordshire,West Midlands,51.91667,-2.56667,geonames-GB
958,selsey,Selsey,10550,England,West Sussex,South East,50.73501,-0.78979,geonames-GB
959,attleborough,Attleborough,10549,England,Norfolk,East of England,52.51779,1.01572,geonames-GB
960,ludlow,Ludlow,10515,England,Shropshire,West Midlands,52.37431,-2.71311,geonames-GB
961,stranraer,Stranraer,10510,Scotland,Dumfries and Galloway,South Scotland,54.90234,-5.02731,geonames-GB
962,ardrossan,Ardrossan,10500,Scotland,North Ayrshire,West Central Scotland,55.65018,-4.80659,geonames-GB
963,abbots-langley,Abbots Langley,10472,England,Hertfordshire,East of England,51.70573,-0.41757,geonames-GB
964,swanage,Swanage,10454,England,Dorset,South West,50.60827,-1.95664,geonames-GB
965,barnoldswick,Barnoldswick,10435,England,Lancashire,North West,53.91711,-2.18705,geonames-GB
966,annfield-plain,Annfield Plain,10406,England,County Durham,North East,54.85749,-1.73827,geonames-GB
967,shepton-mallet,Shepton Mallet,10369,England,Somerset,South West,51.18972,-2.54722,geonames-GB
968,hedon,Hedon,10358,England,East Riding of Yorkshire,Yorkshire and the Humber,53.73962,-0.19655,geonames-GB
969,chatteris,Chatteris,10298,England,Cambridgeshire,East of England,52.45624,0.05236,geonames-GB
970,broadstone,Broadstone,10289,England,"Bournemouth, Christchurch and Poole",South West,50.75717,-1.99406,geonames-GB
971,brierfield,Brierfield,10271,England,Lancashire,North West,53.82468,-2.23415,geonames-GB
972,dunbar,Dunbar,10270,Scotland,East Lothian,South East Scotland,56.00062,-2.51418,geonames-GB
973,yatton,Yatton,10251,England,North Somerset,South West,51.38839,-2.82353,geonames-GB
974,cosham,Cosham,10226,England,Portsmouth,South East,50.84654,-1.06344,geonames-GB
975,horbury,Horbury,10225,England,Wakefield,Yorkshire and the Humber,53.66051,-1.56014,geonames-GB
976,ystalyfera,Ystalyfera,10218,Wales,Neath Port Talbot,Wales,51.76716,-3.78082,geonames-GB
977,fair-oak,Fair Oak,10212,England,Hampshire,South East,50.96364,-1.29682,geonames-GB
978,snodland,Snodland,10211,England,Kent,South East,51.32971,0.44305,geonames-GB
979,gourock,Gourock,10210,Scotland,Inverclyde,West Central Scotland,55.96157,-4.81789,geonames-GB
980,nairn,Nairn,10190,Scotland,Highland,Highlands and Argyll,57.58094,-3.87973,geonames-GB
981,whitchurch,Whitchurch,10142,England,Shropshire,West Midlands,52.96667,-2.68333,geonames-GB
982,ponteland,Ponteland,10135,England,Northumberland,North East,55.05024,-1.74532,geonames-GB
983,kearsley,Kearsley,10127,England,Bolton,North West,53.53333,-2.38333,geonames-GB
984,boughton,Boughton,10120,England,Nottinghamshire,East Midlands,53.2,-0.98333,geonames-GB
985,abercarn,Abercarn,10118,Wales,Caerphilly,Wales,51.64733,-3.13476,geonames-GB
986,amesbury,Amesbury,10116,England,Wiltshire,South West,51.17509,-1.78064,geonames-GB
987,monmouth,Monmouth,10110,Wales,Monmouthshire,Wales,51.81265,-2.71363,geonames-GB
988,shepperton,Shepperton,10106,England,Surrey,South East,51.39546,-0.44889,geonames-GB
989,little-lever,Little Lever,10100,England,Bolton,North West,53.56346,-2.37803,geonames-GB
990,aberkenfig,Aberkenfig,10083,Wales,Bridgend,Wales,51.54,-3.59556,geonames-GB
991,abram,Abram,10074,England,Wigan,North West,53.50855,-2.59266,geonames-GB
992,ellon,Ellon,10070,Scotland,Aberdeenshire,North East Scotland,57.36405,-2.07313,geonames-GB
993,galashiels,Galashiels,10060,Scotland,Scottish Borders,South East Scotland,55.61458,-2.80695,geonames-GB
994,mold,Mold,10058,Wales,Flintshire,Wales,53.16674,-3.14143,geonames-GB
995,saint-leonards-on-sea,Saint Leonards-on-Sea,10001,England,East Sussex,South East,50.85565,0.5452,geonames-GB
996,bradwell,Bradwell,10000,England,Norfolk,East of England,52.57353,1.69979,geonames-GB
997,castle-vale,Castle Vale,10000,England,Birmingham,West Midlands,52.51879,-1.79683,geonames-GB
998,cockington,Cockington,10000,England,Torbay,South West,50.46335,-3.55691,geonames-GB
999,glenfield,Glenfield,10000,England,Leicestershire,East Midlands,52.6466,-1.19493,geonames-GB
1000,waltham-cross,Waltham Cross,10000,England,Hertfordshire,East of England,51.68602,-0.03575,geonames-GB
1001,shildon,Shildon,9976,England,County Durham,North East,54.62997,-1.64295,geonames-GB
1002,thirsk,Thirsk,9953,England,North Yorkshire,Yorkshire and the Humber,54.23298,-1.34411,geonames-GB
1003,sowerby-bridge,Sowerby Bridge,9948,England,Calderdale,Yorkshire and the Humber,53.70903,-1.90929,geonames-GB
1004,mossley,Mossley,9929,England,Tameside,North West,53.51454,-2.03462,geonames-GB
1005,watton,Watton,9924,England,Norfolk,East of England,52.56667,0.83333,geonames-GB
1006,lutterworth,Lutterworth,9907,England,Leicestershire,East Midlands,52.45634,-1.20218,geonames-GB
1007,forres,Forres,9900,Scotland,Moray,North East Scotland,57.60997,-3.62115,geonames-GB
1008,holywell,Holywell,9900,England,Hertfordshire,East of England,51.64746,-0.42512,geonames-GB
1009,kilsyth,Kilsyth,9860,Scotland,North Lanarkshire,West Central Scotland,55.97596,-4.05916,geonames-GB
1010,soham,Soham,9834,England,Cambridgeshire,East of England,52.33543,0.33654,geonames-GB
1011,greasby,Greasby,9830,England,Wirral,North West,53.373,-3.1233,geonames-GB
1012,birchington-on-sea,Birchington-on-Sea,9827,England,Kent,South East,51.37575,1.3048,geonames-GB
1013,attleborough-warwickshire,Attleborough,9817,England,Warwickshire,West Midlands,52.51293,-1.45487,geonames-GB
1014,caldicot,Caldicot,9813,Wales,Monmouthshire,Wales,51.58661,-2.75736,geonames-GB
1015,dalgety-bay,Dalgety Bay,9810,Scotland,Fife,East and Central Scotland,56.03496,-3.35049,geonames-GB
1016,ferryhill,Ferryhill,9805,England,County Durham,North East,54.68333,-1.55,geonames-GB
1017,london-colney,London Colney,9800,England,Hertfordshire,East of England,51.72453,-0.29646,geonames-GB
1018,westergate,Westergate,9783,England,West Sussex,South East,50.83988,-0.67123,geonames-GB
1019,warsop,Warsop,9766,England,Nottinghamshire,East Midlands,53.21402,-1.15091,geonames-GB
1020,hale-barns,Hale Barns,9736,England,Trafford,North West,53.3689,-2.31333,geonames-GB
1021,caernarfon,Caernarfon,9730,Wales,Gwynedd,Wales,53.14126,-4.27016,geonames-GB
1022,kirby-muxloe,Kirby Muxloe,9712,England,Leicestershire,East Midlands,52.63025,-1.22755,geonames-GB
1023,leverstock-green,Leverstock Green,9700,England,Hertfordshire,East of England,51.74818,-0.43263,geonames-GB
1024,new-romney,New Romney,9674,England,Kent,South East,50.98599,0.94122,geonames-GB
1025,pembroke-dock,Pembroke Dock,9657,Wales,Pembrokeshire,Wales,51.69161,-4.94036,geonames-GB
1026,polesworth,Polesworth,9645,England,Warwickshire,West Midlands,52.61962,-1.61036,geonames-GB
1027,stakeford,Stakeford,9636,England,Northumberland,North East,55.1611,-1.57529,geonames-GB
1028,steyning,Steyning,9627,England,West Sussex,South East,50.88744,-0.32787,geonames-GB
1029,killamarsh,Killamarsh,9625,England,Derbyshire,East Midlands,53.32395,-1.31688,geonames-GB
1030,stenhousemuir,Stenhousemuir,9620,Scotland,Falkirk,East and Central Scotland,56.02676,-3.81462,geonames-GB
1031,parkstone,Parkstone,9593,England,"Bournemouth, Christchurch and Poole",South West,50.72994,-1.94492,geonames-GB
1032,royston-barnsley,Royston,9584,England,Barnsley,Yorkshire and the Humber,53.6,-1.45,geonames-GB
1033,wivenhoe,Wivenhoe,9567,England,Essex,East of England,51.85553,0.95796,geonames-GB
1034,brandon,Brandon,9566,England,County Durham,North East,54.75,-1.61667,geonames-GB
1035,maryport,Maryport,9555,England,Cumbria,North West,54.71434,-3.49509,geonames-GB
1036,garstang,Garstang,9530,England,Lancashire,North West,53.90081,-2.77417,geonames-GB
1037,larbert,Larbert,9530,Scotland,Falkirk,East and Central Scotland,56.02246,-3.82872,geonames-GB
1038,braunton,Braunton,9525,England,Devon,South West,51.10847,-4.16131,geonames-GB
1039,sherborne,Sherborne,9523,England,Dorset,South West,50.94599,-2.51776,geonames-GB
1040,bulford,Bulford,9519,England,Wiltshire,South West,51.1893,-1.76009,geonames-GB
1041,crook,Crook,9498,England,County Durham,North East,54.71252,-1.7497,geonames-GB
1042,prestonpans,Prestonpans,9490,Scotland,East Lothian,South East Scotland,55.95939,-2.98038,geonames-GB
1043,par,Par,9462,England,Cornwall,South West,50.35107,-4.70288,geonames-GB
1044,scalby,Scalby,9462,England,East Riding of Yorkshire,Yorkshire and the Humber,53.76667,-0.71667,geonames-GB
1045,clarkston,Clarkston,9460,Scotland,East Renfrewshire,West Central Scotland,55.78594,-4.27651,geonames-GB
1046,deganwy,Deganwy,9429,Wales,Conwy,Wales,53.30446,-3.82735,geonames-GB
1047,grappenhall,Grappenhall,9377,England,Warrington,North West,53.37204,-2.54675,geonames-GB
1048,seaton-delaval,Seaton Delaval,9350,England,Northumberland,North East,55.07196,-1.52609,geonames-GB
1049,hunstanton,Hunstanton,9332,England,Norfolk,East of England,52.95,0.5,geonames-GB
1050,tonyrefail,Tonyrefail,9317,Wales,Rhondda Cynon Taf,Wales,51.58402,-3.43041,geonames-GB
1051,dunblane,Dunblane,9310,Scotland,Stirling,East and Central Scotland,56.18843,-3.96417,geonames-GB
1052,stevenston,Stevenston,9290,Scotland,North Ayrshire,West Central Scotland,55.6397,-4.75339,geonames-GB
1053,bradford-on-avon,Bradford on Avon,9274,England,Wiltshire,South West,51.34772,-2.25065,geonames-GB
1054,coleford,Coleford,9273,England,Gloucestershire,South West,51.79535,-2.61354,geonames-GB
1055,cupar,Cupar,9270,Scotland,Fife,East and Central Scotland,56.31876,-3.01204,geonames-GB
1056,hemsworth,Hemsworth,9246,England,Wakefield,Yorkshire and the Humber,53.61267,-1.35424,geonames-GB
1057,liskeard,Liskeard,9237,England,Cornwall,South West,50.4545,-4.46517,geonames-GB
1058,milnrow,Milnrow,9227,England,Rochdale,North West,53.61115,-2.11266,geonames-GB
1059,bramcote,Bramcote,9200,England,Nottinghamshire,East Midlands,52.93333,-1.25,geonames-GB
1060,new-mill,New Mill,9197,England,Kirklees,Yorkshire and the Humber,53.57498,-1.75004,geonames-GB
1061,tiptree,Tiptree,9182,England,Essex,East of England,51.8123,0.7454,geonames-GB
1062,bonhill,Bonhill,9180,Scotland,West Dunbartonshire,West Central Scotland,55.97944,-4.5638,geonames-GB
1063,yaxley,Yaxley,9174,England,Cambridgeshire,East of England,52.51768,-0.25852,geonames-GB
1064,pencoed,Pencoed,9166,Wales,Bridgend,Wales,51.52371,-3.50016,geonames-GB
1065,cockermouth,Cockermouth,9146,England,Cumbria,North West,54.66209,-3.36086,geonames-GB
1066,bingham,Bingham,9131,England,Nottinghamshire,East Midlands,52.94978,-0.95907,geonames-GB
1067,calcot,Calcot,9093,England,West Berkshire,South East,51.44058,-1.05091,geonames-GB
1068,bewbush,Bewbush,9081,England,West Sussex,South East,51.10329,-0.22312,geonames-GB
1069,pontarddulais,Pontarddulais,9073,Wales,Swansea,Wales,51.71423,-4.03859,geonames-GB
1070,towcester,Towcester,9057,England,West Northamptonshire,East Midlands,52.13359,-0.99057,geonames-GB
1071,rye,Rye,9041,England,East Sussex,South East,50.95114,0.7337,geonames-GB
1072,frodsham,Frodsham,9032,England,Cheshire West and Chester,North West,53.29485,-2.72745,geonames-GB
1073,haddington,Haddington,9020,Scotland,East Lothian,South East Scotland,55.95612,-2.78332,geonames-GB
1074,market-warsop,Market Warsop,9018,England,Nottinghamshire,East Midlands,53.20516,-1.15257,geonames-GB
1075,coppull,Coppull,9014,England,Lancashire,North West,53.62527,-2.65854,geonames-GB
1076,chasetown,Chasetown,9000,England,Staffordshire,West Midlands,52.67232,-1.92535,geonames-GB
1077,marshalswick,Marshalswick,9000,England,Hertfordshire,East of England,51.7648,-0.30881,geonames-GB
1078,saltaire,Saltaire,9000,England,Bradford,Yorkshire and the Humber,53.83333,-1.78333,geonames-GB
1079,wideopen,Wideopen,8976,England,North Tyneside,North East,55.04514,-1.62246,geonames-GB
1080,leven,Leven,8960,Scotland,Fife,East and Central Scotland,56.2,-3.0,geonames-GB
1081,queensferry,Queensferry,8960,Scotland,Edinburgh,South East Scotland,55.99089,-3.39847,geonames-GB
1082,broughton-astley,Broughton Astley,8940,England,Leicestershire,East Midlands,52.52787,-1.21768,geonames-GB
1083,dalmuir,Dalmuir,8933,Scotland,West Dunbartonshire,West Central Scotland,55.91089,-4.42918,geonames-GB
1084,glastonbury,Glastonbury,8932,England,Somerset,South West,51.14745,-2.72075,geonames-GB
1085,cumnock,Cumnock,8920,Scotland,East Ayrshire,West Central Scotland,55.45445,-4.26644,geonames-GB
1086,queensbury,Queensbury,8912,England,Bradford,Yorkshire and the Humber,53.76657,-1.84912,geonames-GB
1087,launceston,Launceston,8910,England,Cornwall,South West,50.63699,-4.36006,geonames-GB
1088,caister-on-sea,Caister-on-Sea,8901,England,Norfolk,East of England,52.64809,1.72648,geonames-GB
1089,plympton,Plympton,8892,England,Plymouth,South West,50.39074,-4.06022,geonames-GB
1090,blairgowrie-and-rattray,Blairgowrie and Rattray,8890,Scotland,Perth and Kinross,East and Central Scotland,56.59157,-3.34045,geonames-GB
1091,lanark,Lanark,8880,Scotland,South Lanarkshire,West Central Scotland,55.67371,-3.7817,geonames-GB
1092,longdendale,Longdendale,8873,England,Tameside,North West,53.46667,-2.0,geonames-GB
1093,ledbury,Ledbury,8862,England,Herefordshire,West Midlands,52.03639,-2.42635,geonames-GB
1094,gillingham-dorset,Gillingham,8822,England,Dorset,South West,51.03833,-2.27611,geonames-GB
1095,cromer,Cromer,8801,England,Norfolk,East of England,52.93123,1.29892,geonames-GB
1096,burscough,Burscough,8799,England,Lancashire,North West,53.5964,-2.83972,geonames-GB
1097,lydney,Lydney,8776,England,Gloucestershire,South West,51.72598,-2.52605,geonames-GB
1098,cowplain,Cowplain,8775,England,Hampshire,South East,50.89411,-1.01824,geonames-GB
1099,annan,Annan,8760,Scotland,Dumfries and Galloway,South Scotland,54.98839,-3.25647,geonames-GB
1100,tullibody,Tullibody,8710,Scotland,Clackmannanshire,East and Central Scotland,56.13364,-3.83835,geonames-GB
1101,kiveton-park,Kiveton Park,8703,England,Rotherham,Yorkshire and the Humber,53.3412,-1.25498,geonames-GB
1102,southwater,Southwater,8692,England,West Sussex,South East,51.02369,-0.35173,geonames-GB
1103,raunds,Raunds,8641,England,North Northamptonshire,East Midlands,52.34428,-0.53657,geonames-GB
1104,knaphill,Knaphill,8635,England,Surrey,South East,51.3201,-0.61584,geonames-GB
1105,storrington,Storrington,8618,England,West Sussex,South East,50.91765,-0.45473,geonames-GB
1106,leavesden-green,Leavesden Green,8600,England,Hertfordshire,East of England,51.69482,-0.40718,geonames-GB
1107,linwood,Linwood,8590,Scotland,Renfrewshire,West Central Scotland,55.84834,-4.49337,geonames-GB
1108,carcroft,Carcroft,8584,England,Doncaster,Yorkshire and the Humber,53.58282,-1.17648,geonames-GB
1109,tarleton,Tarleton,8582,England,Lancashire,North West,53.68005,-2.82968,geonames-GB
1110,lenzie,Lenzie,8580,Scotland,East Dunbartonshire,West Central Scotland,55.92762,-4.15399,geonames-GB
1111,bewdley,Bewdley,8571,England,Worcestershire,West Midlands,52.3757,-2.31833,geonames-GB
1112,rhymney,Rhymney,8537,Wales,Caerphilly,Wales,51.75998,-3.28553,geonames-GB
1113,oakengates,Oakengates,8517,England,Telford and Wrekin,West Midlands,52.69501,-2.45036,geonames-GB
1114,denbigh,Denbigh,8514,Wales,Denbighshire,Wales,53.18333,-3.41667,geonames-GB
1115,clayton-le-moors,Clayton le Moors,8474,England,Lancashire,North West,53.76667,-2.38333,geonames-GB
1116,brandon-warwickshire,Brandon,8440,England,Warwickshire,West Midlands,52.38432,-1.3996,geonames-GB
1117,hornsea,Hornsea,8432,England,East Riding of Yorkshire,Yorkshire and the Humber,53.91041,-0.16806,geonames-GB
1118,alnwick,Alnwick,8430,England,Northumberland,North East,55.41318,-1.70563,geonames-GB
1119,buckie,Buckie,8430,Scotland,Moray,North East Scotland,57.6757,-2.96238,geonames-GB
1120,richmond,Richmond,8413,England,North Yorkshire,Yorkshire and the Humber,54.4036,-1.73434,geonames-GB
1121,sawbridgeworth,Sawbridgeworth,8400,England,Hertfordshire,East of England,51.81667,0.15,geonames-GB
1122,marlborough,Marlborough,8395,England,Wiltshire,South West,51.42027,-1.72949,geonames-GB
1123,peebles,Peebles,8380,Scotland,Scottish Borders,South East Scotland,55.6519,-3.1888,geonames-GB
1124,ashbourne,Ashbourne,8377,England,Derbyshire,East Midlands,53.01667,-1.73333,geonames-GB
1125,new-basford,New Basford,8371,England,Nottingham,East Midlands,52.97336,-1.16564,geonames-GB
1126,pocklington,Pocklington,8337,England,East Riding of Yorkshire,Yorkshire and the Humber,53.93335,-0.78106,geonames-GB
1127,grove,Grove,8336,England,Oxfordshire,South East,51.60954,-1.42187,geonames-GB
1128,burry-port,Burry Port,8310,Wales,Carmarthenshire,Wales,51.68435,-4.24687,geonames-GB
1129,fakenham,Fakenham,8285,England,Norfolk,East of England,52.82996,0.8477,geonames-GB
1130,marske-by-the-sea,Marske-by-the-Sea,8282,England,Redcar and Cleveland,North East,54.59147,-1.01959,geonames-GB
1131,brecon,Brecon,8250,Wales,Powys,Wales,51.94612,-3.38887,geonames-GB
1132,darfield,Darfield,8246,England,Barnsley,Yorkshire and the Humber,53.5339,-1.37595,geonames-GB
1133,bedwas,Bedwas,8242,Wales,Caerphilly,Wales,51.59183,-3.19886,geonames-GB
1134,totnes,Totnes,8241,England,Devon,South West,50.43107,-3.6843,geonames-GB
1135,shotts,Shotts,8235,Scotland,North Lanarkshire,West Central Scotland,55.81951,-3.79749,geonames-GB
1136,princes-risborough,Princes Risborough,8231,England,Buckinghamshire,South East,51.72549,-0.83144,geonames-GB
1137,humberston,Humberston,8216,England,North East Lincolnshire,Yorkshire and the Humber,53.53036,-0.02465,geonames-GB
1138,hayle,Hayle,8210,England,Cornwall,South West,50.18392,-5.42137,geonames-GB
1139,monifieth,Monifieth,8210,Scotland,Angus,East and Central Scotland,56.48227,-2.81732,geonames-GB
1140,portlethen,Portlethen,8200,Scotland,Aberdeenshire,North East Scotland,57.06942,-2.13246,geonames-GB
1141,cambourne,Cambourne,8186,England,Cambridgeshire,East of England,52.22115,-0.07025,geonames-GB
1142,edenbridge,Edenbridge,8172,England,Kent,South East,51.19172,0.06729,geonames-GB
1143,radlett,Radlett,8163,England,Hertfordshire,East of England,51.68593,-0.31868,geonames-GB
1144,dunoon,Dunoon,8160,Scotland,Argyll and Bute,Highlands and Argyll,55.95031,-4.92734,geonames-GB
1145,hadleigh-suffolk,Hadleigh,8150,England,Suffolk,East of England,52.04499,0.95298,geonames-GB
1146,oban,Oban,8140,Scotland,Argyll and Bute,Highlands and Argyll,56.41535,-5.47184,geonames-GB
1147,beddau,Beddau,8134,Wales,Rhondda Cynon Taf,Wales,51.55398,-3.35814,geonames-GB
1148,merstham,Merstham,8123,England,Surrey,South East,51.25969,-0.15728,geonames-GB
1149,enderby,Enderby,8113,England,Leicestershire,East Midlands,52.58778,-1.20619,geonames-GB
1150,clayton-west,Clayton West,8109,England,Kirklees,Yorkshire and the Humber,53.59501,-1.61107,geonames-GB
1151,treorchy,Treorchy,8105,Wales,Rhondda Cynon Taf,Wales,51.65958,-3.50587,geonames-GB
1152,meriden,Meriden,8100,England,Hertfordshire,East of England,51.68311,-0.38085,geonames-GB
1153,sheringham,Sheringham,8090,England,Norfolk,East of England,52.94078,1.20931,geonames-GB
1154,brightlingsea,Brightlingsea,8076,England,Essex,East of England,51.81164,1.02336,geonames-GB
1155,city-of-london,City of London,8072,England,Greater London,London,51.51279,-0.09184,geonames-GB
1156,maidenbower,Maidenbower,8070,England,West Sussex,South East,51.10781,-0.15286,geonames-GB
1157,poplar,Poplar,8069,England,Greater London,London,51.51113,-0.01565,geonames-GB
1158,netherley,Netherley,8068,England,Liverpool,North West,53.3908,-2.83937,geonames-GB
1159,iver-heath,Iver Heath,8065,England,Buckinghamshire,South East,51.53642,-0.5179,geonames-GB
1160,toton,Toton,8064,England,Nottinghamshire,East Midlands,52.90779,-1.25848,geonames-GB
1161,caerleon,Caerleon,8061,Wales,Newport,Wales,51.60952,-2.95378,geonames-GB
1162,freckleton,Freckleton,8049,England,Lancashire,North West,53.75433,-2.86489,geonames-GB
1163,hawkinge,Hawkinge,8002,England,Kent,South East,51.11276,1.16176,geonames-GB
1164,upton-lea,Upton Lea,8000,England,Slough,South East,51.51786,-0.57693,geonames-GB
1165,woodside,Woodside,8000,England,Hertfordshire,East of England,51.69443,-0.40171,geonames-GB
1166,fetcham,Fetcham,7996,England,Surrey,South East,51.28879,-0.35582,geonames-GB
1167,little-bookham,Little Bookham,7996,England,Surrey,South East,51.2806,-0.39066,geonames-GB
1168,aveley,Aveley,7986,England,Thurrock,East of England,51.49987,0.25174,geonames-GB
1169,warlingham,Warlingham,7970,England,Surrey,South East,51.30953,-0.05794,geonames-GB
1170,adlington,Adlington,7965,England,Lancashire,North West,53.61323,-2.60676,geonames-GB
1171,chalfont-st-giles,Chalfont St Giles,7957,England,Buckinghamshire,South East,51.63184,-0.57026,geonames-GB
1172,bircotes,Bircotes,7948,England,Nottinghamshire,East Midlands,53.41933,-1.04905,geonames-GB
1173,littleport,Littleport,7935,England,Cambridgeshire,East of England,52.45784,0.30603,geonames-GB
1174,carnforth,Carnforth,7920,England,Lancashire,North West,54.13163,-2.76914,geonames-GB
1175,holbeach,Holbeach,7914,England,Lincolnshire,East Midlands,52.80401,0.01442,geonames-GB
1176,silsden,Silsden,7912,England,Bradford,Yorkshire and the Humber,53.91443,-1.93802,geonames-GB
1177,eaglescliffe,Eaglescliffe,7900,England,Stockton-on-Tees,North East,54.52521,-1.35043,geonames-GB
1178,hardingstone,Hardingstone,7897,England,West Northamptonshire,East Midlands,52.21358,-0.88582,geonames-GB
1179,partington,Partington,7895,England,Trafford,North West,53.41884,-2.42815,geonames-GB
1180,highworth,Highworth,7886,England,Swindon,South West,51.63051,-1.711,geonames-GB
1181,kirkham,Kirkham,7883,England,Lancashire,North West,53.78244,-2.87189,geonames-GB
1182,euxton,Euxton,7863,England,Lancashire,North West,53.6699,-2.67615,geonames-GB
1183,denny,Denny,7860,Scotland,Falkirk,East and Central Scotland,56.0235,-3.90812,geonames-GB
1184,north-berwick,North Berwick,7840,Scotland,East Lothian,South East Scotland,56.05825,-2.7229,geonames-GB
1185,paddock-wood,Paddock Wood,7840,England,Kent,South East,51.18187,0.38229,geonames-GB
1186,meltham,Meltham,7836,England,Kirklees,Yorkshire and the Humber,53.59305,-1.84861,geonames-GB
1187,crediton,Crediton,7835,England,Devon,South West,50.78333,-3.65,geonames-GB
1188,ramsey,Ramsey,7829,England,Cambridgeshire,East of England,52.45058,-0.10932,geonames-GB
1189,dalton-in-furness,Dalton in Furness,7827,England,Cumbria,North West,54.15796,-3.17977,geonames-GB
1190,crewkerne,Crewkerne,7826,England,Somerset,South West,50.88298,-2.79588,geonames-GB
1191,britwell,Britwell,7800,England,Slough,South East,51.53577,-0.62774,geonames-GB
1192,cullompton,Cullompton,7800,England,Devon,South West,50.8553,-3.39268,geonames-GB
1193,dorridge,Dorridge,7800,England,Solihull,West Midlands,52.37259,-1.75318,geonames-GB
1194,easton,Easton,7800,England,Dorset,South West,50.53333,-2.45,geonames-GB
1195,furze-platt,Furze Platt,7800,England,Windsor and Maidenhead,South East,51.53985,-0.73696,geonames-GB
1196,west-thurrock,West Thurrock,7795,England,Thurrock,East of England,51.47828,0.27672,geonames-GB
1197,penkridge,Penkridge,7791,England,Staffordshire,West Midlands,52.72556,-2.1156,geonames-GB
1198,windermere,Windermere,7765,England,Cumbria,North West,54.38086,-2.90709,geonames-GB
1199,great-dunmow,Great Dunmow,7749,England,Essex,East of England,51.8723,0.36255,geonames-GB
1200,dinas-powys,Dinas Powys,7738,Wales,Vale of Glamorgan,Wales,51.43486,-3.21398,geonames-GB
1201,torpoint,Torpoint,7717,England,Cornwall,South West,50.37505,-4.19566,geonames-GB
1202,tottington,Tottington,7713,England,Bury,North West,53.61326,-2.34071,geonames-GB
1203,wendover,Wendover,7702,England,Buckinghamshire,South East,51.76194,-0.73986,geonames-GB
1204,mill-end,Mill End,7700,England,Hertfordshire,East of England,51.63877,-0.50094,geonames-GB
1205,rothwell,Rothwell,7694,England,North Northamptonshire,East Midlands,52.41667,-0.8,geonames-GB
1206,rainworth,Rainworth,7693,England,Nottinghamshire,East Midlands,53.11883,-1.11852,geonames-GB
1207,west-kirby,West Kirby,7680,England,Wirral,North West,53.37302,-3.18417,geonames-GB
1208,northam,Northam,7668,England,Devon,South West,51.03333,-4.21667,geonames-GB
1209,okehampton,Okehampton,7647,England,Devon,South West,50.73841,-4.0016,geonames-GB
1210,colinton,Colinton,7637,Scotland,Edinburgh,South East Scotland,55.90739,-3.25609,geonames-GB
1211,pershore,Pershore,7626,England,Worcestershire,West Midlands,52.11163,-2.07586,geonames-GB
1212,grange-hill,Grange Hill,7602,England,Essex,East of England,51.61185,0.08612,geonames-GB
1213,watton-east-riding-of-yorkshire,Watton,7601,England,East Riding of Yorkshire,Yorkshire and the Humber,53.93333,-0.45,geonames-GB
1214,histon,Histon,7592,England,Cambridgeshire,East of England,52.25166,0.10643,geonames-GB
1215,wareham,Wareham,7592,England,Dorset,South West,50.68792,-2.11058,geonames-GB
1216,clowne,Clowne,7590,England,Derbyshire,East Midlands,53.27449,-1.26406,geonames-GB
1217,burnham-on-crouch,Burnham-on-Crouch,7561,England,Essex,East of England,51.63272,0.81488,geonames-GB
1218,pembroke,Pembroke,7552,Wales,Pembrokeshire,Wales,51.67464,-4.91286,geonames-GB
1219,twyford,Twyford,7533,England,Wokingham,South East,51.47518,-0.86037,geonames-GB
1220,longridge,Longridge,7526,England,Lancashire,North West,53.83212,-2.59964,geonames-GB
1221,fazeley,Fazeley,7522,England,Staffordshire,West Midlands,52.61443,-1.6985,geonames-GB
1222,kilbirnie,Kilbirnie,7520,Scotland,North Ayrshire,West Central Scotland,55.75082,-4.68791,geonames-GB
1223,radcliffe-on-trent,Radcliffe on Trent,7510,England,Nottinghamshire,East Midlands,52.94802,-1.03855,geonames-GB
1224,irthlingborough,Irthlingborough,7502,England,North Northamptonshire,East Midlands,52.32674,-0.61129,geonames-GB
1225,pinkneys-green,Pinkneys Green,7500,England,Windsor and Maidenhead,South East,51.53324,-0.76056,geonames-GB
1226,iver,Iver,7492,England,Buckinghamshire,South East,51.5,-0.5,geonames-GB
1227,stonehouse,Stonehouse,7481,England,Gloucestershire,South West,51.75,-2.28333,geonames-GB
1228,strathaven,Strathaven,7480,Scotland,South Lanarkshire,West Central Scotland,55.6771,-4.0668,geonames-GB
1229,norton-canes,Norton Canes,7479,England,Staffordshire,West Midlands,52.67142,-1.96262,geonames-GB
1230,banchory,Banchory,7440,Scotland,Aberdeenshire,North East Scotland,57.05168,-2.48824,geonames-GB
1231,glusburn,Glusburn,7425,England,North Yorkshire,Yorkshire and the Humber,53.9,-2.0,geonames-GB
1232,north-ferriby,North Ferriby,7416,England,East Riding of Yorkshire,Yorkshire and the Humber,53.72124,-0.5052,geonames-GB
1233,murton,Murton,7413,England,County Durham,North East,54.81812,-1.39036,geonames-GB
1234,thurso,Thurso,7390,Scotland,Highland,Highlands and Argyll,58.59271,-3.52594,geonames-GB
1235,sturry,Sturry,7386,England,Kent,South East,51.30132,1.12155,geonames-GB
1236,ushaw-moor,Ushaw Moor,7368,England,County Durham,North East,54.77803,-1.6472,geonames-GB
1237,ferndale,Ferndale,7338,Wales,Rhondda Cynon Taf,Wales,51.66056,-3.4475,geonames-GB
1238,penryn,Penryn,7326,England,Cornwall,South West,50.16812,-5.10416,geonames-GB
1239,basford-stoke-on-trent,"Basford, Stoke-on-Trent",7321,England,Staffordshire,West Midlands,53.01628,-2.2123,geonames-GB
1240,hook,Hook,7321,England,Hampshire,South East,51.28425,-0.95967,geonames-GB
1241,shaftesbury,Shaftesbury,7314,England,Dorset,South West,51.00528,-2.19333,geonames-GB
1242,shefford,Shefford,7311,England,Central Bedfordshire,East of England,52.0387,-0.33399,geonames-GB
1243,garston-hertfordshire,Garston,7300,England,Hertfordshire,East of England,51.689,-0.39512,geonames-GB
1244,crieff,Crieff,7280,Scotland,Perth and Kinross,East and Central Scotland,56.37268,-3.83891,geonames-GB
1245,titchfield,Titchfield,7280,England,Hampshire,South East,50.85115,-1.23716,geonames-GB
1246,sawston,Sawston,7275,England,Cambridgeshire,East of England,52.12089,0.16943,geonames-GB
1247,sileby,Sileby,7261,England,Leicestershire,East Midlands,52.73286,-1.10773,geonames-GB
1248,swaffham,Swaffham,7258,England,Norfolk,East of England,52.6477,0.6857,geonames-GB
1249,wardle,Wardle,7250,England,Rochdale,North West,53.65,-2.13333,geonames-GB
1250,hirwaun,Hirwaun,7247,Wales,Rhondda Cynon Taf,Wales,51.73917,-3.51028,geonames-GB
1251,brechin,Brechin,7230,Scotland,Angus,East and Central Scotland,56.72993,-2.65729,geonames-GB
1252,kings-langley,Kings Langley,7230,England,Hertfordshire,East of England,51.71395,-0.45044,geonames-GB
1253,great-missenden,Great Missenden,7227,England,Buckinghamshire,South East,51.70419,-0.70797,geonames-GB
1254,lee-on-the-solent,Lee-on-the-Solent,7224,England,Hampshire,South East,50.80169,-1.20174,geonames-GB
1255,cotgrave,Cotgrave,7203,England,Nottinghamshire,East Midlands,52.90859,-1.03752,geonames-GB
1256,easington,Easington,7193,England,County Durham,North East,54.78528,-1.35917,geonames-GB
1257,old-windsor,Old Windsor,7168,England,Windsor and Maidenhead,South East,51.45807,-0.58674,geonames-GB
1258,otford,Otford,7155,England,Kent,South East,51.31283,0.19046,geonames-GB
1259,stewarton,Stewarton,7140,Scotland,East Ayrshire,West Central Scotland,55.67986,-4.51435,geonames-GB
1260,wick,Wick,7140,Scotland,Highland,Highlands and Argyll,58.43906,-3.09424,geonames-GB
1261,faringdon,Faringdon,7121,England,Oxfordshire,South East,51.65644,-1.58676,geonames-GB
1262,tenterden,Tenterden,7118,England,Kent,South East,51.06845,0.68776,geonames-GB
1263,seaton,Seaton,7100,England,Devon,South West,50.70494,-3.06999,geonames-GB
1264,thrapston,Thrapston,7068,England,North Northamptonshire,East Midlands,52.39675,-0.5392,geonames-GB
1265,cove,Cove,7060,Scotland,Aberdeen City,North East Scotland,57.1,-2.08333,geonames-GB
1266,west-mersea,West Mersea,7057,England,Essex,East of England,51.77798,0.91873,geonames-GB
1267,kirkleatham,Kirkleatham,7045,England,Redcar and Cleveland,North East,54.58848,-1.08181,geonames-GB
1268,bannockburn,Bannockburn,7040,Scotland,Stirling,East and Central Scotland,56.08978,-3.91092,geonames-GB
1269,barnard-castle,Barnard Castle,7040,England,County Durham,North East,54.5415,-1.919,geonames-GB
1270,balsall-common,Balsall Common,7039,England,Solihull,West Midlands,52.39186,-1.6504,geonames-GB
1271,duntocher,Duntocher,7036,Scotland,West Dunbartonshire,West Central Scotland,55.92437,-4.41545,geonames-GB
1272,bollington,Bollington,7033,England,Cheshire East,North West,53.29446,-2.10963,geonames-GB
1273,sacriston,Sacriston,7030,England,County Durham,North East,54.81769,-1.6241,geonames-GB
1274,bude,Bude,7011,England,Cornwall,South West,50.82435,-4.5413,geonames-GB
1275,eston,Eston,7005,England,Redcar and Cleveland,North East,54.55932,-1.1434,geonames-GB
1276,carpenders-park,Carpenders Park,7000,England,Hertfordshire,East of England,51.62858,-0.38332,geonames-GB
1277,langley-green,Langley Green,7000,England,West Sussex,South East,51.12817,-0.19835,geonames-GB
1278,larkfield,Larkfield,7000,England,Kent,South East,51.30143,0.44855,geonames-GB
1279,norton,Norton,7000,England,North Yorkshire,Yorkshire and the Humber,54.13303,-0.78501,geonames-GB
1280,tadworth,Tadworth,6999,England,Surrey,South East,51.29169,-0.23582,geonames-GB
1281,bolton-le-sands,Bolton le Sands,6995,England,Lancashire,North West,54.09632,-2.80017,geonames-GB
1282,holywell-flintshire,Holywell,6969,Wales,Flintshire,Wales,53.27466,-3.22895,geonames-GB
1283,old-harlow,Old Harlow,6968,England,Essex,East of England,51.78353,0.13381,geonames-GB
1284,alexandria,Alexandria,6940,Scotland,West Dunbartonshire,West Central Scotland,55.99379,-4.5864,geonames-GB
1285,alcester,Alcester,6939,England,Warwickshire,West Midlands,52.21667,-1.86667,geonames-GB
1286,cleator-moor,Cleator Moor,6936,England,Cumbria,North West,54.52143,-3.5159,geonames-GB
1287,pickering,Pickering,6936,England,North Yorkshire,Yorkshire and the Humber,54.25,-0.76667,geonames-GB
1288,billingshurst,Billingshurst,6911,England,West Sussex,South East,51.02312,-0.45359,geonames-GB
1289,moodiesburn,Moodiesburn,6900,Scotland,North Lanarkshire,West Central Scotland,55.91501,-4.08331,geonames-GB
1290,bursledon,Bursledon,6894,England,Hampshire,South East,50.88658,-1.31596,geonames-GB
1291,kingswood-surrey,Kingswood,6891,England,Surrey,South East,51.29477,-0.21428,geonames-GB
1292,burton-latimer,Burton Latimer,6890,England,North Northamptonshire,East Midlands,52.36368,-0.67853,geonames-GB
1293,kemsing,Kemsing,6889,England,Kent,South East,51.30604,0.22917,geonames-GB
1294,kelso,Kelso,6870,Scotland,Scottish Borders,South East Scotland,55.59814,-2.43382,geonames-GB
1295,calverton,Calverton,6868,England,Nottinghamshire,East Midlands,53.03728,-1.08263,geonames-GB
1296,lossiemouth,Lossiemouth,6840,Scotland,Moray,North East Scotland,57.72136,-3.28341,geonames-GB
1297,stotfold,Stotfold,6838,England,Central Bedfordshire,East of England,52.01632,-0.23209,geonames-GB
1298,north-baddesley,North Baddesley,6823,England,Hampshire,South East,50.97745,-1.44547,geonames-GB
1299,hassocks,Hassocks,6821,England,West Sussex,South East,50.92814,-0.16617,geonames-GB
1300,gedling,Gedling,6817,England,Nottinghamshire,East Midlands,52.97574,-1.07873,geonames-GB
1301,horncastle,Horncastle,6815,England,Lincolnshire,East Midlands,53.20775,-0.1172,geonames-GB
1302,battle,Battle,6800,England,East Sussex,South East,50.91732,0.48417,geonames-GB
1303,groby,Groby,6796,England,Leicestershire,East Midlands,52.65915,-1.22356,geonames-GB
1304,lightwater,Lightwater,6791,England,Surrey,South East,51.34846,-0.67147,geonames-GB
1305,brigg,Brigg,6787,England,North Lincolnshire,Yorkshire and the Humber,53.55201,-0.49214,geonames-GB
1306,chalford,Chalford,6776,England,Gloucestershire,South West,51.72583,-2.15139,geonames-GB
1307,welshpool,Welshpool,6764,Wales,Powys,Wales,52.65973,-3.1471,geonames-GB
1308,southwell,Southwell,6757,England,Nottinghamshire,East Midlands,53.07804,-0.95538,geonames-GB
1309,furnace-green,Furnace Green,6737,England,West Sussex,South East,51.10742,-0.16889,geonames-GB
1310,keyworth,Keyworth,6733,England,Nottinghamshire,East Midlands,52.87122,-1.08991,geonames-GB
1311,stepps,Stepps,6730,Scotland,North Lanarkshire,West Central Scotland,55.88899,-4.1521,geonames-GB
1312,culcheth,Culcheth,6708,England,Warrington,North West,53.4511,-2.52104,geonames-GB
1313,chiswell-green,Chiswell Green,6700,England,Hertfordshire,East of England,51.72846,-0.35953,geonames-GB
1314,brynna,Brynna,6686,Wales,Rhondda Cynon Taf,Wales,51.53845,-3.46378,geonames-GB
1315,danbury,Danbury,6673,England,Essex,East of England,51.71645,0.58245,geonames-GB
1316,sherburn-in-elmet,Sherburn in Elmet,6657,England,North Yorkshire,Yorkshire and the Humber,53.79519,-1.2466,geonames-GB
1317,girvan,Girvan,6650,Scotland,South Ayrshire,West Central Scotland,55.24255,-4.85551,geonames-GB
1318,willington,Willington,6633,England,County Durham,North East,54.71667,-1.7,geonames-GB
1319,rishton,Rishton,6625,England,Lancashire,North West,53.76806,-2.41444,geonames-GB
1320,north-anston,North Anston,6610,England,Rotherham,Yorkshire and the Humber,53.35479,-1.22312,geonames-GB
1321,wadebridge,Wadebridge,6599,England,Cornwall,South West,50.51734,-4.83633,geonames-GB
1322,chapel-en-le-frith,Chapel en le Frith,6598,England,Derbyshire,East Midlands,53.32407,-1.91291,geonames-GB
1323,send,Send,6597,England,Surrey,South East,51.28875,-0.52666,geonames-GB
1324,westgate-on-sea,Westgate on Sea,6594,England,Kent,South East,51.38239,1.33673,geonames-GB
1325,kelty,Kelty,6590,Scotland,Fife,East and Central Scotland,56.13362,-3.3869,geonames-GB
1326,lochgelly,Lochgelly,6586,Scotland,Fife,East and Central Scotland,56.12826,-3.30964,geonames-GB
1327,saint-blazey,Saint Blazey,6575,England,Cornwall,South West,50.36334,-4.71893,geonames-GB
1328,greenhithe,Greenhithe,6567,England,Kent,South East,51.45026,0.28539,geonames-GB
1329,southam,Southam,6567,England,Warwickshire,West Midlands,52.25266,-1.3884,geonames-GB
1330,downside,Downside,6564,England,Surrey,South East,51.31001,-0.41186,geonames-GB
1331,waltham,Waltham,6563,England,North East Lincolnshire,Yorkshire and the Humber,53.51667,-0.1,geonames-GB
1332,chapelhall,Chapelhall,6560,Scotland,North Lanarkshire,West Central Scotland,55.84349,-3.94881,geonames-GB
1333,whetstone,Whetstone,6556,England,Leicestershire,East Midlands,52.56667,-1.18333,geonames-GB
1334,cove-hampshire,Cove,6548,England,Hampshire,South East,51.29547,-0.79076,geonames-GB
1335,skelton,Skelton,6538,England,East Riding of Yorkshire,Yorkshire and the Humber,53.72521,-0.84187,geonames-GB
1336,skelton-redcar-and-cleveland,Skelton,6535,England,Redcar and Cleveland,North East,54.56062,-0.98825,geonames-GB
1337,filey,Filey,6530,England,North Yorkshire,Yorkshire and the Humber,54.21,-0.28917,geonames-GB
1338,anstey,Anstey,6528,England,Leicestershire,East Midlands,52.67368,-1.18841,geonames-GB
1339,midhurst,Midhurst,6514,England,West Sussex,South East,50.98559,-0.74003,geonames-GB
1340,newbridge,Newbridge,6509,Wales,Caerphilly,Wales,51.66667,-3.13333,geonames-GB
1341,godmanchester,Godmanchester,6506,England,Cambridgeshire,East of England,52.31939,-0.17509,geonames-GB
1342,abertridwr,Abertridwr,6504,Wales,Caerphilly,Wales,51.59583,-3.26833,geonames-GB
1343,benwell,Benwell,6500,England,Newcastle upon Tyne,North East,54.97296,-1.66926,geonames-GB
1344,currie,Currie,6500,Scotland,Edinburgh,South East Scotland,55.8964,-3.30845,geonames-GB
1345,leiston,Leiston,6495,England,Suffolk,East of England,52.20611,1.57757,geonames-GB
1346,stainforth,Stainforth,6483,England,Doncaster,Yorkshire and the Humber,53.6,-1.03333,geonames-GB
1347,liphook,Liphook,6480,England,Hampshire,South East,51.07673,-0.8032,geonames-GB
1348,newarthill,Newarthill,6480,Scotland,North Lanarkshire,West Central Scotland,55.8151,-3.93733,geonames-GB
1349,tadcaster,Tadcaster,6480,England,North Yorkshire,Yorkshire and the Humber,53.88322,-1.26344,geonames-GB
1350,olney,Olney,6477,England,Milton Keynes,South East,52.15345,-0.70201,geonames-GB
1351,wroughton,Wroughton,6474,England,Swindon,South West,51.52411,-1.79559,geonames-GB
1352,washingborough,Washingborough,6463,England,Lincolnshire,East Midlands,53.22425,-0.47485,geonames-GB
1353,witley,Witley,6437,England,Surrey,South East,51.14993,-0.64768,geonames-GB
1354,wingerworth,Wingerworth,6430,England,Derbyshire,East Midlands,53.202,-1.43359,geonames-GB
1355,market-weighton,Market Weighton,6429,England,East Riding of Yorkshire,Yorkshire and the Humber,53.8631,-0.66505,geonames-GB
1356,houston,Houston,6420,Scotland,Renfrewshire,West Central Scotland,55.86859,-4.55201,geonames-GB
1357,castle-donington,Castle Donington,6416,England,Leicestershire,East Midlands,52.84291,-1.34188,geonames-GB
1358,heighington,Heighington,6414,England,Lincolnshire,East Midlands,53.21241,-0.45902,geonames-GB
1359,bothwell,Bothwell,6410,Scotland,South Lanarkshire,West Central Scotland,55.80272,-4.06835,geonames-GB
1360,ruddington,Ruddington,6404,England,Nottinghamshire,East Midlands,52.89254,-1.14953,geonames-GB
1361,stockton-heath,Stockton Heath,6396,England,Warrington,North West,53.37084,-2.57406,geonames-GB
1362,rainham,Rainham,6394,England,Medway,South East,51.36323,0.60893,geonames-GB
1363,countesthorpe,Countesthorpe,6377,England,Leicestershire,East Midlands,52.55379,-1.14526,geonames-GB
1364,burntisland,Burntisland,6370,Scotland,Fife,East and Central Scotland,56.05865,-3.23664,geonames-GB
1365,loanhead,Loanhead,6350,Scotland,Midlothian,South East Scotland,55.87945,-3.15874,geonames-GB
1366,long-ditton,Long Ditton,6343,England,Surrey,South East,51.38432,-0.32041,geonames-GB
1367,netley,Netley,6338,England,Hampshire,South East,50.87463,-1.35476,geonames-GB
1368,east-leake,East Leake,6337,England,Nottinghamshire,East Midlands,52.83015,-1.18103,geonames-GB
1369,gorebridge,Gorebridge,6330,Scotland,Midlothian,South East Scotland,55.84594,-3.04563,geonames-GB
1370,narborough,Narborough,6321,England,Leicestershire,East Midlands,52.57767,-1.21027,geonames-GB
1371,malmesbury,Malmesbury,6318,England,Wiltshire,South West,51.58175,-2.09708,geonames-GB
1372,west-hallam,West Hallam,6314,England,Derbyshire,East Midlands,52.97093,-1.35846,geonames-GB
1373,sauchie,Sauchie,6310,Scotland,Clackmannanshire,East and Central Scotland,56.12869,-3.76611,geonames-GB
1374,burwell,Burwell,6309,England,Cambridgeshire,East of England,52.27632,0.32732,geonames-GB
1375,newbiggin-by-the-sea,Newbiggin-by-the-Sea,6308,England,Northumberland,North East,55.18532,-1.51469,geonames-GB
1376,thames-ditton,Thames Ditton,6307,England,Surrey,South East,51.38964,-0.33928,geonames-GB
1377,blaby,Blaby,6300,England,Leicestershire,East Midlands,52.57577,-1.16403,geonames-GB
1378,bishops-waltham,Bishops Waltham,6275,England,Hampshire,South East,50.95595,-1.21476,geonames-GB
1379,peasedown-saint-john,Peasedown Saint John,6263,England,Bath and North East Somerset,South West,51.31667,-2.42417,geonames-GB
1380,liss,Liss,6248,England,Hampshire,South East,51.04277,-0.89238,geonames-GB
1381,shifnal,Shifnal,6240,England,Shropshire,West Midlands,52.67043,-2.37248,geonames-GB
1382,tunstall,Tunstall,6232,England,Stoke-on-Trent,West Midlands,53.0583,-2.2114,geonames-GB
1383,egremont,Egremont,6222,England,Cumbria,North West,54.47941,-3.52756,geonames-GB
1384,higham-ferrers,Higham Ferrers,6222,England,North Northamptonshire,East Midlands,52.30596,-0.59342,geonames-GB
1385,milford,Milford,6220,England,Surrey,South East,51.17272,-0.65042,geonames-GB
1386,bowdon,Bowdon,6214,England,Trafford,North West,53.37644,-2.36532,geonames-GB
1387,haworth,Haworth,6213,England,Bradford,Yorkshire and the Humber,53.82905,-1.94827,geonames-GB
1388,studley,Studley,6203,England,Warwickshire,West Midlands,52.27026,-1.89188,geonames-GB
1389,farnham-royal,Farnham Royal,6187,England,Buckinghamshire,South East,51.54208,-0.61584,geonames-GB
1390,hindhead,Hindhead,6187,England,Surrey,South East,51.11381,-0.73351,geonames-GB
1391,garswood,Garswood,6183,England,St. Helens,North West,53.48878,-2.67224,geonames-GB
1392,beith,Beith,6170,Scotland,North Ayrshire,West Central Scotland,55.74923,-4.6368,geonames-GB
1393,kirriemuir,Kirriemuir,6160,Scotland,Angus,East and Central Scotland,56.67398,-3.00343,geonames-GB
1394,rhoose,Rhoose,6160,Wales,Vale of Glamorgan,Wales,51.38818,-3.3543,geonames-GB
1395,withernsea,Withernsea,6159,England,East Riding of Yorkshire,Yorkshire and the Humber,53.73115,0.03195,geonames-GB
1396,marchwood,Marchwood,6141,England,Hampshire,South East,50.88966,-1.4544,geonames-GB
1397,rainford,Rainford,6131,England,St. Helens,North West,53.50223,-2.78839,geonames-GB
1398,pembury,Pembury,6128,England,Kent,South East,51.14296,0.32187,geonames-GB
1399,kingsbridge,Kingsbridge,6116,England,Devon,South West,50.28451,-3.77638,geonames-GB
1400,denmead,Denmead,6107,England,Hampshire,South East,50.90395,-1.06744,geonames-GB
1401,stone-kent,Stone,6100,England,Kent,South East,51.45032,0.2647,geonames-GB
1402,stone-kent-england,Stone,6100,England,Kent,South East,51.0,0.76667,geonames-GB
1403,rowlands-gill,Rowlands Gill,6096,England,Gateshead,North East,54.91922,-1.74489,geonames-GB
1404,weaverham,Weaverham,6087,England,Cheshire West and Chester,North West,53.26018,-2.57291,geonames-GB
1405,fordingbridge,Fordingbridge,6066,England,Hampshire,South East,50.92747,-1.79029,geonames-GB
1406,boston-spa,Boston Spa,6052,England,Leeds,Yorkshire and the Humber,53.90419,-1.34523,geonames-GB
1407,strensall,Strensall,6047,England,York,Yorkshire and the Humber,54.03999,-1.03512,geonames-GB
1408,amble,Amble,6025,England,Northumberland,North East,55.33333,-1.58333,geonames-GB
1409,aylsham,Aylsham,6016,England,Norfolk,East of England,52.79672,1.25107,geonames-GB
1410,wellesbourne-mountford,Wellesbourne Mountford,6007,England,Warwickshire,West Midlands,52.19246,-1.60967,geonames-GB
1411,balerno,Balerno,6000,Scotland,Edinburgh,South East Scotland,55.88437,-3.33975,geonames-GB
1412,bennetts-end,Bennetts End,6000,England,Hertfordshire,East of England,51.74326,-0.44906,geonames-GB
1413,gossops-green,Gossops Green,6000,England,West Sussex,South East,51.11105,-0.21728,geonames-GB
1414,burley-in-wharfedale,Burley in Wharfedale,5996,England,Bradford,Yorkshire and the Humber,53.9102,-1.75798,geonames-GB
1415,st-leonards,St Leonards,5984,England,Dorset,South West,50.83077,-1.84377,geonames-GB
1416,abercynon,Abercynon,5983,Wales,Rhondda Cynon Taf,Wales,51.64548,-3.32727,geonames-GB
1417,millom,Millom,5980,England,Cumbria,North West,54.21072,-3.272,geonames-GB
1418,broughton,Broughton,5974,Wales,Flintshire,Wales,53.16303,-2.99309,geonames-GB
1419,burwell-lincolnshire,Burwell,5963,England,Lincolnshire,East Midlands,53.29305,0.03463,geonames-GB
1420,locharbriggs,Locharbriggs,5960,Scotland,Dumfries and Galloway,South Scotland,55.10337,-3.58438,geonames-GB
1421,saltburn-by-the-sea,Saltburn-by-the-Sea,5958,England,Redcar and Cleveland,North East,54.58237,-0.97367,geonames-GB
1422,wales,Wales,5956,England,Rotherham,Yorkshire and the Humber,53.34061,-1.28162,geonames-GB
1423,crumlin,Crumlin,5947,Wales,Caerphilly,Wales,51.67778,-3.13528,geonames-GB
1424,magor,Magor,5941,Wales,Monmouthshire,Wales,51.57944,-2.83139,geonames-GB
1425,ballingry,Ballingry,5940,Scotland,Fife,East and Central Scotland,56.16392,-3.32841,geonames-GB
1426,brundall,Brundall,5927,England,Norfolk,East of England,52.62426,1.43509,geonames-GB
1427,undy,Undy,5914,Wales,Monmouthshire,Wales,51.57526,-2.81453,geonames-GB
1428,cottenham,Cottenham,5903,England,Cambridgeshire,East of England,52.28743,0.1254,geonames-GB
1429,flackwell-heath,Flackwell Heath,5900,England,Buckinghamshire,South East,51.59757,-0.70601,geonames-GB
1430,moor-park,Moor Park,5900,England,Hertfordshire,East of England,51.6295,-0.43412,geonames-GB
1431,billinge,Billinge,5896,England,St. Helens,North West,53.49795,-2.7081,geonames-GB
1432,purfleet-on-thames,Purfleet-on-Thames,5883,England,Thurrock,East of England,51.4839,0.24247,geonames-GB
1433,gorleston-on-sea,Gorleston-on-Sea,5882,England,Norfolk,East of England,52.57301,1.73069,geonames-GB
1434,thornton,Thornton,5881,England,Bradford,Yorkshire and the Humber,53.79044,-1.85197,geonames-GB
1435,upton,Upton,5874,England,Wakefield,Yorkshire and the Humber,53.61466,-1.28677,geonames-GB
1436,dodworth,Dodworth,5870,England,Barnsley,Yorkshire and the Humber,53.54306,-1.52779,geonames-GB
1437,wem,Wem,5870,England,Shropshire,West Midlands,52.85835,-2.71826,geonames-GB
1438,east-horsley,East Horsley,5866,England,Surrey,South East,51.27358,-0.43207,geonames-GB
1439,great-gonerby,Great Gonerby,5853,England,Lincolnshire,East Midlands,52.93507,-0.66685,geonames-GB
1440,hagley,Hagley,5850,England,Worcestershire,West Midlands,52.4262,-2.12819,geonames-GB
1441,wellesbourne,Wellesbourne,5849,England,Warwickshire,West Midlands,52.19709,-1.59053,geonames-GB
1442,auchterarder,Auchterarder,5840,Scotland,Perth and Kinross,East and Central Scotland,56.29612,-3.70692,geonames-GB
1443,wigton,Wigton,5831,England,Cumbria,North West,54.82482,-3.16114,geonames-GB
1444,ilminster,Ilminster,5808,England,Somerset,South West,50.92684,-2.91009,geonames-GB
1445,benson,Benson,5802,England,Oxfordshire,South East,51.62073,-1.10979,geonames-GB
1446,whitworth,Whitworth,5798,England,Lancashire,North West,53.65601,-2.1771,geonames-GB
1447,waterbeach,Waterbeach,5795,England,Cambridgeshire,East of England,52.26553,0.19123,geonames-GB
1448,pontyclun,Pontyclun,5794,Wales,Rhondda Cynon Taf,Wales,51.52162,-3.39145,geonames-GB
1449,kibworth-harcourt,Kibworth Harcourt,5790,England,Leicestershire,East Midlands,52.54439,-0.99491,geonames-GB
1450,callington,Callington,5786,England,Cornwall,South West,50.50147,-4.31314,geonames-GB
1451,axminster,Axminster,5761,England,Devon,South West,50.78259,-2.99787,geonames-GB
1452,ravenshead,Ravenshead,5759,England,Nottinghamshire,East Midlands,53.0865,-1.16026,geonames-GB
1453,llanharan,Llanharan,5755,Wales,Rhondda Cynon Taf,Wales,51.53805,-3.43906,geonames-GB
1454,borrowash,Borrowash,5746,England,Derbyshire,East Midlands,52.90673,-1.38411,geonames-GB
1455,oundle,Oundle,5735,England,North Northamptonshire,East Midlands,52.48093,-0.46732,geonames-GB
1456,selkirk,Selkirk,5730,Scotland,Scottish Borders,South East Scotland,55.54738,-2.83911,geonames-GB
1457,coedpoeth,Coedpoeth,5723,Wales,Wrexham,Wales,53.05391,-3.06234,geonames-GB
1458,chipping-norton,Chipping Norton,5719,England,Oxfordshire,South East,51.94109,-1.5453,geonames-GB
1459,frimley-green,Frimley Green,5717,England,Surrey,South East,51.30599,-0.73308,geonames-GB
1460,great-torrington,Great Torrington,5714,England,Devon,South West,50.95309,-4.14401,geonames-GB
1461,hoylake,Hoylake,5710,England,Wirral,North West,53.39046,-3.18066,geonames-GB
1462,newmains,Newmains,5710,Scotland,North Lanarkshire,West Central Scotland,55.78514,-3.87465,geonames-GB
1463,eaton-socon,Eaton Socon,5704,England,Cambridgeshire,East of England,52.21752,-0.28925,geonames-GB
1464,alness,Alness,5700,Scotland,Highland,Highlands and Argyll,57.69596,-4.2551,geonames-GB
1465,manningtree,Manningtree,5696,England,Essex,East of England,51.94538,1.06112,geonames-GB
1466,burpham,Burpham,5695,England,Surrey,South East,51.26018,-0.54432,geonames-GB
1467,brynamman,Brynamman,5693,Wales,Neath Port Talbot,Wales,51.8,-3.86667,geonames-GB
1468,elderslie,Elderslie,5690,Scotland,Renfrewshire,West Central Scotland,55.83327,-4.48598,geonames-GB
1469,ash-vale,Ash Vale,5686,England,Surrey,South East,51.26449,-0.72347,geonames-GB
1470,four-marks,Four Marks,5674,England,Hampshire,South East,51.10735,-1.04945,geonames-GB
1471,cockenzie,Cockenzie,5660,Scotland,East Lothian,South East Scotland,55.96823,-2.96562,geonames-GB
1472,bracebridge-heath,Bracebridge Heath,5656,England,Lincolnshire,East Midlands,53.19647,-0.53421,geonames-GB
1473,ibstock,Ibstock,5650,England,Leicestershire,East Midlands,52.68554,-1.39965,geonames-GB
1474,blaenavon,Blaenavon,5647,Wales,Torfaen,Wales,51.77402,-3.08537,geonames-GB
1475,east-wittering,East Wittering,5647,England,West Sussex,South East,50.76969,-0.87444,geonames-GB
1476,broseley,Broseley,5644,England,Shropshire,West Midlands,52.61321,-2.48269,geonames-GB
1477,audley,Audley,5638,England,Staffordshire,West Midlands,53.05,-2.3,geonames-GB
1478,ruskington,Ruskington,5637,England,Lincolnshire,East Midlands,53.04544,-0.38692,geonames-GB
1479,wotton-under-edge,Wotton-under-Edge,5627,England,Gloucestershire,South West,51.63242,-2.34512,geonames-GB
1480,dunholme,Dunholme,5625,England,Lincolnshire,East Midlands,53.30067,-0.46541,geonames-GB
1481,ingatestone,Ingatestone,5620,England,Essex,East of England,51.67027,0.38359,geonames-GB
1482,dartmouth,Dartmouth,5610,England,Devon,South West,50.3522,-3.5794,geonames-GB
1483,uddingston,Uddingston,5610,Scotland,South Lanarkshire,West Central Scotland,55.81971,-4.08362,geonames-GB
1484,holmes-chapel,Holmes Chapel,5605,England,Cheshire East,North West,53.2014,-2.35742,geonames-GB
1485,arlesey,Arlesey,5584,England,Central Bedfordshire,East of England,52.00713,-0.26565,geonames-GB
1486,wheatley,Wheatley,5574,England,Oxfordshire,South East,51.74731,-1.13936,geonames-GB
1487,askern,Askern,5570,England,Doncaster,Yorkshire and the Humber,53.61639,-1.15237,geonames-GB
1488,dalry,Dalry,5560,Scotland,North Ayrshire,West Central Scotland,55.70956,-4.72167,geonames-GB
1489,halesworth,Halesworth,5558,England,Suffolk,East of England,52.3464,1.5029,geonames-GB
1490,kilburn,Kilburn,5552,England,Derbyshire,East Midlands,53.0058,-1.43869,geonames-GB
1491,colnbrook,Colnbrook,5528,England,Slough,South East,51.48384,-0.52142,geonames-GB
1492,wilsden,Wilsden,5524,England,Bradford,Yorkshire and the Humber,53.82084,-1.85959,geonames-GB
1493,hemsby,Hemsby,5522,England,Norfolk,East of England,52.69714,1.69181,geonames-GB
1494,hethersett,Hethersett,5520,England,Norfolk,East of England,52.59761,1.17359,geonames-GB
1495,holbeck,Holbeck,5505,England,Leeds,Yorkshire and the Humber,53.78359,-1.56791,geonames-GB
1496,chipping-sodbury,Chipping Sodbury,5500,England,South Gloucestershire,South West,51.53813,-2.39379,geonames-GB
1497,stonehouse-south-lanarkshire,Stonehouse,5500,Scotland,South Lanarkshire,West Central Scotland,55.69435,-3.9878,geonames-GB
1498,west-kingsdown,West Kingsdown,5484,England,Kent,South East,51.34281,0.26127,geonames-GB
1499,blackburn-west-lothian,Blackburn,5480,Scotland,West Lothian,South East Scotland,55.86667,-3.63333,geonames-GB
1500,chinnor,Chinnor,5473,England,Oxfordshire,South East,51.70177,-0.91161,geonames-GB
1501,tetbury,Tetbury,5472,England,Gloucestershire,South West,51.63944,-2.16222,geonames-GB
1502,east-tilbury,East Tilbury,5471,England,Thurrock,East of England,51.48053,0.41714,geonames-GB
1503,thorpe,Thorpe,5465,England,Surrey,South East,51.40595,-0.53567,geonames-GB
1504,ruthin,Ruthin,5461,Wales,Denbighshire,Wales,53.11368,-3.31782,geonames-GB
1505,shenfield,Shenfield,5460,England,Essex,East of England,51.63171,0.33199,geonames-GB
1506,yapton,Yapton,5459,England,West Sussex,South East,50.8209,-0.613,geonames-GB
1507,barton-on-sea,Barton on Sea,5454,England,Hampshire,South East,50.73977,-1.67507,geonames-GB
1508,new-stevenston,New Stevenston,5450,Scotland,North Lanarkshire,West Central Scotland,55.81669,-3.97357,geonames-GB
1509,shepley,Shepley,5444,England,Kirklees,Yorkshire and the Humber,53.58333,-1.71667,geonames-GB
1510,lyneham,Lyneham,5437,England,Wiltshire,South West,51.51667,-1.96667,geonames-GB
1511,wincanton,Wincanton,5435,England,Somerset,South West,51.05676,-2.40574,geonames-GB
1512,new-alresford,New Alresford,5431,England,Hampshire,South East,51.08624,-1.17011,geonames-GB
1513,bagshot,Bagshot,5430,England,Surrey,South East,51.36069,-0.68802,geonames-GB
1514,stansted-mountfitchet,Stansted Mountfitchet,5429,England,Essex,East of England,51.9,0.2,geonames-GB
1515,pentre,Pentre,5424,Wales,Rhondda Cynon Taf,Wales,51.65429,-3.49133,geonames-GB
1516,cookham,Cookham,5422,England,Windsor and Maidenhead,South East,51.55936,-0.7081,geonames-GB
1517,west-clandon,West Clandon,5422,England,Surrey,South East,51.26063,-0.50323,geonames-GB
1518,glyn-neath,Glyn-neath,5419,Wales,Neath Port Talbot,Wales,51.7475,-3.61833,geonames-GB
1519,creswell,Creswell,5417,England,Derbyshire,East Midlands,53.26287,-1.21987,geonames-GB
1520,st-ives,St Ives,5410,England,Cornwall,South West,50.20861,-5.4875,geonames-GB
1521,westhill-highland,Westhill,5410,Scotland,Highland,Highlands and Argyll,57.47323,-4.14893,geonames-GB
1522,great-wakering,Great Wakering,5400,England,Essex,East of England,51.55242,0.8038,geonames-GB
1523,brotton,Brotton,5394,England,Redcar and Cleveland,North East,54.56661,-0.93929,geonames-GB
1524,nailsworth,Nailsworth,5394,England,Gloucestershire,South West,51.69382,-2.2199,geonames-GB
1525,earls-barton,Earls Barton,5387,England,North Northamptonshire,East Midlands,52.26627,-0.75248,geonames-GB
1526,barrowford,Barrowford,5378,England,Lancashire,North West,53.8465,-2.21838,geonames-GB
1527,hoo,Hoo,5377,England,Medway,South East,51.4205,0.563,geonames-GB
1528,cranfield,Cranfield,5369,England,Central Bedfordshire,East of England,52.06869,-0.60884,geonames-GB
1529,preesall,Preesall,5367,England,Lancashire,North West,53.9182,-2.96633,geonames-GB
1530,barnt-green,Barnt Green,5366,England,Worcestershire,West Midlands,52.35902,-2.00715,geonames-GB
1531,pelton,Pelton,5366,England,County Durham,North East,54.87305,-1.6095,geonames-GB
1532,dingwall,Dingwall,5360,Scotland,Highland,Highlands and Argyll,57.59531,-4.42721,geonames-GB
1533,shelley,Shelley,5359,England,Kirklees,Yorkshire and the Humber,53.6,-1.68333,geonames-GB
1534,whitburn-south-tyneside,Whitburn,5352,England,South Tyneside,North East,54.95333,-1.36861,geonames-GB
1535,cwmafan,Cwmafan,5336,Wales,Neath Port Talbot,Wales,51.61671,-3.76205,geonames-GB
1536,kelvedon,Kelvedon,5322,England,Essex,East of England,51.84007,0.7057,geonames-GB
1537,bourne-end,Bourne End,5320,England,Buckinghamshire,South East,51.57622,-0.71291,geonames-GB
1538,bridge-of-allan,Bridge of Allan,5320,Scotland,Stirling,East and Central Scotland,56.15402,-3.94631,geonames-GB
1539,neilston,Neilston,5310,Scotland,East Renfrewshire,West Central Scotland,55.78574,-4.42637,geonames-GB
1540,llandrindod-wells,Llandrindod Wells,5309,Wales,Powys,Wales,52.24164,-3.37868,geonames-GB
1541,cardigan,Cardigan,5301,Wales,Ceredigion,Wales,52.08373,-4.66228,geonames-GB
1542,bovingdon,Bovingdon,5295,England,Hertfordshire,East of England,51.72312,-0.5367,geonames-GB
1543,bonnybridge,Bonnybridge,5280,Scotland,Falkirk,East and Central Scotland,56.00152,-3.8886,geonames-GB
1544,radstock,Radstock,5275,England,Bath and North East Somerset,South West,51.292,-2.445,geonames-GB
1545,appley-bridge,Appley Bridge,5270,England,Lancashire,North West,53.57781,-2.7209,geonames-GB
1546,manston,Manston,5261,England,Dorset,South West,50.95,-2.26667,geonames-GB
1547,crofton,Crofton,5258,England,Wakefield,Yorkshire and the Humber,53.65639,-1.42968,geonames-GB
1548,long-ashton,Long Ashton,5254,England,North Somerset,South West,51.42997,-2.66098,geonames-GB
1549,sawtry,Sawtry,5252,England,Cambridgeshire,East of England,52.43984,-0.28422,geonames-GB
1550,brixworth,Brixworth,5228,England,West Northamptonshire,East Midlands,52.32912,-0.9035,geonames-GB
1551,inverkeithing,Inverkeithing,5220,Scotland,Fife,East and Central Scotland,56.03297,-3.39555,geonames-GB
1552,measham,Measham,5209,England,Leicestershire,East Midlands,52.70644,-1.50637,geonames-GB
1553,cheddar,Cheddar,5199,England,Somerset,South West,51.27537,-2.77662,geonames-GB
1554,barrow-upon-soar,Barrow upon Soar,5196,England,Leicestershire,East Midlands,52.75178,-1.14601,geonames-GB
1555,shevington,Shevington,5195,England,Wigan,North West,53.57236,-2.69316,geonames-GB
1556,edwinstowe,Edwinstowe,5188,England,Nottinghamshire,East Midlands,53.19454,-1.06439,geonames-GB
1557,budleigh-salterton,Budleigh Salterton,5185,England,Devon,South West,50.62983,-3.32181,geonames-GB
1558,helsby,Helsby,5166,England,Cheshire West and Chester,North West,53.27396,-2.76905,geonames-GB
1559,tillicoultry,Tillicoultry,5160,Scotland,Clackmannanshire,East and Central Scotland,56.15251,-3.74015,geonames-GB
1560,ryhill,Ryhill,5150,England,Wakefield,Yorkshire and the Humber,53.62204,-1.41071,geonames-GB
1561,whaley-bridge,Whaley Bridge,5140,England,Derbyshire,East Midlands,53.33031,-1.9826,geonames-GB
1562,malton,Malton,5135,England,North Yorkshire,Yorkshire and the Humber,54.13695,-0.7996,geonames-GB
1563,wingate,Wingate,5134,England,County Durham,North East,54.73242,-1.37896,geonames-GB
1564,poringland,Poringland,5132,England,Norfolk,East of England,52.56756,1.34961,geonames-GB
1565,bungay,Bungay,5127,England,Suffolk,East of England,52.45434,1.43818,geonames-GB
1566,redbourn,Redbourn,5113,England,Hertfordshire,East of England,51.79896,-0.39594,geonames-GB
1567,looe,Looe,5112,England,Cornwall,South West,50.35778,-4.45418,geonames-GB
1568,south-molton,South Molton,5108,England,Devon,South West,51.01667,-3.83333,geonames-GB
1569,hungerford,Hungerford,5100,England,West Berkshire,South East,51.41513,-1.51556,geonames-GB
1570,blackrod,Blackrod,5086,England,Bolton,North West,53.59229,-2.58026,geonames-GB
1571,holytown,Holytown,5080,Scotland,North Lanarkshire,West Central Scotland,55.82011,-3.9727,geonames-GB
1572,bayston-hill,Bayston Hill,5079,England,Shropshire,West Midlands,52.6755,-2.76156,geonames-GB
1573,woburn-sands,Woburn Sands,5074,England,Milton Keynes,South East,52.01579,-0.64982,geonames-GB
1574,quorndon,Quorndon,5071,England,Leicestershire,East Midlands,52.74461,-1.17348,geonames-GB
1575,abercanaid,Abercanaid,5061,Wales,Merthyr Tydfil,Wales,51.72361,-3.36611,geonames-GB
1576,turriff,Turriff,5060,Scotland,Aberdeenshire,North East Scotland,57.5384,-2.45932,geonames-GB
1577,west-byfleet,West Byfleet,5054,England,Surrey,South East,51.33764,-0.50649,geonames-GB
1578,staplehurst,Staplehurst,5051,England,Kent,South East,51.1611,0.55249,geonames-GB
1579,bidford-on-avon,Bidford-on-Avon,5047,England,Warwickshire,West Midlands,52.16964,-1.85955,geonames-GB
1580,hengoed,Hengoed,5044,Wales,Caerphilly,Wales,51.65083,-3.23167,geonames-GB
1581,polmont,Polmont,5040,Scotland,Falkirk,East and Central Scotland,55.9905,-3.70737,geonames-GB
1582,shipston-on-stour,Shipston on Stour,5038,England,Warwickshire,West Midlands,52.06057,-1.62778,geonames-GB
1583,wirksworth,Wirksworth,5038,England,Derbyshire,East Midlands,53.08232,-1.57391,geonames-GB
1584,faifley,Faifley,5030,Scotland,West Dunbartonshire,West Central Scotland,55.92853,-4.38509,geonames-GB
1585,scone,Scone,5030,Scotland,Perth and Kinross,East and Central Scotland,56.41942,-3.40507,geonames-GB
1586,pyrford,Pyrford,5022,England,Surrey,South East,51.31471,-0.51022,geonames-GB
1587,gresford,Gresford,5010,Wales,Wrexham,Wales,53.08539,-2.97062,geonames-GB
1588,cradley-heath,Cradley Heath,5001,England,Sandwell,West Midlands,52.47214,-2.08212,geonames-GB
1589,donington-le-heath,Donington le Heath,5001,England,Leicestershire,East Midlands,52.70786,-1.37844,geonames-GB
1590,east-boldon,East Boldon,5001,England,South Tyneside,North East,54.94452,-1.42815,geonames-GB
1591,bilston,Bilston,5000,England,Wolverhampton,West Midlands,52.56568,-2.07367,geonames-GB
1592,copthorne,Copthorne,5000,England,West Sussex,South East,51.13929,-0.11742,geonames-GB
1593,markfield,Markfield,4993,England,Leicestershire,East Midlands,52.68747,-1.27476,geonames-GB
1594,barton-le-clay,Barton-le-Clay,4992,England,Central Bedfordshire,East of England,51.96598,-0.42731,geonames-GB
1595,tickhill,Tickhill,4992,England,Doncaster,Yorkshire and the Humber,53.43194,-1.10859,geonames-GB
1596,rusthall,Rusthall,4976,England,Kent,South East,51.13643,0.22931,geonames-GB
1597,overcombe,Overcombe,4971,England,Dorset,South West,50.63509,-2.43207,geonames-GB
1598,buntingford,Buntingford,4948,England,Hertfordshire,East of England,51.94612,-0.01841,geonames-GB
1599,oughtibridge,Oughtibridge,4939,England,Sheffield,Yorkshire and the Humber,53.43612,-1.53902,geonames-GB
1600,oxshott,Oxshott,4922,England,Surrey,South East,51.33217,-0.3562,geonames-GB
1601,cardenden,Cardenden,4913,Scotland,Fife,East and Central Scotland,56.1431,-3.25687,geonames-GB
1602,datchet,Datchet,4913,England,Windsor and Maidenhead,South East,51.4839,-0.57893,geonames-GB
1603,kinross,Kinross,4910,Scotland,Perth and Kinross,East and Central Scotland,56.20466,-3.42138,geonames-GB
1604,tankerton,Tankerton,4900,England,Kent,South East,51.3637,1.04913,geonames-GB
1605,winterton,Winterton,4899,England,North Lincolnshire,Yorkshire and the Humber,53.65497,-0.59885,geonames-GB
1606,ottery-st-mary,Ottery St Mary,4898,England,Devon,South West,50.75,-3.26667,geonames-GB
1607,fleckney,Fleckney,4894,England,Leicestershire,East Midlands,52.53497,-1.04598,geonames-GB
1608,shiremoor,Shiremoor,4889,England,North Tyneside,North East,55.03535,-1.5095,geonames-GB
1609,castleside,Castleside,4881,England,County Durham,North East,54.83429,-1.87849,geonames-GB
1610,paulton,Paulton,4873,England,Bath and North East Somerset,South West,51.30472,-2.50028,geonames-GB
1611,potton,Potton,4870,England,Central Bedfordshire,East of England,52.12911,-0.21561,geonames-GB
1612,brampton,Brampton,4862,England,Cambridgeshire,East of England,52.32039,-0.22007,geonames-GB
1613,bridge-of-weir,Bridge of Weir,4860,Scotland,Renfrewshire,West Central Scotland,55.85582,-4.57894,geonames-GB
1614,sandwich,Sandwich,4851,England,Kent,South East,51.27223,1.33776,geonames-GB
1615,old-kilpatrick,Old Kilpatrick,4850,Scotland,West Dunbartonshire,West Central Scotland,55.92241,-4.45567,geonames-GB
1616,fauldhouse,Fauldhouse,4840,Scotland,West Lothian,South East Scotland,55.82749,-3.70741,geonames-GB
1617,writtle,Writtle,4840,England,Essex,East of England,51.72906,0.42938,geonames-GB
1618,gateacre,Gateacre,4834,England,Liverpool,North West,53.38301,-2.86121,geonames-GB
1619,albrighton,Albrighton,4829,England,Shropshire,West Midlands,52.6364,-2.27966,geonames-GB
1620,essington,Essington,4829,England,Staffordshire,West Midlands,52.6291,-2.0577,geonames-GB
1621,easton-in-gordano,Easton-in-Gordano,4824,England,North Somerset,South West,51.47592,-2.69987,geonames-GB
1622,loftus,Loftus,4824,England,Redcar and Cleveland,North East,54.55543,-0.89459,geonames-GB
1623,sonning-common,Sonning Common,4821,England,Oxfordshire,South East,51.51873,-0.97753,geonames-GB
1624,henfield,Henfield,4799,England,West Sussex,South East,50.92995,-0.27071,geonames-GB
1625,six-bells,Six Bells,4797,Wales,Blaenau Gwent,Wales,51.72292,-3.1274,geonames-GB
1626,grange-over-sands,Grange-over-Sands,4788,England,Cumbria,North West,54.18508,-2.92488,geonames-GB
1627,market-rasen,Market Rasen,4773,England,Lincolnshire,East Midlands,53.38764,-0.33781,geonames-GB
1628,menston,Menston,4764,England,Bradford,Yorkshire and the Humber,53.89041,-1.74395,geonames-GB
1629,west-kilbride,West Kilbride,4760,Scotland,North Ayrshire,West Central Scotland,55.69004,-4.85771,geonames-GB
1630,stokesley,Stokesley,4757,England,North Yorkshire,Yorkshire and the Humber,54.46998,-1.1933,geonames-GB
1631,whalley,Whalley,4754,England,Lancashire,North West,53.82209,-2.40712,geonames-GB
1632,kingswells,Kingswells,4750,Scotland,Aberdeen City,North East Scotland,57.15798,-2.22426,geonames-GB
1633,maybole,Maybole,4750,Scotland,South Ayrshire,West Central Scotland,55.35503,-4.68026,geonames-GB
1634,uppingham,Uppingham,4745,England,Rutland,East Midlands,52.58803,-0.72272,geonames-GB
1635,keith,Keith,4740,Scotland,Moray,North East Scotland,57.53633,-2.94811,geonames-GB
1636,kirkliston,Kirkliston,4740,Scotland,Edinburgh,South East Scotland,55.95364,-3.40288,geonames-GB
1637,bethesda,Bethesda,4735,Wales,Gwynedd,Wales,53.1815,-4.05828,geonames-GB
1638,bovey-tracey,Bovey Tracey,4729,England,Devon,South West,50.59259,-3.67543,geonames-GB
1639,coggeshall,Coggeshall,4727,England,Essex,East of England,51.87077,0.68536,geonames-GB
1640,kinvere,Kinvere,4723,England,Staffordshire,West Midlands,52.45,-2.23333,geonames-GB
1641,alva,Alva,4720,Scotland,Clackmannanshire,East and Central Scotland,56.15284,-3.80505,geonames-GB
1642,heacham,Heacham,4714,England,Norfolk,East of England,52.90782,0.49387,geonames-GB
1643,lyme-regis,Lyme Regis,4712,England,Dorset,South West,50.72654,-2.93477,geonames-GB
1644,east-calder,East Calder,4710,Scotland,West Lothian,South East Scotland,55.89186,-3.46372,geonames-GB
1645,radyr,Radyr,4710,Wales,Cardiff,Wales,51.51864,-3.25829,geonames-GB
1646,hope,Hope,4706,Wales,Flintshire,Wales,53.11667,-3.03333,geonames-GB
1647,cwmtillery,Cwmtillery,4703,Wales,Blaenau Gwent,Wales,51.74495,-3.13188,geonames-GB
1648,kingskerswell,Kingskerswell,4703,England,Devon,South West,50.49915,-3.58195,geonames-GB
1649,brightons,Brightons,4700,Scotland,Falkirk,East and Central Scotland,55.98028,-3.71613,geonames-GB
1650,tenby,Tenby,4696,Wales,Pembrokeshire,Wales,51.67279,-4.70447,geonames-GB
1651,galston,Galston,4690,Scotland,East Ayrshire,West Central Scotland,55.60093,-4.38172,geonames-GB
1652,melbourn,Melbourn,4689,England,Cambridgeshire,East of England,52.08128,0.01514,geonames-GB
1653,duffield,Duffield,4687,England,Derbyshire,East Midlands,52.98627,-1.48865,geonames-GB
1654,kintore,Kintore,4680,Scotland,Aberdeenshire,North East Scotland,57.23721,-2.3454,geonames-GB
1655,broughton-north-lincolnshire,Broughton,4677,England,North Lincolnshire,Yorkshire and the Humber,53.56667,-0.55,geonames-GB
1656,shrivenham,Shrivenham,4676,England,Oxfordshire,South East,51.59853,-1.65461,geonames-GB
1657,caergwrle,Caergwrle,4673,Wales,Flintshire,Wales,53.10953,-3.03808,geonames-GB
1658,grimethorpe,Grimethorpe,4672,England,Barnsley,Yorkshire and the Humber,53.5765,-1.37688,geonames-GB
1659,bromham,Bromham,4670,England,Bedford,East of England,52.14508,-0.52906,geonames-GB
1660,ripponden,Ripponden,4665,England,Calderdale,Yorkshire and the Humber,53.67449,-1.94183,geonames-GB
1661,keswick,Keswick,4658,England,Cumbria,North West,54.59947,-3.13256,geonames-GB
1662,armitage,Armitage,4650,England,Staffordshire,West Midlands,52.74193,-1.88266,geonames-GB
1663,eynsham,Eynsham,4648,England,Oxfordshire,South East,51.78077,-1.37454,geonames-GB
1664,eccleston,Eccleston,4646,England,Lancashire,North West,53.64236,-2.72162,geonames-GB
1665,bishopton,Bishopton,4640,Scotland,Renfrewshire,West Central Scotland,55.90969,-4.5056,geonames-GB
1666,dersingham,Dersingham,4640,England,Norfolk,East of England,52.84549,0.50339,geonames-GB
1667,long-sutton,Long Sutton,4633,England,Hampshire,South East,51.21978,-0.94293,geonames-GB
1668,brampton-cumbria,Brampton,4627,England,Cumbria,North West,54.95,-2.73333,geonames-GB
1669,mytchett,Mytchett,4624,England,Surrey,South East,51.2882,-0.72866,geonames-GB
1670,highbridge,Highbridge,4606,England,Somerset,South West,51.21667,-2.98333,geonames-GB
1671,bedale,Bedale,4601,England,North Yorkshire,Yorkshire and the Humber,54.28811,-1.59181,geonames-GB
1672,bricket-wood,Bricket Wood,4600,England,Hertfordshire,East of England,51.70734,-0.36712,geonames-GB
1673,kennoway,Kennoway,4600,Scotland,Fife,East and Central Scotland,56.21081,-3.04917,geonames-GB
1674,little-clacton,Little Clacton,4590,England,Essex,East of England,51.82557,1.14215,geonames-GB
1675,toddington,Toddington,4585,England,Central Bedfordshire,East of England,51.94922,-0.53277,geonames-GB
1676,taibach,Taibach,4582,Wales,Neath Port Talbot,Wales,51.58333,-3.76667,geonames-GB
1677,clapham,Clapham,4560,England,Bedford,East of England,52.16085,-0.49529,geonames-GB
1678,peterculter,Peterculter,4560,Scotland,Aberdeen City,North East Scotland,57.09929,-2.26588,geonames-GB
1679,huntly,Huntly,4550,Scotland,Aberdeenshire,North East Scotland,57.44741,-2.78608,geonames-GB
1680,cross-hands,Cross Hands,4549,Wales,Carmarthenshire,Wales,51.79306,-4.0875,geonames-GB
1681,skelmanthorpe,Skelmanthorpe,4549,England,Kirklees,Yorkshire and the Humber,53.59057,-1.65173,geonames-GB
1682,aylesford,Aylesford,4548,England,Kent,South East,51.30374,0.47936,geonames-GB
1683,winscombe,Winscombe,4546,England,North Somerset,South West,51.3181,-2.83224,geonames-GB
1684,langley-park,Langley Park,4545,England,County Durham,North East,54.79979,-1.67005,geonames-GB
1685,earby,Earby,4538,England,Lancashire,North West,53.91546,-2.14285,geonames-GB
1686,winchcombe,Winchcombe,4538,England,Gloucestershire,South West,51.95363,-1.96398,geonames-GB
1687,salfords,Salfords,4534,England,Surrey,South East,51.2043,-0.16947,geonames-GB
1688,needham-market,Needham Market,4528,England,Suffolk,East of England,52.1555,1.0516,geonames-GB
1689,linton,Linton,4525,England,Cambridgeshire,East of England,52.09783,0.27672,geonames-GB
1690,martock,Martock,4522,England,Somerset,South West,50.97361,-2.76684,geonames-GB
1691,great-ayton,Great Ayton,4518,England,North Yorkshire,Yorkshire and the Humber,54.49148,-1.13623,geonames-GB
1692,camelon,Camelon,4508,Scotland,Falkirk,East and Central Scotland,56.00302,-3.82072,geonames-GB
1693,campbeltown,Campbeltown,4500,Scotland,Argyll and Bute,Highlands and Argyll,55.42583,-5.60764,geonames-GB
1694,little-chalfont,Little Chalfont,4497,England,Buckinghamshire,South East,51.66829,-0.57038,geonames-GB
1695,claydon,Claydon,4488,England,Suffolk,East of England,52.10672,1.11134,geonames-GB
1696,hartley-wintney,Hartley Wintney,4488,England,Hampshire,South East,51.30379,-0.90019,geonames-GB
1697,norton-doncaster,Norton,4486,England,Doncaster,Yorkshire and the Humber,53.63333,-1.18333,geonames-GB
1698,donnington,Donnington,4477,England,Gloucestershire,South West,51.95135,-1.72142,geonames-GB
1699,deysbrook,Deysbrook,4475,England,Liverpool,North West,53.43333,-2.88333,geonames-GB
1700,ratby,Ratby,4468,England,Leicestershire,East Midlands,52.64989,-1.24137,geonames-GB
1701,wootton,Wootton,4467,England,Kent,South East,51.1738,1.1794,geonames-GB
1702,cowpen,Cowpen,4466,England,Northumberland,North East,55.12728,-1.54033,geonames-GB
1703,harleston,Harleston,4458,England,Norfolk,East of England,52.40302,1.29664,geonames-GB
1704,blidworth,Blidworth,4457,England,Nottinghamshire,East Midlands,53.09849,-1.11689,geonames-GB
1705,sedgefield,Sedgefield,4456,England,County Durham,North East,54.65329,-1.44952,geonames-GB
1706,cuxton,Cuxton,4438,England,Medway,South East,51.3743,0.45688,geonames-GB
1707,long-stratton,Long Stratton,4434,England,Norfolk,East of England,52.48803,1.23478,geonames-GB
1708,ludgershall,Ludgershall,4427,England,Wiltshire,South West,51.25558,-1.6222,geonames-GB
1709,irchester,Irchester,4419,England,North Northamptonshire,East Midlands,52.28108,-0.6451,geonames-GB
1710,alderley-edge,Alderley Edge,4408,England,Cheshire East,North West,53.30393,-2.23773,geonames-GB
1711,winslow,Winslow,4407,England,Buckinghamshire,South East,51.94284,-0.88131,geonames-GB
1712,melbourne,Melbourne,4404,England,Derbyshire,East Midlands,52.8219,-1.42522,geonames-GB
1713,wooburn-green,Wooburn Green,4400,England,Buckinghamshire,South East,51.58776,-0.67935,geonames-GB
1714,haddenham,Haddenham,4391,England,Buckinghamshire,South East,51.77326,-0.92628,geonames-GB
1715,coningsby,Coningsby,4388,England,Lincolnshire,East Midlands,53.10598,-0.17595,geonames-GB
1716,kings-worthy,Kings Worthy,4388,England,Hampshire,South East,51.08862,-1.2978,geonames-GB
1717,dunvant,Dunvant,4383,Wales,Swansea,Wales,51.62535,-4.03458,geonames-GB
1718,lesmahagow,Lesmahagow,4380,Scotland,South Lanarkshire,West Central Scotland,55.63668,-3.88736,geonames-GB
1719,lakenheath,Lakenheath,4369,England,Suffolk,East of England,52.41755,0.52211,geonames-GB
1720,cranbrook,Cranbrook,4368,England,Kent,South East,51.09662,0.53567,geonames-GB
1721,meopham,Meopham,4361,England,Kent,South East,51.36844,0.36007,geonames-GB
1722,easingwold,Easingwold,4358,England,North Yorkshire,Yorkshire and the Humber,54.1201,-1.1939,geonames-GB
1723,milford-on-sea,Milford on Sea,4348,England,Hampshire,South East,50.72561,-1.59004,geonames-GB
1724,wootton-bedford,Wootton,4344,England,Bedford,East of England,52.09525,-0.53494,geonames-GB
1725,borough-green,Borough Green,4342,England,Kent,South East,51.29158,0.30478,geonames-GB
1726,buckhaven,Buckhaven,4340,Scotland,Fife,East and Central Scotland,56.17149,-3.03377,geonames-GB
1727,woodhall-spa,Woodhall Spa,4331,England,Lincolnshire,East Midlands,53.15215,-0.21453,geonames-GB
1728,cwmbach,Cwmbach,4330,Wales,Rhondda Cynon Taf,Wales,51.70556,-3.40944,geonames-GB
1729,kessingland,Kessingland,4327,England,Suffolk,East of England,52.41987,1.70878,geonames-GB
1730,wheathampstead,Wheathampstead,4326,England,Hertfordshire,East of England,51.81148,-0.29371,geonames-GB
1731,newent,Newent,4322,England,Gloucestershire,South West,51.93365,-2.40815,geonames-GB
1732,fremington,Fremington,4310,England,Devon,South West,51.06955,-4.1366,geonames-GB
1733,rothesay,Rothesay,4310,Scotland,Argyll and Bute,Highlands and Argyll,55.83648,-5.05508,geonames-GB
1734,finedon,Finedon,4309,England,North Northamptonshire,East Midlands,52.33917,-0.65008,geonames-GB
1735,crawley-down,Crawley Down,4300,England,West Sussex,South East,51.12061,-0.0773,geonames-GB
1736,pontycymer,Pontycymer,4288,Wales,Bridgend,Wales,51.61118,-3.58421,geonames-GB
1737,cuffley,Cuffley,4282,England,Hertfordshire,East of England,51.70799,-0.11209,geonames-GB
1738,epworth,Epworth,4279,England,North Lincolnshire,Yorkshire and the Humber,53.52602,-0.82399,geonames-GB
1739,upwell,Upwell,4278,England,Norfolk,East of England,52.60249,0.2219,geonames-GB
1740,dalbeattie,Dalbeattie,4260,Scotland,Dumfries and Galloway,South Scotland,54.93278,-3.82271,geonames-GB
1741,fitzwilliam,Fitzwilliam,4259,England,Wakefield,Yorkshire and the Humber,53.63288,-1.3769,geonames-GB
1742,culloden,Culloden,4240,Scotland,Highland,Highlands and Argyll,57.48699,-4.1415,geonames-GB
1743,wimblington,Wimblington,4239,England,Cambridgeshire,East of England,52.50925,0.08416,geonames-GB
1744,hebden-bridge,Hebden Bridge,4235,England,Calderdale,Yorkshire and the Humber,53.74093,-2.01337,geonames-GB
1745,bramley,Bramley,4233,England,Hampshire,South East,51.32677,-1.05938,geonames-GB
1746,west-end,West End,4227,England,Hampshire,South East,50.92741,-1.33282,geonames-GB
1747,saxmundham,Saxmundham,4225,England,Suffolk,East of England,52.21497,1.48805,geonames-GB
1748,somerton,Somerton,4225,England,Oxfordshire,South East,51.95421,-1.27613,geonames-GB
1749,aston-clinton,Aston Clinton,4216,England,Buckinghamshire,South East,51.8002,-0.7254,geonames-GB
1750,crowland,Crowland,4211,England,Lincolnshire,East Midlands,52.67571,-0.16849,geonames-GB
1751,wargrave,Wargrave,4209,England,Wokingham,South East,51.50068,-0.86577,geonames-GB
1752,new-tredegar,New Tredegar,4208,Wales,Caerphilly,Wales,51.72051,-3.2413,geonames-GB
1753,stoke-poges,Stoke Poges,4204,England,Buckinghamshire,South East,51.54441,-0.5888,geonames-GB
1754,newport-on-tay,Newport-on-Tay,4203,Scotland,Fife,East and Central Scotland,56.43911,-2.9367,geonames-GB
1755,steeton,Steeton,4196,England,Bradford,Yorkshire and the Humber,53.88333,-1.95,geonames-GB
1756,windlesham,Windlesham,4194,England,Surrey,South East,51.36509,-0.65476,geonames-GB
1757,lockerbie,Lockerbie,4190,Scotland,Dumfries and Galloway,South Scotland,55.12302,-3.35635,geonames-GB
1758,thornliebank,Thornliebank,4190,Scotland,East Renfrewshire,West Central Scotland,55.80454,-4.31746,geonames-GB
1759,kennington,Kennington,4178,England,Kent,South East,51.1674,0.88491,geonames-GB
1760,loudwater,Loudwater,4170,England,Buckinghamshire,South East,51.61073,-0.70153,geonames-GB
1761,glanamman,Glanamman,4168,Wales,Carmarthenshire,Wales,51.8,-3.93333,geonames-GB
1762,boroughbridge,Boroughbridge,4163,England,North Yorkshire,Yorkshire and the Humber,54.0895,-1.4011,geonames-GB
1763,horsford,Horsford,4163,England,Norfolk,East of England,52.70153,1.24015,geonames-GB
1764,knebworth,Knebworth,4155,England,Hertfordshire,East of England,51.86674,-0.18394,geonames-GB
1765,shenley,Shenley,4143,England,Hertfordshire,East of England,51.69054,-0.28067,geonames-GB
1766,howden,Howden,4142,England,East Riding of Yorkshire,Yorkshire and the Humber,53.7463,-0.86994,geonames-GB
1767,mauchline,Mauchline,4130,Scotland,East Ayrshire,West Central Scotland,55.51604,-4.37928,geonames-GB
1768,daresbury,Daresbury,4122,England,Halton,North West,53.34184,-2.635,geonames-GB
1769,bromyard,Bromyard,4117,England,Herefordshire,West Midlands,52.19019,-2.50875,geonames-GB
1770,bawtry,Bawtry,4109,England,Doncaster,Yorkshire and the Humber,53.43146,-1.01878,geonames-GB
1771,bramley-surrey,Bramley,4107,England,Surrey,South East,51.19451,-0.55927,geonames-GB
1772,burton,Burton,4106,England,Lincolnshire,East Midlands,53.26667,-0.56667,geonames-GB
1773,wooburn,Wooburn,4100,England,Buckinghamshire,South East,51.57888,-0.693,geonames-GB
1774,west-bay,West Bay,4084,England,Dorset,South West,50.71084,-2.76107,geonames-GB
1775,waddington,Waddington,4081,England,Lincolnshire,East Midlands,53.16667,-0.53333,geonames-GB
1776,goring,Goring,4079,England,Oxfordshire,South East,51.52322,-1.13342,geonames-GB
1777,church,Church,4077,England,Lancashire,North West,53.75177,-2.39121,geonames-GB
1778,pwllheli,Pwllheli,4076,Wales,Gwynedd,Wales,52.8899,-4.41451,geonames-GB
1779,saltford,Saltford,4073,England,Bath and North East Somerset,South West,51.40139,-2.45944,geonames-GB
1780,castle-douglas,Castle Douglas,4070,Scotland,Dumfries and Galloway,South Scotland,54.94095,-3.92784,geonames-GB
1781,lennoxtown,Lennoxtown,4060,Scotland,East Dunbartonshire,West Central Scotland,55.97263,-4.20001,geonames-GB
1782,stokenchurch,Stokenchurch,4056,England,Buckinghamshire,South East,51.65831,-0.8974,geonames-GB
1783,wadhurst,Wadhurst,4051,England,East Sussex,South East,51.0623,0.33929,geonames-GB
1784,gunnislake,Gunnislake,4044,England,Cornwall,South West,50.52441,-4.21333,geonames-GB
1785,tumble,Tumble,4040,Wales,Carmarthenshire,Wales,51.78361,-4.10972,geonames-GB
1786,bar-hill,Bar Hill,4032,England,Cambridgeshire,East of England,52.24899,0.02883,geonames-GB
1787,cricklade,Cricklade,4030,England,Wiltshire,South West,51.64061,-1.85738,geonames-GB
1788,macduff,Macduff,4030,Scotland,Aberdeenshire,North East Scotland,57.67012,-2.49686,geonames-GB
1789,sharlston,Sharlston,4028,England,Wakefield,Yorkshire and the Humber,53.66956,-1.41294,geonames-GB
1790,southminster,Southminster,4025,England,Essex,East of England,51.66228,0.82968,geonames-GB
1791,willingham,Willingham,4015,England,Cambridgeshire,East of England,52.31404,0.05776,geonames-GB
1792,chudleigh,Chudleigh,4011,England,Devon,South West,50.60496,-3.60031,geonames-GB
1793,newton-stewart,Newton Stewart,4010,Scotland,Dumfries and Galloway,South Scotland,54.95784,-4.48315,geonames-GB
1794,chirk,Chirk,4007,Wales,Wrexham,Wales,52.93586,-3.05738,geonames-GB
1795,blaenau-ffestiniog,Blaenau-Ffestiniog,4005,Wales,Gwynedd,Wales,52.99464,-3.93697,geonames-GB
1796,banff,Banff,4000,Scotland,Aberdeenshire,North East Scotland,57.66477,-2.52964,geonames-GB
1797,brookmans-park,Brookmans Park,4000,England,Hertfordshire,East of England,51.71977,-0.20153,geonames-GB
1798,kilmacolm,Kilmacolm,4000,Scotland,Inverclyde,West Central Scotland,55.8947,-4.62643,geonames-GB
1799,pulborough,Pulborough,3993,England,West Sussex,South East,50.95753,-0.5128,geonames-GB
1800,dickens-heath,Dickens Heath,3992,England,Solihull,West Midlands,52.38568,-1.83935,geonames-GB
1801,llantwit-fardre,Llantwit Fardre,3992,Wales,Rhondda Cynon Taf,Wales,51.5546,-3.33241,geonames-GB
1802,saxilby,Saxilby,3992,England,Lincolnshire,East Midlands,53.26746,-0.66253,geonames-GB
1803,claydon-oxfordshire,Claydon,3983,England,Oxfordshire,South East,52.14813,-1.33295,geonames-GB
1804,ingoldmells,Ingoldmells,3975,England,Lincolnshire,East Midlands,53.19414,0.33358,geonames-GB
1805,stalham,Stalham,3971,England,Norfolk,East of England,52.77079,1.51783,geonames-GB
1806,chipping-ongar,Chipping Ongar,3967,England,Essex,East of England,51.70379,0.24548,geonames-GB
1807,hawkhurst,Hawkhurst,3963,England,Kent,South East,51.0479,0.51095,geonames-GB
1808,keele,Keele,3953,England,Staffordshire,West Midlands,53.00382,-2.28741,geonames-GB
1809,elmswell,Elmswell,3950,England,Suffolk,East of England,52.23616,0.91247,geonames-GB
1810,hatfield-peverel,Hatfield Peverel,3950,England,Essex,East of England,51.77591,0.59489,geonames-GB
1811,milton-of-campsie,Milton of Campsie,3950,Scotland,East Dunbartonshire,West Central Scotland,55.9612,-4.16508,geonames-GB
1812,bakewell,Bakewell,3949,England,Derbyshire,East Midlands,53.21338,-1.67481,geonames-GB
1813,mytholmroyd,Mytholmroyd,3949,England,Calderdale,Yorkshire and the Humber,53.73065,-1.98258,geonames-GB
1814,hamble-le-rice,Hamble-le-Rice,3939,England,Hampshire,South East,50.85966,-1.32432,geonames-GB
1815,invergordon,Invergordon,3930,Scotland,Highland,Highlands and Argyll,57.6886,-4.16745,geonames-GB
1816,crowle,Crowle,3928,England,North Lincolnshire,Yorkshire and the Humber,53.60753,-0.83256,geonames-GB
1817,lamesley,Lamesley,3928,England,Gateshead,North East,54.91567,-1.60945,geonames-GB
1818,lingfield,Lingfield,3920,England,Surrey,South East,51.17719,-0.01558,geonames-GB
1819,tayport,Tayport,3920,Scotland,Fife,East and Central Scotland,56.44699,-2.87966,geonames-GB
1820,pinchbeck,Pinchbeck,3918,England,Lincolnshire,East Midlands,52.81303,-0.16256,geonames-GB
1821,eaton-bray,Eaton Bray,3912,England,Central Bedfordshire,East of England,51.87697,-0.59167,geonames-GB
1822,parbold,Parbold,3904,England,Lancashire,North West,53.59145,-2.77028,geonames-GB
1823,rothley,Rothley,3897,England,Leicestershire,East Midlands,52.70916,-1.13739,geonames-GB
1824,madeley,Madeley,3893,England,Staffordshire,West Midlands,53.0,-2.33333,geonames-GB
1825,lydd,Lydd,3889,England,Kent,South East,50.95132,0.90654,geonames-GB
1826,marsden,Marsden,3889,England,Kirklees,Yorkshire and the Humber,53.6,-1.91667,geonames-GB
1827,bowburn,Bowburn,3884,England,County Durham,North East,54.7385,-1.52521,geonames-GB
1828,sutton-bridge,Sutton Bridge,3882,England,Lincolnshire,East Midlands,52.76995,0.1855,geonames-GB
1829,south-cave,South Cave,3879,England,East Riding of Yorkshire,Yorkshire and the Humber,53.76987,-0.60107,geonames-GB
1830,old-basing,Old Basing,3876,England,Hampshire,South East,51.26667,-1.03333,geonames-GB
1831,conwy,Conwy,3873,Wales,Conwy,Wales,53.28077,-3.83039,geonames-GB
1832,gnosall,Gnosall,3869,England,Staffordshire,West Midlands,52.78558,-2.25483,geonames-GB
1833,earls-colne,Earls Colne,3862,England,Essex,East of England,51.92744,0.70107,geonames-GB
1834,silver-end,Silver End,3861,England,Essex,East of England,51.84734,0.62399,geonames-GB
1835,barlby,Barlby,3860,England,North Yorkshire,Yorkshire and the Humber,53.79964,-1.04061,geonames-GB
1836,darvel,Darvel,3860,Scotland,East Ayrshire,West Central Scotland,55.60976,-4.28142,geonames-GB
1837,jedburgh,Jedburgh,3860,Scotland,Scottish Borders,South East Scotland,55.47997,-2.552,geonames-GB
1838,branston,Branston,3852,England,Lincolnshire,East Midlands,53.19544,-0.47482,geonames-GB
1839,marston-moretaine,Marston Moretaine,3850,England,Central Bedfordshire,East of England,52.0641,-0.54932,geonames-GB
1840,tenbury-wells,Tenbury Wells,3849,England,Worcestershire,West Midlands,52.31077,-2.59621,geonames-GB
1841,whitwell,Whitwell,3846,England,Derbyshire,East Midlands,53.28333,-1.21667,geonames-GB
1842,girton,Girton,3836,England,Cambridgeshire,East of England,52.23333,0.08333,geonames-GB
1843,blackmoorfoot,Blackmoorfoot,3835,England,Kirklees,Yorkshire and the Humber,53.61423,-1.85588,geonames-GB
1844,linthwaite,Linthwaite,3835,England,Kirklees,Yorkshire and the Humber,53.62418,-1.85017,geonames-GB
1845,alford,Alford,3830,England,Lincolnshire,East Midlands,53.25943,0.17625,geonames-GB
1846,kemnay,Kemnay,3830,Scotland,Aberdeenshire,North East Scotland,57.23573,-2.44395,geonames-GB
1847,theydon-bois,Theydon Bois,3829,England,Essex,East of England,51.67426,0.09781,geonames-GB
1848,warboys,Warboys,3825,England,Cambridgeshire,East of England,52.40352,-0.07931,geonames-GB
1849,heckington,Heckington,3823,England,Lincolnshire,East Midlands,52.98183,-0.29903,geonames-GB
1850,deanshanger,Deanshanger,3817,England,West Northamptonshire,East Midlands,52.04996,-0.88663,geonames-GB
1851,sutton-cambridgeshire,Sutton,3816,England,Cambridgeshire,East of England,52.38804,0.11866,geonames-GB
1852,holt,Holt,3810,England,Norfolk,East of England,52.90591,1.08863,geonames-GB
1853,cowbridge,Cowbridge,3804,Wales,Vale of Glamorgan,Wales,51.46028,-3.44167,geonames-GB
1854,pangbourne,Pangbourne,3802,England,West Berkshire,South East,51.4837,-1.08519,geonames-GB
1855,nash-mills,Nash Mills,3800,England,Hertfordshire,East of England,51.72373,-0.44674,geonames-GB
1856,barton-under-needwood,Barton under Needwood,3796,England,Staffordshire,West Midlands,52.76268,-1.724,geonames-GB
1857,aylesham,Aylesham,3793,England,Kent,South East,51.22539,1.20157,geonames-GB
1858,stoney-stanton,Stoney Stanton,3793,England,Leicestershire,East Midlands,52.54839,-1.2793,geonames-GB
1859,haltwhistle,Haltwhistle,3791,England,Northumberland,North East,54.97101,-2.45682,geonames-GB
1860,wickham-bishops,Wickham Bishops,3788,England,Essex,East of England,51.7783,0.66823,geonames-GB
1861,tibshelf,Tibshelf,3787,England,Derbyshire,East Midlands,53.14436,-1.34056,geonames-GB
1862,kirkburton,Kirkburton,3786,England,Kirklees,Yorkshire and the Humber,53.61047,-1.70292,geonames-GB
1863,auchinleck,Auchinleck,3760,Scotland,East Ayrshire,West Central Scotland,55.47157,-4.29337,geonames-GB
1864,long-buckby,Long Buckby,3759,England,West Northamptonshire,East Midlands,52.3026,-1.08113,geonames-GB
1865,cairnryan,Cairnryan,3757,Scotland,Dumfries and Galloway,South Scotland,54.97104,-5.01982,geonames-GB
1866,burton-joyce,Burton Joyce,3752,England,Nottinghamshire,East Midlands,52.98825,-1.03407,geonames-GB
1867,llanbradach,Llanbradach,3746,Wales,Caerphilly,Wales,51.60639,-3.23028,geonames-GB
1868,burnopfield,Burnopfield,3735,England,County Durham,North East,54.90624,-1.72486,geonames-GB
1869,addingham,Addingham,3730,England,Bradford,Yorkshire and the Humber,53.94452,-1.88424,geonames-GB
1870,kingsbury,Kingsbury,3730,England,Warwickshire,West Midlands,52.56106,-1.67936,geonames-GB
1871,cosby,Cosby,3728,England,Leicestershire,East Midlands,52.55127,-1.19395,geonames-GB
1872,horrabridge,Horrabridge,3728,England,Devon,South West,50.50843,-4.10042,geonames-GB
1873,newick,Newick,3726,England,East Sussex,South East,50.97518,0.01579,geonames-GB
1874,fulbourn,Fulbourn,3725,England,Cambridgeshire,East of England,52.18283,0.22046,geonames-GB
1875,mayland,Mayland,3724,England,Essex,East of England,51.68033,0.76715,geonames-GB
1876,bransgore,Bransgore,3719,England,Hampshire,South East,50.78153,-1.73771,geonames-GB
1877,knighton,Knighton,3719,Wales,Powys,Wales,52.34251,-3.04708,geonames-GB
1878,harthill,Harthill,3710,Scotland,North Lanarkshire,West Central Scotland,55.86067,-3.75166,geonames-GB
1879,rhuddlan,Rhuddlan,3709,Wales,Denbighshire,Wales,53.29203,-3.46996,geonames-GB
1880,neyland,Neyland,3708,Wales,Pembrokeshire,Wales,51.71014,-4.95155,geonames-GB
1881,forest-row,Forest Row,3704,England,East Sussex,South East,51.09641,0.03262,geonames-GB
1882,sible-hedingham,Sible Hedingham,3702,England,Essex,East of England,51.97772,0.59262,geonames-GB
1883,church-stretton,Church Stretton,3698,England,Shropshire,West Midlands,52.53778,-2.80149,geonames-GB
1884,stratfield-mortimer,Stratfield Mortimer,3698,England,West Berkshire,South East,51.37339,-1.03495,geonames-GB
1885,holton-le-clay,Holton le Clay,3691,England,Lincolnshire,East Midlands,53.5052,-0.063,geonames-GB
1886,pirbright,Pirbright,3691,England,Surrey,South East,51.29137,-0.64721,geonames-GB
1887,tain,Tain,3690,Scotland,Highland,Highlands and Argyll,57.81204,-4.05518,geonames-GB
1888,ellesmere,Ellesmere,3686,England,Shropshire,West Midlands,52.90838,-2.89806,geonames-GB
1889,southwold,Southwold,3680,England,Suffolk,East of England,52.32721,1.68017,geonames-GB
1890,marks-tey,Marks Tey,3679,England,Essex,East of England,51.87628,0.76424,geonames-GB
1891,saint-columb-major,Saint Columb Major,3679,England,Cornwall,South West,50.43163,-4.94336,geonames-GB
1892,copmanthorpe,Copmanthorpe,3674,England,York,Yorkshire and the Humber,53.91419,-1.14209,geonames-GB
1893,hinchley-wood,Hinchley Wood,3674,England,Surrey,South East,51.37461,-0.33838,geonames-GB
1894,pitstone,Pitstone,3674,England,Buckinghamshire,South East,51.8283,-0.63987,geonames-GB
1895,settle,Settle,3659,England,North Yorkshire,Yorkshire and the Humber,54.06865,-2.2772,geonames-GB
1896,bishopston,Bishopston,3647,Wales,Swansea,Wales,51.5775,-4.04806,geonames-GB
1897,dreghorn,Dreghorn,3640,Scotland,North Ayrshire,West Central Scotland,55.60807,-4.62226,geonames-GB
1898,llanfairfechan,Llanfairfechan,3637,Wales,Conwy,Wales,53.25779,-3.97423,geonames-GB
1899,pewsey,Pewsey,3634,England,Wiltshire,South West,51.33855,-1.76545,geonames-GB
1900,buckfastleigh,Buckfastleigh,3631,England,Devon,South West,50.48132,-3.77913,geonames-GB
1901,yelverton,Yelverton,3627,England,Devon,South West,50.4929,-4.08382,geonames-GB
1902,topsham,Topsham,3624,England,Devon,South West,50.68596,-3.46696,geonames-GB
1903,metheringham,Metheringham,3605,England,Lincolnshire,East Midlands,53.14015,-0.40368,geonames-GB
1904,sheerwater,Sheerwater,3603,England,Surrey,South East,51.33581,-0.53438,geonames-GB
1905,kegworth,Kegworth,3601,England,Leicestershire,East Midlands,52.83482,-1.28042,geonames-GB
1906,spixworth,Spixworth,3598,England,Norfolk,East of England,52.68529,1.32027,geonames-GB
1907,watchet,Watchet,3581,England,Somerset,South West,51.18189,-3.33079,geonames-GB
1908,eyemouth,Eyemouth,3580,Scotland,Scottish Borders,South East Scotland,55.8713,-2.0901,geonames-GB
1909,kilbarchan,Kilbarchan,3580,Scotland,Renfrewshire,West Central Scotland,55.8362,-4.55356,geonames-GB
1910,wilton,Wilton,3579,England,Wiltshire,South West,51.07926,-1.8621,geonames-GB
1911,banks,Banks,3572,England,Lancashire,North West,53.68333,-2.91667,geonames-GB
1912,hadston,Hadston,3570,England,Northumberland,North East,55.29428,-1.60392,geonames-GB
1913,puckeridge,Puckeridge,3561,England,Hertfordshire,East of England,51.89013,0.01309,geonames-GB
1914,penyffordd,Penyffordd,3554,Wales,Flintshire,Wales,53.14829,-3.04584,geonames-GB
1915,purton,Purton,3554,England,Wiltshire,South West,51.58889,-1.87419,geonames-GB
1916,brockenhurst,Brockenhurst,3552,England,Hampshire,South East,50.81936,-1.57303,geonames-GB
1917,loddon,Loddon,3552,England,Norfolk,East of England,52.5327,1.48183,geonames-GB
1918,queenborough,Queenborough,3548,England,Kent,South East,51.4176,0.74441,geonames-GB
1919,aberfan,Aberfan,3547,Wales,Merthyr Tydfil,Wales,51.68892,-3.34178,geonames-GB
1920,kirton,Kirton,3546,England,Lincolnshire,East Midlands,52.92774,-0.06008,geonames-GB
1921,lanchester,Lanchester,3543,England,County Durham,North East,54.82108,-1.74256,geonames-GB
1922,alvechurch,Alvechurch,3534,England,Worcestershire,West Midlands,52.35173,-1.96531,geonames-GB
1923,hinton,Hinton,3533,England,South Gloucestershire,South West,51.48972,-2.38472,geonames-GB
1924,stamford-bridge,Stamford Bridge,3528,England,East Riding of Yorkshire,Yorkshire and the Humber,53.9885,-0.91547,geonames-GB
1925,finningley,Finningley,3525,England,Doncaster,Yorkshire and the Humber,53.48696,-0.99083,geonames-GB
1926,somersham,Somersham,3524,England,Cambridgeshire,East of England,52.38333,0.0,geonames-GB
1927,coxhoe,Coxhoe,3522,England,County Durham,North East,54.71475,-1.50356,geonames-GB
1928,woodstock,Woodstock,3521,England,Oxfordshire,South East,51.8485,-1.35132,geonames-GB
1929,bilsthorpe,Bilsthorpe,3514,England,Nottinghamshire,East Midlands,53.14024,-1.03392,geonames-GB
1930,willingham-lincolnshire,Willingham,3513,England,Lincolnshire,East Midlands,53.35,-0.68333,geonames-GB
1931,nether-poppleton,Nether Poppleton,3504,England,York,Yorkshire and the Humber,53.98793,-1.15062,geonames-GB
1932,ynysybwl,Ynysybwl,3503,Wales,Rhondda Cynon Taf,Wales,51.63922,-3.36036,geonames-GB
1933,sturminster-newton,Sturminster Newton,3501,England,Dorset,South West,50.92681,-2.30515,geonames-GB
1934,cuckfield,Cuckfield,3500,England,West Sussex,South East,51.01073,-0.14068,geonames-GB
1935,cults,Cults,3500,Scotland,Aberdeen City,North East Scotland,57.11667,-2.16667,geonames-GB
1936,jersey-farm,Jersey Farm,3500,England,Hertfordshire,East of England,51.77,-0.29551,geonames-GB
1937,messingham,Messingham,3496,England,North Lincolnshire,Yorkshire and the Humber,53.52828,-0.65385,geonames-GB
1938,hinton-west-northamptonshire,Hinton,3493,England,West Northamptonshire,East Midlands,52.16798,-1.21837,geonames-GB
1939,moreton-in-marsh,Moreton in Marsh,3493,England,Gloucestershire,South West,51.98964,-1.70297,geonames-GB
1940,wollaston,Wollaston,3491,England,North Northamptonshire,East Midlands,52.25794,-0.67038,geonames-GB
1941,chapel-saint-leonards,Chapel Saint Leonards,3481,England,Lincolnshire,East Midlands,53.21667,0.31667,geonames-GB
1942,king-s-clipstone,King's Clipstone,3469,England,Nottinghamshire,East Midlands,53.1769,-1.10129,geonames-GB
1943,llangollen,Llangollen,3466,Wales,Denbighshire,Wales,52.96829,-3.17127,geonames-GB
1944,mid-calder,Mid Calder,3460,Scotland,West Lothian,South East Scotland,55.89261,-3.48002,geonames-GB
1945,ottershaw,Ottershaw,3451,England,Surrey,South East,51.36262,-0.52752,geonames-GB
1946,upper-poppleton,Upper Poppleton,3451,England,York,Yorkshire and the Humber,53.97907,-1.15204,geonames-GB
1947,clackmannan,Clackmannan,3450,Scotland,Clackmannanshire,East and Central Scotland,56.10743,-3.75098,geonames-GB
1948,shirland,Shirland,3447,England,Derbyshire,East Midlands,53.12155,-1.40464,geonames-GB
1949,water-orton,Water Orton,3444,England,Warwickshire,West Midlands,52.51575,-1.74005,geonames-GB
1950,spilsby,Spilsby,3440,England,Lincolnshire,East Midlands,53.17363,0.09373,geonames-GB
1951,istead-rise,Istead Rise,3437,England,Kent,South East,51.40556,0.35076,geonames-GB
1952,nettleham,Nettleham,3437,England,Lincolnshire,East Midlands,53.26603,-0.48866,geonames-GB
1953,gilberdyke,Gilberdyke,3430,England,East Riding of Yorkshire,Yorkshire and the Humber,53.75297,-0.73892,geonames-GB
1954,standon,Standon,3429,England,Staffordshire,West Midlands,52.91667,-2.28333,geonames-GB
1955,llangeler,Llangeler,3427,Wales,Carmarthenshire,Wales,52.02771,-4.3716,geonames-GB
1956,anstruther,Anstruther,3420,Scotland,Fife,East and Central Scotland,56.22345,-2.70278,geonames-GB
1957,colden-common,Colden Common,3419,England,Hampshire,South East,50.99483,-1.31143,geonames-GB
1958,fishguard,Fishguard,3419,Wales,Pembrokeshire,Wales,51.99376,-4.97631,geonames-GB
1959,martham,Martham,3405,England,Norfolk,East of England,52.70464,1.63636,geonames-GB
1960,overton,Overton,3392,England,Hampshire,South East,51.24389,-1.26154,geonames-GB
1961,takeley,Takeley,3387,England,Essex,East of England,51.87089,0.26583,geonames-GB
1962,belmont,Belmont,3382,England,Herefordshire,West Midlands,52.04272,-2.74169,geonames-GB
1963,bramhope,Bramhope,3382,England,Leeds,Yorkshire and the Humber,53.88489,-1.61641,geonames-GB
1964,glemsford,Glemsford,3382,England,Suffolk,East of England,52.10351,0.66912,geonames-GB
1965,fortuneswell,Fortuneswell,3381,England,Dorset,South West,50.5603,-2.44243,geonames-GB
1966,bloxham,Bloxham,3374,England,Oxfordshire,South East,52.02039,-1.37321,geonames-GB
1967,exminster,Exminster,3368,England,Devon,South West,50.68075,-3.49706,geonames-GB
1968,burtonwood,Burtonwood,3361,England,Warrington,North West,53.42948,-2.65852,geonames-GB
1969,saundersfoot,Saundersfoot,3361,Wales,Pembrokeshire,Wales,51.70945,-4.70215,geonames-GB
1970,willand,Willand,3360,England,Devon,South West,50.88333,-3.36667,geonames-GB
1971,skellingthorpe,Skellingthorpe,3359,England,Lincolnshire,East Midlands,53.23531,-0.61905,geonames-GB
1972,saint-asaph,Saint Asaph,3355,Wales,Denbighshire,Wales,53.25815,-3.44524,geonames-GB
1973,kirkcudbright,Kirkcudbright,3350,Scotland,Dumfries and Galloway,South Scotland,54.8383,-4.04908,geonames-GB
1974,bottesford,Bottesford,3348,England,Leicestershire,East Midlands,52.94131,-0.8006,geonames-GB
1975,marston,Marston,3348,England,Oxfordshire,South East,51.78051,-1.24485,geonames-GB
1976,ashburton,Ashburton,3346,England,Devon,South West,50.51559,-3.75572,geonames-GB
1977,prestbury,Prestbury,3342,England,Cheshire East,North West,53.28333,-2.15,geonames-GB
1978,llanrwst,Llanrwst,3323,Wales,Conwy,Wales,53.14021,-3.79527,geonames-GB
1979,outwell,Outwell,3320,England,Norfolk,East of England,52.60946,0.23333,geonames-GB
1980,lytchett-matravers,Lytchett Matravers,3315,England,Dorset,South West,50.75826,-2.07806,geonames-GB
1981,mulbarton,Mulbarton,3315,England,Norfolk,East of England,52.55913,1.23327,geonames-GB
1982,whyteleafe,Whyteleafe,3315,England,Surrey,South East,51.30808,-0.08429,geonames-GB
1983,snaith,Snaith,3305,England,East Riding of Yorkshire,Yorkshire and the Humber,53.69112,-1.02859,geonames-GB
1984,westerham,Westerham,3303,England,Kent,South East,51.26632,0.06892,geonames-GB
1985,terrington-st-clement,Terrington St Clement,3301,England,Norfolk,East of England,52.75813,0.29732,geonames-GB
1986,how-wood,How Wood,3300,England,Hertfordshire,East of England,51.71914,-0.35095,geonames-GB
1987,bourton-on-the-water,Bourton on the Water,3296,England,Gloucestershire,South West,51.88584,-1.75492,geonames-GB
1988,arundel,Arundel,3285,England,West Sussex,South East,50.85423,-0.55393,geonames-GB
1989,pegswood,Pegswood,3280,England,Northumberland,North East,55.1793,-1.64525,geonames-GB
1990,askam-in-furness,Askam in Furness,3274,England,Cumbria,North West,54.18718,-3.20467,geonames-GB
1991,new-marske,New Marske,3271,England,Redcar and Cleveland,North East,54.57848,-1.04224,geonames-GB
1992,gobowen,Gobowen,3270,England,Shropshire,West Midlands,52.89615,-3.03686,geonames-GB
1993,tangmere,Tangmere,3269,England,West Sussex,South East,50.85131,-0.71633,geonames-GB
1994,dymchurch,Dymchurch,3263,England,Kent,South East,51.02544,0.99392,geonames-GB
1995,boreham,Boreham,3259,England,Wiltshire,South West,51.19944,-2.16556,geonames-GB
1996,laceby,Laceby,3259,England,North East Lincolnshire,Yorkshire and the Humber,53.54092,-0.1683,geonames-GB
1997,coundon,Coundon,3256,England,County Durham,North East,54.6628,-1.62688,geonames-GB
1998,fernhill-heath,Fernhill Heath,3256,England,Worcestershire,West Midlands,52.23002,-2.19659,geonames-GB
1999,welwyn,Welwyn,3254,England,Hertfordshire,East of England,51.8331,-0.21359,geonames-GB
2000,law,Law,3250,Scotland,South Lanarkshire,West Central Scotland,55.75,-3.88333,geonames-GB
2001,gamlingay,Gamlingay,3247,England,Cambridgeshire,East of England,52.15561,-0.19303,geonames-GB
2002,boreham-essex,Boreham,3244,England,Essex,East of England,51.75955,0.54116,geonames-GB
2003,little-paxton,Little Paxton,3244,England,Cambridgeshire,East of England,52.25045,-0.25801,geonames-GB
2004,bishopthorpe,Bishopthorpe,3237,England,York,Yorkshire and the Humber,53.9191,-1.09915,geonames-GB
2005,fairford,Fairford,3236,England,Gloucestershire,South West,51.70816,-1.78128,geonames-GB
2006,doddington,Doddington,3235,England,Cambridgeshire,East of England,52.49671,0.06017,geonames-GB
2007,castle-cary,Castle Cary,3232,England,Somerset,South West,51.09,-2.51417,geonames-GB
2008,oldmeldrum,Oldmeldrum,3230,Scotland,Aberdeenshire,North East Scotland,57.33492,-2.3199,geonames-GB
2009,cambusbarron,Cambusbarron,3224,Scotland,Stirling,East and Central Scotland,56.10893,-3.96751,geonames-GB
2010,endon,Endon,3221,England,Staffordshire,West Midlands,53.07687,-2.11297,geonames-GB
2011,busby,Busby,3220,Scotland,East Renfrewshire,West Central Scotland,55.77995,-4.27711,geonames-GB
2012,caol,Caol,3220,Scotland,Highland,Highlands and Argyll,56.83721,-5.10062,geonames-GB
2013,west-bergholt,West Bergholt,3215,England,Essex,East of England,51.91221,0.84986,geonames-GB
2014,perranporth,Perranporth,3210,England,Cornwall,South West,50.34377,-5.15558,geonames-GB
2015,hallglen,Hallglen,3200,Scotland,Falkirk,East and Central Scotland,55.98573,-3.78535,geonames-GB
2016,maddiston,Maddiston,3190,Scotland,Falkirk,East and Central Scotland,55.97365,-3.699,geonames-GB
2017,treeton,Treeton,3189,England,Rotherham,Yorkshire and the Humber,53.38564,-1.35189,geonames-GB
2018,ashurst,Ashurst,3185,England,West Sussex,South East,50.93236,-0.32375,geonames-GB
2019,pilsley,Pilsley,3183,England,Derbyshire,East Midlands,53.15,-1.36667,geonames-GB
2020,desford,Desford,3179,England,Leicestershire,East Midlands,52.62598,-1.29395,geonames-GB
2021,holywell-green,Holywell Green,3178,England,Calderdale,Yorkshire and the Humber,53.67406,-1.86682,geonames-GB
2022,drongan,Drongan,3170,Scotland,East Ayrshire,West Central Scotland,55.43498,-4.45551,geonames-GB
2023,odiham,Odiham,3165,England,Hampshire,South East,51.25407,-0.93933,geonames-GB
2024,ringmer,Ringmer,3165,England,East Sussex,South East,50.89264,0.05472,geonames-GB
2025,kingsclere,Kingsclere,3164,England,Hampshire,South East,51.32487,-1.24339,geonames-GB
2026,hemingford-grey,Hemingford Grey,3163,England,Cambridgeshire,East of England,52.31756,-0.10029,geonames-GB
2027,disley,Disley,3159,England,Cheshire East,North West,53.35865,-2.03848,geonames-GB
2028,catterick,Catterick,3155,England,North Yorkshire,Yorkshire and the Humber,54.37542,-1.63328,geonames-GB
2029,pevensey,Pevensey,3152,England,East Sussex,South East,50.81966,0.33963,geonames-GB
2030,aviemore,Aviemore,3150,Scotland,Highland,Highlands and Argyll,57.19553,-3.8259,geonames-GB
2031,eaglesham,Eaglesham,3150,Scotland,East Renfrewshire,West Central Scotland,55.74119,-4.27459,geonames-GB
2032,north-petherton,North Petherton,3142,England,Somerset,South West,51.09243,-3.01549,geonames-GB
2033,sherburn,Sherburn,3140,England,County Durham,North East,54.77606,-1.50474,geonames-GB
2034,chipstead,Chipstead,3136,England,Surrey,South East,51.31546,-0.1666,geonames-GB
2035,boxgrove,Boxgrove,3134,England,West Sussex,South East,50.85884,-0.7136,geonames-GB
2036,highley,Highley,3133,England,Shropshire,West Midlands,52.44866,-2.38251,geonames-GB
2037,hunmanby,Hunmanby,3132,England,North Yorkshire,Yorkshire and the Humber,54.17957,-0.32007,geonames-GB
2038,callander,Callander,3120,Scotland,Stirling,East and Central Scotland,56.2441,-4.21637,geonames-GB
2039,caddington,Caddington,3112,England,Central Bedfordshire,East of England,51.86621,-0.45679,geonames-GB
2040,gretna,Gretna,3110,Scotland,Dumfries and Galloway,South Scotland,54.9938,-3.06594,geonames-GB
2041,ivington,Ivington,3100,England,Herefordshire,West Midlands,52.20535,-2.77265,geonames-GB
2042,west-calder,West Calder,3100,Scotland,West Lothian,South East Scotland,55.85188,-3.56981,geonames-GB
2043,tywyn,Tywyn,3097,Wales,Gwynedd,Wales,52.58578,-4.09276,geonames-GB
2044,chopwell,Chopwell,3096,England,Gateshead,North East,54.91797,-1.82013,geonames-GB
2045,langford,Langford,3091,England,Central Bedfordshire,East of England,52.0546,-0.27165,geonames-GB
2046,ruabon,Ruabon,3091,Wales,Wrexham,Wales,52.9878,-3.03883,geonames-GB
2047,hoveton,Hoveton,3089,England,Norfolk,East of England,52.7149,1.41054,geonames-GB
2048,penparcau,Penparcau,3088,Wales,Ceredigion,Wales,52.40333,-4.07417,geonames-GB
2049,swillington,Swillington,3088,England,Leeds,Yorkshire and the Humber,53.76846,-1.4175,geonames-GB
2050,iwade,Iwade,3087,England,Kent,South East,51.37754,0.72935,geonames-GB
2051,framlingham,Framlingham,3086,England,Suffolk,East of England,52.22117,1.34205,geonames-GB
2052,cholsey,Cholsey,3081,England,Oxfordshire,South East,51.5728,-1.15356,geonames-GB
2053,congresbury,Congresbury,3078,England,North Somerset,South West,51.37135,-2.81018,geonames-GB
2054,lambourn,Lambourn,3071,England,West Berkshire,South East,51.50805,-1.53105,geonames-GB
2055,south-petherton,South Petherton,3064,England,Somerset,South West,50.94829,-2.80708,geonames-GB
2056,langport,Langport,3063,England,Somerset,South West,51.03778,-2.82806,geonames-GB
2057,inverkip,Inverkip,3060,Scotland,Inverclyde,West Central Scotland,55.90831,-4.87051,geonames-GB
2058,trafford-park,Trafford Park,3060,England,Trafford,North West,53.46879,-2.31194,geonames-GB
2059,porthleven,Porthleven,3059,England,Cornwall,South West,50.08618,-5.31501,geonames-GB
2060,briston,Briston,3057,England,Norfolk,East of England,52.85369,1.05899,geonames-GB
2061,birdwell,Birdwell,3056,England,Barnsley,Yorkshire and the Humber,53.51398,-1.47929,geonames-GB
2062,marshfield,Marshfield,3054,Wales,Newport,Wales,51.53389,-3.07306,geonames-GB
2063,leslie,Leslie,3050,Scotland,Fife,East and Central Scotland,56.2,-3.21667,geonames-GB
2064,appleby-in-westmorland,Appleby-in-Westmorland,3048,England,Cumbria,North West,54.57704,-2.48978,geonames-GB
2065,bream,Bream,3047,England,Gloucestershire,South West,51.74822,-2.57747,geonames-GB
2066,denby-dale,Denby Dale,3043,England,Kirklees,Yorkshire and the Humber,53.57228,-1.65895,geonames-GB
2067,charvil,Charvil,3042,England,Wokingham,South East,51.47573,-0.88591,geonames-GB
2068,carronshore,Carronshore,3040,Scotland,Falkirk,East and Central Scotland,56.03146,-3.7829,geonames-GB
2069,innerleithen,Innerleithen,3040,Scotland,Scottish Borders,South East Scotland,55.61927,-3.06301,geonames-GB
2070,newtonhill,Newtonhill,3040,Scotland,Aberdeenshire,North East Scotland,57.03333,-2.15,geonames-GB
2071,blackwell,Blackwell,3037,England,Derbyshire,East Midlands,53.11667,-1.33333,geonames-GB
2072,llanharry,Llanharry,3035,Wales,Rhondda Cynon Taf,Wales,51.51422,-3.4324,geonames-GB
2073,collingham,Collingham,3033,England,Leeds,Yorkshire and the Humber,53.91167,-1.41174,geonames-GB
2074,st-mary-s-bay,St Mary's Bay,3028,England,Kent,South East,51.01003,0.9771,geonames-GB
2075,eton,Eton,3025,England,Windsor and Maidenhead,South East,51.48833,-0.60905,geonames-GB
2076,leysdown-on-sea,Leysdown-on-Sea,3019,England,Kent,South East,51.3973,0.92156,geonames-GB
2077,rendlesham,Rendlesham,3013,England,Suffolk,East of England,52.12665,1.41536,geonames-GB
2078,long-lawford,Long Lawford,3007,England,Warwickshire,West Midlands,52.38176,-1.30716,geonames-GB
2079,choppington,Choppington,3001,England,Northumberland,North East,55.15004,-1.60332,geonames-GB
2080,chesham-bois,Chesham Bois,3000,England,Buckinghamshire,South East,51.70842,-0.61425,geonames-GB
2081,cleland,Cleland,3000,Scotland,North Lanarkshire,West Central Scotland,55.80243,-3.9142,geonames-GB
2082,longtown,Longtown,3000,England,Cumbria,North West,55.00925,-2.96722,geonames-GB
2083,steynton,Steynton,3000,Wales,Pembrokeshire,Wales,51.72917,-5.01722,geonames-GB
2084,welham-green,Welham Green,3000,England,Hertfordshire,East of England,51.7346,-0.22084,geonames-GB
2085,virginia-water,Virginia Water,2999,England,Surrey,South East,51.40343,-0.56651,geonames-GB
2086,seghill,Seghill,2990,England,Northumberland,North East,55.06225,-1.55027,geonames-GB
2087,dunnington,Dunnington,2987,England,East Riding of Yorkshire,Yorkshire and the Humber,53.95,-0.25,geonames-GB
2088,bruton,Bruton,2984,England,Somerset,South West,51.1125,-2.45278,geonames-GB
2089,porthmadog,Porthmadog,2981,Wales,Gwynedd,Wales,52.92924,-4.13137,geonames-GB
2090,blackburn-aberdeenshire,Blackburn,2980,Scotland,Aberdeenshire,North East Scotland,57.20376,-2.28842,geonames-GB
2091,newmilns,Newmilns,2980,Scotland,East Ayrshire,West Central Scotland,55.60751,-4.32416,geonames-GB
2092,great-glen,Great Glen,2977,England,Leicestershire,East Midlands,52.57548,-1.0349,geonames-GB
2093,barlborough,Barlborough,2975,England,Derbyshire,East Midlands,53.28795,-1.28815,geonames-GB
2094,thorngumbald,Thorngumbald,2973,England,East Riding of Yorkshire,Yorkshire and the Humber,53.721,-0.17175,geonames-GB
2095,lampeter,Lampeter,2970,Wales,Ceredigion,Wales,52.11285,-4.08039,geonames-GB
2096,chickerell,Chickerell,2966,England,Dorset,South West,50.62429,-2.5028,geonames-GB
2097,trimdon,Trimdon,2958,England,County Durham,North East,54.69878,-1.42881,geonames-GB
2098,beaminster,Beaminster,2957,England,Dorset,South West,50.809,-2.7391,geonames-GB
2099,upper-langwith,Upper Langwith,2955,England,Derbyshire,East Midlands,53.22919,-1.20695,geonames-GB
2100,thurston,Thurston,2952,England,Suffolk,East of England,52.25244,0.80749,geonames-GB
2101,cheddleton,Cheddleton,2947,England,Staffordshire,West Midlands,53.0691,-2.04228,geonames-GB
2102,corbridge,Corbridge,2946,England,Northumberland,North East,54.97365,-2.01798,geonames-GB
2103,capel-saint-mary,Capel Saint Mary,2940,England,Suffolk,East of England,52.00369,1.04482,geonames-GB
2104,healing,Healing,2940,England,North East Lincolnshire,Yorkshire and the Humber,53.58101,-0.16202,geonames-GB
2105,ivinghoe,Ivinghoe,2939,England,Buckinghamshire,South East,51.83602,-0.62983,geonames-GB
2106,haddenham-cambridgeshire,Haddenham,2937,England,Cambridgeshire,East of England,52.35789,0.14827,geonames-GB
2107,navenby,Navenby,2932,England,Lincolnshire,East Midlands,53.1068,-0.52494,geonames-GB
2108,llanidloes,Llanidloes,2929,Wales,Powys,Wales,52.44977,-3.53997,geonames-GB
2109,west-wellow,West Wellow,2929,England,Hampshire,South East,50.97273,-1.58293,geonames-GB
2110,laurencekirk,Laurencekirk,2920,Scotland,Aberdeenshire,North East Scotland,56.83338,-2.4654,geonames-GB
2111,croston,Croston,2917,England,Lancashire,North West,53.66217,-2.77523,geonames-GB
2112,brayton,Brayton,2913,England,North Yorkshire,Yorkshire and the Humber,53.7651,-1.08921,geonames-GB
2113,markyate,Markyate,2912,England,Hertfordshire,East of England,51.83846,-0.46345,geonames-GB
2114,silloth,Silloth,2906,England,Cumbria,North West,54.8687,-3.38448,geonames-GB
2115,apsley,Apsley,2900,England,Hertfordshire,East of England,51.73641,-0.4678,geonames-GB
2116,chryston,Chryston,2900,Scotland,North Lanarkshire,West Central Scotland,55.9028,-4.10759,geonames-GB
2117,lochwinnoch,Lochwinnoch,2900,Scotland,Renfrewshire,West Central Scotland,55.79521,-4.63034,geonames-GB
2118,park-street,Park Street,2900,England,Hertfordshire,East of England,51.71667,-0.33333,geonames-GB
2119,long-melford,Long Melford,2898,England,Suffolk,East of England,52.07481,0.71639,geonames-GB
2120,anna-valley,Anna Valley,2893,England,Hampshire,South East,51.19317,-1.50719,geonames-GB
2121,shipton-under-wychwood,Shipton under Wychwood,2892,England,Oxfordshire,South East,51.86035,-1.59847,geonames-GB
2122,bicknacre,Bicknacre,2889,England,Essex,East of England,51.69403,0.58519,geonames-GB
2123,papworth-everard,Papworth Everard,2880,England,Cambridgeshire,East of England,52.24893,-0.11827,geonames-GB
2124,pitlochry,Pitlochry,2880,Scotland,Perth and Kinross,East and Central Scotland,56.70514,-3.73432,geonames-GB
2125,bardsey,Bardsey,2876,England,Leeds,Yorkshire and the Humber,53.88492,-1.44539,geonames-GB
2126,eye,Eye,2875,England,Peterborough,East of England,52.608,-0.19209,geonames-GB
2127,bugle,Bugle,2873,England,Cornwall,South West,50.39577,-4.79334,geonames-GB
2128,kirton-in-lindsey,Kirton in Lindsey,2873,England,North Lincolnshire,Yorkshire and the Humber,53.47548,-0.59566,geonames-GB
2129,kinghorn,Kinghorn,2870,Scotland,Fife,East and Central Scotland,56.06896,-3.17607,geonames-GB
2130,menstrie,Menstrie,2870,Scotland,Clackmannanshire,East and Central Scotland,56.15138,-3.85466,geonames-GB
2131,bluntisham,Bluntisham,2868,England,Cambridgeshire,East of England,52.35479,0.00854,geonames-GB
2132,scotter,Scotter,2865,England,Lincolnshire,East Midlands,53.49652,-0.67429,geonames-GB
2133,pevensey-bay,Pevensey Bay,2864,England,East Sussex,South East,50.81242,0.34864,geonames-GB
2134,over,Over,2862,England,Cambridgeshire,East of England,52.31667,0.01667,geonames-GB
2135,henley-in-arden,Henley in Arden,2859,England,Warwickshire,West Midlands,52.29032,-1.77807,geonames-GB
2136,alrewas,Alrewas,2852,England,Staffordshire,West Midlands,52.73278,-1.74968,geonames-GB
2137,crosshouse,Crosshouse,2850,Scotland,East Ayrshire,West Central Scotland,55.61258,-4.55091,geonames-GB
2138,fallin,Fallin,2850,Scotland,Stirling,East and Central Scotland,56.10479,-3.87616,geonames-GB
2139,newbold-verdon,Newbold Verdon,2850,England,Leicestershire,East Midlands,52.62959,-1.3422,geonames-GB
2140,hadlow,Hadlow,2849,England,Kent,South East,51.22417,0.33914,geonames-GB
2141,alderholt,Alderholt,2848,England,Dorset,South West,50.91195,-1.83083,geonames-GB
2142,new-cumnock,New Cumnock,2840,Scotland,East Ayrshire,West Central Scotland,55.39563,-4.18458,geonames-GB
2143,chartham,Chartham,2836,England,Kent,South East,51.2562,1.01836,geonames-GB
2144,chobham,Chobham,2835,England,Surrey,South East,51.34836,-0.60639,geonames-GB
2145,usk,Usk,2834,Wales,Monmouthshire,Wales,51.70347,-2.90332,geonames-GB
2146,theale,Theale,2833,England,West Berkshire,South East,51.43694,-1.077,geonames-GB
2147,chalgrove,Chalgrove,2830,England,Oxfordshire,South East,51.66476,-1.0764,geonames-GB
2148,charlbury,Charlbury,2830,England,Oxfordshire,South East,51.8727,-1.48247,geonames-GB
2149,builth-wells,Builth Wells,2829,Wales,Powys,Wales,52.1494,-3.40469,geonames-GB
2150,barrow-upon-humber,Barrow upon Humber,2820,England,North Lincolnshire,Yorkshire and the Humber,53.6755,-0.38062,geonames-GB
2151,saint-agnes,Saint Agnes,2820,England,Cornwall,South West,50.31278,-5.20456,geonames-GB
2152,adderbury,Adderbury,2819,England,Oxfordshire,South East,52.0169,-1.31192,geonames-GB
2153,llandybie,Llandybie,2813,Wales,Carmarthenshire,Wales,51.82044,-4.0071,geonames-GB
2154,willaston,Willaston,2813,England,Cheshire West and Chester,North West,53.2955,-2.99732,geonames-GB
2155,kincardine,Kincardine,2810,Scotland,Fife,East and Central Scotland,56.06945,-3.71964,geonames-GB
2156,ormesby-st-margaret,Ormesby St Margaret,2810,England,Norfolk,East of England,52.67506,1.6885,geonames-GB
2157,donington,Donington,2805,England,Lincolnshire,East Midlands,52.90461,-0.20505,geonames-GB
2158,over-cheshire-west-and-chester,Over,2804,England,Cheshire West and Chester,North West,53.18333,-2.55,geonames-GB
2159,milborne-port,Milborne Port,2802,England,Somerset,South West,50.96605,-2.46248,geonames-GB
2160,kilmaurs,Kilmaurs,2800,Scotland,East Ayrshire,West Central Scotland,55.63801,-4.5273,geonames-GB
2161,northchurch,Northchurch,2800,England,Hertfordshire,East of England,51.77113,-0.58519,geonames-GB
2162,eynsford,Eynsford,2791,England,Kent,South East,51.36765,0.21132,geonames-GB
2163,bridge-of-earn,Bridge of Earn,2790,Scotland,Perth and Kinross,East and Central Scotland,56.34842,-3.4065,geonames-GB
2164,mitcheldean,Mitcheldean,2783,England,Gloucestershire,South West,51.8644,-2.4895,geonames-GB
2165,kidwelly,Kidwelly,2782,Wales,Carmarthenshire,Wales,51.73639,-4.30333,geonames-GB
2166,glenboig,Glenboig,2780,Scotland,North Lanarkshire,West Central Scotland,55.89422,-4.04619,geonames-GB
2167,woodcote,Woodcote,2775,England,Telford and Wrekin,West Midlands,52.73333,-2.33333,geonames-GB
2168,danderhall,Danderhall,2770,Scotland,Midlothian,South East Scotland,55.91434,-3.11062,geonames-GB
2169,ash,Ash,2767,England,Kent,South East,51.27883,1.27974,geonames-GB
2170,mundesley,Mundesley,2755,England,Norfolk,East of England,52.87842,1.4297,geonames-GB
2171,kirkbymoorside,Kirkbymoorside,2751,England,North Yorkshire,Yorkshire and the Humber,54.27014,-0.93218,geonames-GB
2172,bagillt,Bagillt,2749,Wales,Flintshire,Wales,53.2654,-3.16551,geonames-GB
2173,dollar,Dollar,2740,Scotland,Clackmannanshire,East and Central Scotland,56.16245,-3.67135,geonames-GB
2174,plains,Plains,2740,Scotland,North Lanarkshire,West Central Scotland,55.88044,-3.92349,geonames-GB
2175,clutton,Clutton,2739,England,Bath and North East Somerset,South West,51.32944,-2.54306,geonames-GB
2176,cwm,Cwm,2739,Wales,Blaenau Gwent,Wales,51.74,-3.18028,geonames-GB
2177,downton,Downton,2731,England,Wiltshire,South West,50.99366,-1.75129,geonames-GB
2178,peaslake,Peaslake,2731,England,Surrey,South East,51.19156,-0.44658,geonames-GB
2179,wool,Wool,2724,England,Dorset,South West,50.67966,-2.2189,geonames-GB
2180,kelsall,Kelsall,2721,England,Cheshire West and Chester,North West,53.20775,-2.71242,geonames-GB
2181,mintlaw,Mintlaw,2720,Scotland,Aberdeenshire,North East Scotland,57.52414,-2.00099,geonames-GB
2182,lingwood,Lingwood,2719,England,Norfolk,East of England,52.62104,1.48616,geonames-GB
2183,astwood-bank,Astwood Bank,2717,England,Worcestershire,West Midlands,52.25993,-1.93754,geonames-GB
2184,denholme,Denholme,2715,England,Bradford,Yorkshire and the Humber,53.80189,-1.89503,geonames-GB
2185,fordham,Fordham,2712,England,Cambridgeshire,East of England,52.31129,0.39057,geonames-GB
2186,cleobury-mortimer,Cleobury Mortimer,2711,England,Shropshire,West Midlands,52.37853,-2.48196,geonames-GB
2187,great-leighs,Great Leighs,2709,England,Essex,East of England,51.82761,0.5064,geonames-GB
2188,weedon-bec,Weedon Bec,2706,England,West Northamptonshire,East Midlands,52.22955,-1.08371,geonames-GB
2189,heage,Heage,2698,England,Derbyshire,East Midlands,53.0505,-1.44688,geonames-GB
2190,coven,Coven,2694,England,Staffordshire,West Midlands,52.65587,-2.1353,geonames-GB
2191,bugbrooke,Bugbrooke,2692,England,West Northamptonshire,East Midlands,52.21006,-1.01304,geonames-GB
2192,dolgellau,Dolgellau,2688,Wales,Gwynedd,Wales,52.74222,-3.88611,geonames-GB
2193,combe-martin,Combe Martin,2687,England,Devon,South West,51.19873,-4.02343,geonames-GB
2194,teynham,Teynham,2687,England,Kent,South East,51.33045,0.80526,geonames-GB
2195,mere,Mere,2686,England,Wiltshire,South West,51.08889,-2.26694,geonames-GB
2196,swanmore,Swanmore,2683,England,Hampshire,South East,50.94404,-1.18021,geonames-GB
2197,duns,Duns,2680,Scotland,Scottish Borders,South East Scotland,55.77704,-2.34575,geonames-GB
2198,buckden,Buckden,2677,England,Cambridgeshire,East of England,52.29415,-0.24912,geonames-GB
2199,redlynch,Redlynch,2674,England,Somerset,South West,51.09861,-2.42667,geonames-GB
2200,nutfield,Nutfield,2673,England,Surrey,South East,51.24505,-0.14299,geonames-GB
2201,bargeddie,Bargeddie,2670,Scotland,North Lanarkshire,West Central Scotland,55.85366,-4.07846,geonames-GB
2202,dundonald,Dundonald,2670,Scotland,South Ayrshire,West Central Scotland,55.57939,-4.59473,geonames-GB
2203,laurieston,Laurieston,2670,Scotland,Falkirk,East and Central Scotland,55.99562,-3.74801,geonames-GB
2204,colyton,Colyton,2668,England,Devon,South West,50.74006,-3.07021,geonames-GB
2205,milltimber,Milltimber,2660,Scotland,Aberdeen City,North East Scotland,57.10424,-2.24099,geonames-GB
2206,lostwithiel,Lostwithiel,2659,England,Cornwall,South West,50.40784,-4.67023,geonames-GB
2207,alveston,Alveston,2656,England,South Gloucestershire,South West,51.58806,-2.53139,geonames-GB
2208,eccleshall,Eccleshall,2651,England,Staffordshire,West Midlands,52.85789,-2.24971,geonames-GB
2209,aboyne,Aboyne,2650,Scotland,Aberdeenshire,North East Scotland,57.07546,-2.78023,geonames-GB
2210,tuxford,Tuxford,2649,England,Nottinghamshire,East Midlands,53.23004,-0.89325,geonames-GB
2211,williton,Williton,2644,England,Somerset,South West,51.16236,-3.32208,geonames-GB
2212,holsworthy,Holsworthy,2641,England,Devon,South West,50.81196,-4.35383,geonames-GB
2213,cowie,Cowie,2640,Scotland,Stirling,East and Central Scotland,56.07974,-3.86753,geonames-GB
2214,fenstanton,Fenstanton,2639,England,Cambridgeshire,East of England,52.29903,-0.06712,geonames-GB
2215,kings-hill,Kings Hill,2638,England,Kent,South East,51.27437,0.40237,geonames-GB
2216,south-collingham,South Collingham,2637,England,Nottinghamshire,East Midlands,53.13333,-0.76667,geonames-GB
2217,feltwell,Feltwell,2635,England,Norfolk,East of England,52.48581,0.51945,geonames-GB
2218,awsworth,Awsworth,2634,England,Nottinghamshire,East Midlands,52.98912,-1.28354,geonames-GB
2219,south-cerney,South Cerney,2632,England,Gloucestershire,South West,51.67319,-1.93097,geonames-GB
2220,repton,Repton,2629,England,Derbyshire,East Midlands,52.83983,-1.55061,geonames-GB
2221,hopton,Hopton,2626,England,Norfolk,East of England,52.53333,1.73333,geonames-GB
2222,kington,Kington,2626,England,Herefordshire,West Midlands,52.20408,-3.02553,geonames-GB
2223,kington-worcestershire,Kington,2626,England,Worcestershire,West Midlands,52.2,-2.01667,geonames-GB
2224,bosham,Bosham,2623,England,West Sussex,South East,50.83088,-0.85384,geonames-GB
2225,tollesbury,Tollesbury,2621,England,Essex,East of England,51.75913,0.83462,geonames-GB
2226,muir-of-ord,Muir of Ord,2620,Scotland,Highland,Highlands and Argyll,57.51976,-4.45939,geonames-GB
2227,stocksfield,Stocksfield,2616,England,Northumberland,North East,54.94026,-1.90398,geonames-GB
2228,brewood,Brewood,2614,England,Staffordshire,West Midlands,52.67712,-2.17414,geonames-GB
2229,tarporley,Tarporley,2614,England,Cheshire West and Chester,North West,53.15918,-2.66867,geonames-GB
2230,kempsey,Kempsey,2609,England,Worcestershire,West Midlands,52.13936,-2.21751,geonames-GB
2231,barlestone,Barlestone,2607,England,Leicestershire,East Midlands,52.64718,-1.37013,geonames-GB
2232,little-amwell,Little Amwell,2606,England,Hertfordshire,East of England,51.78333,-0.03333,geonames-GB
2233,badsey,Badsey,2601,England,Worcestershire,West Midlands,52.08819,-1.89925,geonames-GB
2234,eversley,Eversley,2600,England,Hampshire,South East,51.35387,-0.88888,geonames-GB
2235,maple-cross,Maple Cross,2600,England,Hertfordshire,East of England,51.625,-0.508,geonames-GB
2236,cullingworth,Cullingworth,2596,England,Bradford,Yorkshire and the Humber,53.82444,-1.8973,geonames-GB
2237,dyserth,Dyserth,2594,Wales,Denbighshire,Wales,53.30032,-3.41262,geonames-GB
2238,wing,Wing,2589,England,Buckinghamshire,South East,51.89524,-0.71956,geonames-GB
2239,fishburn,Fishburn,2588,England,County Durham,North East,54.68296,-1.43631,geonames-GB
2240,netherton,Netherton,2587,England,Dudley,West Midlands,52.48333,-2.08333,geonames-GB
2241,bovington-camp,Bovington Camp,2586,England,Dorset,South West,50.69782,-2.23506,geonames-GB
2242,dunipace,Dunipace,2580,Scotland,Falkirk,East and Central Scotland,56.027,-3.91471,geonames-GB
2243,wemyss-bay,Wemyss Bay,2580,Scotland,Inverclyde,West Central Scotland,55.87614,-4.8895,geonames-GB
2244,north-collingham,North Collingham,2578,England,Nottinghamshire,East Midlands,53.15,-0.75,geonames-GB
2245,etwall,Etwall,2572,England,Derbyshire,East Midlands,52.88353,-1.60023,geonames-GB
2246,gullane,Gullane,2570,Scotland,East Lothian,South East Scotland,56.03652,-2.82829,geonames-GB
2247,snettisham,Snettisham,2570,England,Norfolk,East of England,52.87882,0.50099,geonames-GB
2248,stratton,Stratton,2570,England,Gloucestershire,South West,51.73394,-1.97968,geonames-GB
2249,saughall,Saughall,2569,England,Cheshire West and Chester,North West,53.22618,-2.95649,geonames-GB
2250,farnsfield,Farnsfield,2566,England,Nottinghamshire,East Midlands,53.10223,-1.0332,geonames-GB
2251,colerne,Colerne,2564,England,Wiltshire,South West,51.43833,-2.2628,geonames-GB
2252,godstone,Godstone,2564,England,Surrey,South East,51.24779,-0.06914,geonames-GB
2253,wolston,Wolston,2564,England,Warwickshire,West Midlands,52.37717,-1.39544,geonames-GB
2254,nanpean,Nanpean,2563,England,Cornwall,South West,50.36884,-4.86935,geonames-GB
2255,botley,Botley,2562,England,Hampshire,South East,50.91433,-1.26984,geonames-GB
2256,bampton,Bampton,2561,England,Oxfordshire,South East,51.72634,-1.54547,geonames-GB
2257,south-hetton,South Hetton,2561,England,County Durham,North East,54.79906,-1.40671,geonames-GB
2258,east-ayton,East Ayton,2559,England,North Yorkshire,Yorkshire and the Humber,54.2548,-0.47483,geonames-GB
2259,south-brent,South Brent,2559,England,Devon,South West,50.42654,-3.83426,geonames-GB
2260,elstead,Elstead,2557,England,Surrey,South East,51.18548,-0.70536,geonames-GB
2261,dormansland,Dormansland,2550,England,Surrey,South East,51.16024,0.00618,geonames-GB
2262,moffat,Moffat,2550,Scotland,Dumfries and Galloway,South Scotland,55.33527,-3.44142,geonames-GB
2263,yarnton,Yarnton,2545,England,Oxfordshire,South East,51.80448,-1.31149,geonames-GB
2264,petworth,Petworth,2544,England,West Sussex,South East,50.98669,-0.61,geonames-GB
2265,broadway,Broadway,2540,England,Worcestershire,West Midlands,52.03825,-1.86079,geonames-GB
2266,redding,Redding,2540,Scotland,Falkirk,East and Central Scotland,55.98861,-3.7323,geonames-GB
2267,willaston-cheshire-east,Willaston,2540,England,Cheshire East,North West,53.06667,-2.48333,geonames-GB
2268,thaxted,Thaxted,2538,England,Essex,East of England,51.95326,0.34478,geonames-GB
2269,penmaenmawr,Penmaenmawr,2535,Wales,Conwy,Wales,53.26667,-3.93333,geonames-GB
2270,gilfach-goch,Gilfach Goch,2532,Wales,Rhondda Cynon Taf,Wales,51.59213,-3.47296,geonames-GB
2271,carron,Carron,2530,Scotland,Falkirk,East and Central Scotland,56.02611,-3.79251,geonames-GB
2272,crossgates,Crossgates,2530,Scotland,Fife,East and Central Scotland,56.08366,-3.37712,geonames-GB
2273,ambleside,Ambleside,2529,England,Cumbria,North West,54.43261,-2.96167,geonames-GB
2274,westcott,Westcott,2528,England,Surrey,South East,51.22438,-0.37195,geonames-GB
2275,barmouth,Barmouth,2522,Wales,Gwynedd,Wales,52.72377,-4.05748,geonames-GB
2276,balmedie,Balmedie,2520,Scotland,Aberdeenshire,North East Scotland,57.25052,-2.06163,geonames-GB
2277,roche,Roche,2517,England,Cornwall,South West,50.40808,-4.83373,geonames-GB
2278,carfin,Carfin,2510,Scotland,North Lanarkshire,West Central Scotland,55.80502,-3.96076,geonames-GB
2279,newmacher,Newmacher,2510,Scotland,Aberdeenshire,North East Scotland,57.26667,-2.18333,geonames-GB
2280,farndon,Farndon,2506,England,Nottinghamshire,East Midlands,53.05,-0.85,geonames-GB
2281,headcorn,Headcorn,2505,England,Kent,South East,51.16966,0.62433,geonames-GB
2282,timsbury,Timsbury,2504,England,Bath and North East Somerset,South West,51.32444,-2.47917,geonames-GB
2283,belton,Belton,2503,England,North Lincolnshire,Yorkshire and the Humber,53.55,-0.81667,geonames-GB
2284,wolsingham,Wolsingham,2503,England,County Durham,North East,54.73085,-1.88319,geonames-GB
2285,cornforth,Cornforth,2501,England,County Durham,North East,54.70286,-1.51938,geonames-GB
2286,barnwood,Barnwood,2500,England,Gloucestershire,South West,51.86393,-2.20087,geonames-GB
2287,melrose,Melrose,2500,Scotland,Scottish Borders,South East Scotland,55.59969,-2.7277,geonames-GB
2288,minchinhampton,Minchinhampton,2500,England,Gloucestershire,South West,51.70675,-2.18502,geonames-GB
2289,winchburgh,Winchburgh,2500,Scotland,West Lothian,South East Scotland,55.95795,-3.46464,geonames-GB
2290,oakley,Oakley,2493,England,Bedford,East of England,52.16862,-0.52649,geonames-GB
2291,eastry,Eastry,2492,England,Kent,South East,51.24639,1.30776,geonames-GB
2292,renton,Renton,2490,Scotland,West Dunbartonshire,West Central Scotland,55.972,-4.58399,geonames-GB
2293,caistor,Caistor,2489,England,Lincolnshire,East Midlands,53.49673,-0.31538,geonames-GB
2294,colwich,Colwich,2485,England,Staffordshire,West Midlands,52.78764,-1.98206,geonames-GB
2295,east-peckham,East Peckham,2485,England,Kent,South East,51.21234,0.38624,geonames-GB
2296,hemingbrough,Hemingbrough,2483,England,North Yorkshire,Yorkshire and the Humber,53.76863,-0.97673,geonames-GB
2297,market-lavington,Market Lavington,2482,England,Wiltshire,South West,51.28756,-1.97729,geonames-GB
2298,bassingbourn,Bassingbourn,2481,England,Cambridgeshire,East of England,52.07821,-0.0539,geonames-GB
2299,darenth,Darenth,2481,England,Kent,South East,51.42137,0.25784,geonames-GB
2300,cairneyhill,Cairneyhill,2480,Scotland,Fife,East and Central Scotland,56.05908,-3.53518,geonames-GB
2301,deepcut,Deepcut,2477,England,Surrey,South East,51.30513,-0.71016,geonames-GB
2302,great-horkesley,Great Horkesley,2476,England,Essex,East of England,51.93821,0.87551,geonames-GB
2303,great-houghton,Great Houghton,2475,England,Barnsley,Yorkshire and the Humber,53.55352,-1.34952,geonames-GB
2304,shieldhill,Shieldhill,2470,Scotland,Falkirk,East and Central Scotland,55.97277,-3.76788,geonames-GB
2305,lechlade,Lechlade,2469,England,Gloucestershire,South West,51.69403,-1.69128,geonames-GB
2306,sutton-courtenay,Sutton Courtenay,2467,England,Oxfordshire,South East,51.6413,-1.27682,geonames-GB
2307,marden,Marden,2466,England,Kent,South East,51.17482,0.48855,geonames-GB
2308,highcoems,Highcoems,2463,England,Hampshire,South East,51.3386,-1.37569,geonames-GB
2309,swavesey,Swavesey,2463,England,Cambridgeshire,East of England,52.30155,-0.00476,geonames-GB
2310,galgate,Galgate,2458,England,Lancashire,North West,53.99362,-2.79201,geonames-GB
2311,moira,Moira,2458,England,Leicestershire,East Midlands,52.73698,-1.53496,geonames-GB
2312,thornley,Thornley,2457,England,County Durham,North East,54.75,-1.43333,geonames-GB
2313,stilton,Stilton,2455,England,Cambridgeshire,East of England,52.48788,-0.28894,geonames-GB
2314,aspatria,Aspatria,2454,England,Cumbria,North West,54.76574,-3.32783,geonames-GB
2315,asfordby,Asfordby,2446,England,Leicestershire,East Midlands,52.76331,-0.95856,geonames-GB
2316,greenfield,Greenfield,2446,Wales,Flintshire,Wales,53.28333,-3.21667,geonames-GB
2317,north-wootton,North Wootton,2445,England,Norfolk,East of England,52.78333,0.43333,geonames-GB
2318,sapcote,Sapcote,2442,England,Leicestershire,East Midlands,52.53707,-1.279,geonames-GB
2319,caldercruix,Caldercruix,2440,Scotland,North Lanarkshire,West Central Scotland,55.88886,-3.88664,geonames-GB
2320,grantown-on-spey,Grantown on Spey,2440,Scotland,Highland,Highlands and Argyll,57.33051,-3.60867,geonames-GB
2321,ogmore-vale,Ogmore Vale,2436,Wales,Bridgend,Wales,51.6023,-3.54217,geonames-GB
2322,whitley,Whitley,2436,England,Wiltshire,South West,51.39528,-2.16444,geonames-GB
2323,winwick,Winwick,2435,England,Warrington,North West,53.43333,-2.6,geonames-GB
2324,leven-east-riding-of-yorkshire,Leven,2433,England,East Riding of Yorkshire,Yorkshire and the Humber,53.89028,-0.31783,geonames-GB
2325,nafferton,Nafferton,2433,England,East Riding of Yorkshire,Yorkshire and the Humber,54.01965,-0.3919,geonames-GB
2326,keresley,Keresley,2432,England,Coventry,West Midlands,52.45156,-1.53319,geonames-GB
2327,longniddry,Longniddry,2430,Scotland,East Lothian,South East Scotland,55.97543,-2.89593,geonames-GB
2328,markinch,Markinch,2430,Scotland,Fife,East and Central Scotland,56.20214,-3.13517,geonames-GB
2329,sway,Sway,2421,England,Hampshire,South East,50.78685,-1.60294,geonames-GB
2330,grayshott,Grayshott,2413,England,Hampshire,South East,51.11131,-0.7511,geonames-GB
2331,alyth,Alyth,2410,Scotland,Perth and Kinross,East and Central Scotland,56.62209,-3.23005,geonames-GB
2332,burton-upon-stather,Burton upon Stather,2410,England,North Lincolnshire,Yorkshire and the Humber,53.64911,-0.68453,geonames-GB
2333,dunchurch,Dunchurch,2405,England,Warwickshire,West Midlands,52.33757,-1.29136,geonames-GB
2334,ashington-west-sussex,Ashington,2403,England,West Sussex,South East,50.93312,-0.39087,geonames-GB
2335,cliffe,Cliffe,2403,England,Medway,South East,51.46224,0.49833,geonames-GB
2336,middlestown,Middlestown,2402,England,Wakefield,Yorkshire and the Humber,53.65079,-1.59762,geonames-GB
2337,kelvedon-hatch,Kelvedon Hatch,2400,England,Essex,East of England,51.66739,0.26814,geonames-GB
2338,oakley-bournemouth-christchurch-and-poole,Oakley,2400,England,"Bournemouth, Christchurch and Poole",South West,50.78368,-1.96822,geonames-GB
2339,taplow,Taplow,2400,England,Buckinghamshire,South East,51.53299,-0.68682,geonames-GB
2340,stalbridge,Stalbridge,2396,England,Dorset,South West,50.95807,-2.37548,geonames-GB
2341,wateringbury,Wateringbury,2396,England,Kent,South East,51.25543,0.42317,geonames-GB
2342,lochgilphead,Lochgilphead,2390,Scotland,Argyll and Bute,Highlands and Argyll,56.03796,-5.43206,geonames-GB
2343,caton,Caton,2387,England,Lancashire,North West,54.07624,-2.71903,geonames-GB
2344,witchford,Witchford,2385,England,Cambridgeshire,East of England,52.38699,0.20602,geonames-GB
2345,costessey,Costessey,2381,England,Norfolk,East of England,52.65914,1.2097,geonames-GB
2346,banknock,Banknock,2370,Scotland,Falkirk,East and Central Scotland,55.98967,-3.95611,geonames-GB
2347,charfield,Charfield,2370,England,South Gloucestershire,South West,51.62722,-2.40667,geonames-GB
2348,torrance,Torrance,2370,Scotland,East Dunbartonshire,West Central Scotland,55.93995,-4.21025,geonames-GB
2349,clophill,Clophill,2369,England,Central Bedfordshire,East of England,52.02727,-0.42377,geonames-GB
2350,scotby,Scotby,2366,England,Cumbria,North West,54.89004,-2.87464,geonames-GB
2351,ixworth,Ixworth,2365,England,Suffolk,East of England,52.29893,0.8341,geonames-GB
2352,pucklechurch,Pucklechurch,2364,England,South Gloucestershire,South West,51.48583,-2.43389,geonames-GB
2353,machen,Machen,2362,Wales,Caerphilly,Wales,51.59599,-3.1419,geonames-GB
2354,lark-hill,Lark Hill,2358,England,Wiltshire,South West,51.2,-1.81667,geonames-GB
2355,maulden,Maulden,2357,England,Central Bedfordshire,East of England,52.03063,-0.46975,geonames-GB
2356,newport-essex,Newport,2352,England,Essex,East of England,51.98425,0.21355,geonames-GB
2357,coupar-angus,Coupar Angus,2350,Scotland,Perth and Kinross,East and Central Scotland,56.54552,-3.26774,geonames-GB
2358,crossford,Crossford,2350,Scotland,Fife,East and Central Scotland,56.06303,-3.49674,geonames-GB
2359,polbeth,Polbeth,2350,Scotland,West Lothian,South East Scotland,55.86072,-3.54901,geonames-GB
2360,kingston-bagpuize,Kingston Bagpuize,2349,England,Oxfordshire,South East,51.6815,-1.42041,geonames-GB
2361,price-town,Price Town,2348,Wales,Bridgend,Wales,51.61832,-3.53662,geonames-GB
2362,wittering,Wittering,2348,England,Peterborough,East of England,52.60698,-0.44048,geonames-GB
2363,lyndhurst,Lyndhurst,2347,England,Hampshire,South East,50.87259,-1.57662,geonames-GB
2364,comberton,Comberton,2346,England,Cambridgeshire,East of England,52.18709,0.01905,geonames-GB
2365,aldeburgh,Aldeburgh,2341,England,Suffolk,East of England,52.15492,1.60215,geonames-GB
2366,partridge-green,Partridge Green,2341,England,West Sussex,South East,50.9594,-0.30796,geonames-GB
2367,witton-gilbert,Witton Gilbert,2339,England,County Durham,North East,54.80572,-1.63686,geonames-GB
2368,watton-at-stone,Watton at Stone,2338,England,Hertfordshire,East of England,51.85842,-0.11381,geonames-GB
2369,camelford,Camelford,2335,England,Cornwall,South West,50.62185,-4.67963,geonames-GB
2370,long-crendon,Long Crendon,2335,England,Buckinghamshire,South East,51.77294,-0.99684,geonames-GB
2371,arnside,Arnside,2334,England,Cumbria,North West,54.20179,-2.83374,geonames-GB
2372,biggar,Biggar,2330,Scotland,South Lanarkshire,West Central Scotland,55.62297,-3.52455,geonames-GB
2373,rothbury,Rothbury,2326,England,Northumberland,North East,55.31059,-1.90845,geonames-GB
2374,fishbourne,Fishbourne,2325,England,West Sussex,South East,50.83641,-0.82088,geonames-GB
2375,edgworth,Edgworth,2321,England,Blackburn with Darwen,North West,53.64636,-2.39401,geonames-GB
2376,insch,Insch,2320,Scotland,Aberdeenshire,North East Scotland,57.34273,-2.61321,geonames-GB
2377,reepham,Reepham,2319,England,Norfolk,East of England,52.7632,1.11099,geonames-GB
2378,acle,Acle,2317,England,Norfolk,East of England,52.63681,1.54757,geonames-GB
2379,exhall,Exhall,2317,England,Warwickshire,West Midlands,52.46464,-1.48144,geonames-GB
2380,shawbury,Shawbury,2317,England,Shropshire,West Midlands,52.79098,-2.66183,geonames-GB
2381,west-rainton,West Rainton,2316,England,County Durham,North East,54.81667,-1.5,geonames-GB
2382,mattishall,Mattishall,2315,England,Norfolk,East of England,52.65905,1.0325,geonames-GB
2383,keyingham,Keyingham,2314,England,East Riding of Yorkshire,Yorkshire and the Humber,53.70961,-0.11325,geonames-GB
2384,roade,Roade,2312,England,West Northamptonshire,East Midlands,52.15824,-0.89745,geonames-GB
2385,compton,Compton,2311,England,Hampshire,South East,51.02385,-1.33713,geonames-GB
2386,coltishall,Coltishall,2310,England,Norfolk,East of England,52.72804,1.36653,geonames-GB
2387,inverbervie,Inverbervie,2310,Scotland,Aberdeenshire,North East Scotland,56.84463,-2.27997,geonames-GB
2388,portree,Portree,2310,Scotland,Highland,Highlands and Argyll,57.41288,-6.19418,geonames-GB
2389,tarvin,Tarvin,2309,England,Cheshire West and Chester,North West,53.19737,-2.76548,geonames-GB
2390,queniborough,Queniborough,2307,England,Leicestershire,East Midlands,52.70591,-1.04749,geonames-GB
2391,warton,Warton,2300,England,Lancashire,North West,54.14715,-2.76435,geonames-GB
2392,harlington,Harlington,2297,England,Central Bedfordshire,East of England,51.96288,-0.49241,geonames-GB
2393,padstow,Padstow,2296,England,Cornwall,South West,50.53885,-4.93664,geonames-GB
2394,longstanton,Longstanton,2294,England,Cambridgeshire,East of England,52.28076,0.04558,geonames-GB
2395,alford-aberdeenshire,Alford,2290,Scotland,Aberdeenshire,North East Scotland,57.23257,-2.70298,geonames-GB
2396,glenmavis,Glenmavis,2290,Scotland,North Lanarkshire,West Central Scotland,55.88913,-3.98726,geonames-GB
2397,goxhill,Goxhill,2290,England,North Lincolnshire,Yorkshire and the Humber,53.67635,-0.33759,geonames-GB
2398,craven-arms,Craven Arms,2289,England,Shropshire,West Midlands,52.44308,-2.83562,geonames-GB
2399,chipping-campden,Chipping Campden,2288,England,Gloucestershire,South West,52.04964,-1.7767,geonames-GB
2400,pentyrch,Pentyrch,2287,Wales,Cardiff,Wales,51.52889,-3.295,geonames-GB
2401,brinscall,Brinscall,2286,England,Lancashire,North West,53.689,-2.57208,geonames-GB
2402,y-felinheli,Y Felinheli,2284,Wales,Gwynedd,Wales,53.18737,-4.20476,geonames-GB
2403,leeswood,Leeswood,2282,Wales,Flintshire,Wales,53.13347,-3.09466,geonames-GB
2404,high-valleyfield,High Valleyfield,2280,Scotland,Fife,East and Central Scotland,56.06357,-3.59913,geonames-GB
2405,oakley-fife,Oakley,2280,Scotland,Fife,East and Central Scotland,56.08421,-3.56311,geonames-GB
2406,rossett,Rossett,2279,Wales,Wrexham,Wales,53.10921,-2.94478,geonames-GB
2407,elsenham,Elsenham,2272,England,Essex,East of England,51.91431,0.22934,geonames-GB
2408,credenhill,Credenhill,2271,England,Herefordshire,West Midlands,52.08351,-2.80804,geonames-GB
2409,wanborough,Wanborough,2268,England,Swindon,South West,51.54263,-1.69837,geonames-GB
2410,scholes,Scholes,2266,England,Leeds,Yorkshire and the Humber,53.82346,-1.42805,geonames-GB
2411,west-malling,West Malling,2266,England,Kent,South East,51.29273,0.40907,geonames-GB
2412,narberth,Narberth,2265,Wales,Pembrokeshire,Wales,51.79784,-4.74275,geonames-GB
2413,gilwern,Gilwern,2263,Wales,Monmouthshire,Wales,51.82475,-3.09355,geonames-GB
2414,emneth,Emneth,2257,England,Norfolk,East of England,52.64244,0.20857,geonames-GB
2415,betws,Betws,2253,Wales,Bridgend,Wales,51.56917,-3.58833,geonames-GB
2416,gunness,Gunness,2253,England,North Lincolnshire,Yorkshire and the Humber,53.5908,-0.72834,geonames-GB
2417,llwynypia,Llwynypia,2253,Wales,Rhondda Cynon Taf,Wales,51.63333,-3.45,geonames-GB
2418,east-bergholt,East Bergholt,2252,England,Suffolk,East of England,51.97785,1.01761,geonames-GB
2419,saint-stephen,Saint Stephen,2252,England,Cornwall,South West,50.34469,-4.89973,geonames-GB
2420,langholm,Langholm,2250,Scotland,Dumfries and Galloway,South Scotland,55.15101,-2.99889,geonames-GB
2421,forth,Forth,2240,Scotland,South Lanarkshire,West Central Scotland,55.76502,-3.68874,geonames-GB
2422,bay-horse,Bay Horse,2239,England,Lancashire,North West,53.96867,-2.77603,geonames-GB
2423,keadby,Keadby,2238,England,North Lincolnshire,Yorkshire and the Humber,53.59308,-0.74021,geonames-GB
2424,machynlleth,Machynlleth,2235,Wales,Powys,Wales,52.58965,-3.85308,geonames-GB
2425,lowdham,Lowdham,2234,England,Nottinghamshire,East Midlands,53.01205,-1.00483,geonames-GB
2426,isleham,Isleham,2228,England,Cambridgeshire,East of England,52.34289,0.41212,geonames-GB
2427,cold-ash,Cold Ash,2224,England,West Berkshire,South East,51.42426,-1.26463,geonames-GB
2428,alderbury,Alderbury,2223,England,Wiltshire,South West,51.04354,-1.73382,geonames-GB
2429,bletchingley,Bletchingley,2221,England,Surrey,South East,51.24059,-0.10038,geonames-GB
2430,shenstone,Shenstone,2220,England,Staffordshire,West Midlands,52.63802,-1.84147,geonames-GB
2431,pannal,Pannal,2219,England,North Yorkshire,Yorkshire and the Humber,53.96031,-1.53573,geonames-GB
2432,halton,Halton,2218,England,Halton,North West,53.31667,-2.7,geonames-GB
2433,riccall,Riccall,2216,England,North Yorkshire,Yorkshire and the Humber,53.83331,-1.0573,geonames-GB
2434,chiddingfold,Chiddingfold,2211,England,Surrey,South East,51.11866,-0.62262,geonames-GB
2435,flexbury,Flexbury,2211,England,Cornwall,South West,50.83509,-4.54499,geonames-GB
2436,much-wenlock,Much Wenlock,2211,England,Shropshire,West Midlands,52.59582,-2.55749,geonames-GB
2437,catrine,Catrine,2210,Scotland,East Ayrshire,West Central Scotland,55.50422,-4.33026,geonames-GB
2438,debenham,Debenham,2210,England,Suffolk,East of England,52.22422,1.18172,geonames-GB
2439,eye-suffolk,Eye,2210,England,Suffolk,East of England,52.32055,1.14618,geonames-GB
2440,bishopsteignton,Bishopsteignton,2209,England,Devon,South West,50.55193,-3.53852,geonames-GB
2441,saint-dennis,Saint Dennis,2206,England,Cornwall,South West,50.38333,-4.88333,geonames-GB
2442,glapwell,Glapwell,2202,England,Derbyshire,East Midlands,53.18917,-1.28334,geonames-GB
2443,smalley,Smalley,2202,England,Derbyshire,East Midlands,52.99854,-1.39462,geonames-GB
2444,leuchars,Leuchars,2200,Scotland,Fife,East and Central Scotland,56.38174,-2.88253,geonames-GB
2445,seer-green,Seer Green,2200,England,Buckinghamshire,South East,51.61796,-0.60592,geonames-GB
2446,bottisham,Bottisham,2199,England,Cambridgeshire,East of England,52.2228,0.25878,geonames-GB
2447,milnthorpe,Milnthorpe,2199,England,Cumbria,North West,54.22785,-2.76939,geonames-GB
2448,lenham,Lenham,2197,England,Kent,South East,51.23705,0.71892,geonames-GB
2449,swineshead,Swineshead,2197,England,Lincolnshire,East Midlands,52.94543,-0.15947,geonames-GB
2450,needingworth,Needingworth,2191,England,Cambridgeshire,East of England,52.33051,-0.03116,geonames-GB
2451,little-dunmow,Little Dunmow,2190,England,Essex,East of England,51.86096,0.41478,geonames-GB
2452,luddenden-foot,Luddenden Foot,2190,England,Calderdale,Yorkshire and the Humber,53.71873,-1.94582,geonames-GB
2453,patna,Patna,2190,Scotland,East Ayrshire,West Central Scotland,55.36406,-4.50594,geonames-GB
2454,horam,Horam,2188,England,East Sussex,South East,50.93523,0.24436,geonames-GB
2455,watlington,Watlington,2187,England,Oxfordshire,South East,51.64327,-1.00448,geonames-GB
2456,northorpe,Northorpe,2184,England,Lincolnshire,East Midlands,53.46307,-0.65347,geonames-GB
2457,leyburn,Leyburn,2183,England,North Yorkshire,Yorkshire and the Humber,54.31004,-1.83041,geonames-GB
2458,severn-beach,Severn Beach,2182,England,South Gloucestershire,South West,51.56036,-2.66279,geonames-GB
2459,coylton,Coylton,2180,Scotland,South Ayrshire,West Central Scotland,55.44528,-4.5195,geonames-GB
2460,bierton,Bierton,2178,England,Buckinghamshire,South East,51.8305,-0.78737,geonames-GB
2461,tisbury,Tisbury,2178,England,Wiltshire,South West,51.06283,-2.08058,geonames-GB
2462,wiveliscombe,Wiveliscombe,2178,England,Somerset,South West,51.04139,-3.31278,geonames-GB
2463,wilstead,Wilstead,2177,England,Bedford,East of England,52.08088,-0.44889,geonames-GB
2464,reepham-lincolnshire,Reepham,2172,England,Lincolnshire,East Midlands,53.23333,-0.43333,geonames-GB
2465,sedbergh,Sedbergh,2171,England,Cumbria,North West,54.32123,-2.52514,geonames-GB
2466,winterbourne,Winterbourne,2168,England,West Berkshire,South East,51.44609,-1.3466,geonames-GB
2467,wells-next-the-sea,Wells-next-the-Sea,2165,England,Norfolk,East of England,52.95164,0.8511,geonames-GB
2468,bere-alston,Bere Alston,2164,England,Devon,South West,50.48233,-4.19034,geonames-GB
2469,newington,Newington,2164,England,Kent,South East,51.35217,0.66768,geonames-GB
2470,appledore,Appledore,2161,England,Devon,South West,51.05,-4.2,geonames-GB
2471,aston-on-trent,Aston-on-Trent,2160,England,Derbyshire,East Midlands,52.86172,-1.38642,geonames-GB
2472,great-corby,Great Corby,2157,England,Cumbria,North West,54.88169,-2.82452,geonames-GB
2473,hermitage,Hermitage,2157,England,West Berkshire,South East,51.4554,-1.26823,geonames-GB
2474,tycroes,Tycroes,2156,Wales,Carmarthenshire,Wales,51.77806,-4.02,geonames-GB
2475,wickham-market,Wickham Market,2156,England,Suffolk,East of England,52.15298,1.36299,geonames-GB
2476,farnborough-warwickshire,Farnborough,2154,England,Warwickshire,West Midlands,52.14289,-1.36926,geonames-GB
2477,haxey,Haxey,2153,England,North Lincolnshire,Yorkshire and the Humber,53.48937,-0.8402,geonames-GB
2478,ilchester,Ilchester,2153,England,Somerset,South West,51.00587,-2.67981,geonames-GB
2479,thurlby,Thurlby,2153,England,Lincolnshire,East Midlands,52.73879,-0.37868,geonames-GB
2480,hingham,Hingham,2151,England,Norfolk,East of England,52.57969,0.98422,geonames-GB
2481,coates,Coates,2148,England,Gloucestershire,South West,51.7075,-2.03389,geonames-GB
2482,harbury,Harbury,2148,England,Warwickshire,West Midlands,52.23537,-1.45706,geonames-GB
2483,westoning,Westoning,2147,England,Central Bedfordshire,East of England,51.9814,-0.49698,geonames-GB
2484,ipplepen,Ipplepen,2143,England,Devon,South West,50.48919,-3.639,geonames-GB
2485,east-harling,East Harling,2142,England,Norfolk,East of England,52.43843,0.93353,geonames-GB
2486,tow-law,Tow Law,2138,England,County Durham,North East,54.74456,-1.81434,geonames-GB
2487,fleet-lincolnshire,Fleet,2136,England,Lincolnshire,East Midlands,52.79321,0.05854,geonames-GB
2488,sandford,Sandford,2135,England,North Somerset,South West,51.33228,-2.83122,geonames-GB
2489,fowey,Fowey,2131,England,Cornwall,South West,50.33634,-4.6386,geonames-GB
2490,cardross,Cardross,2130,Scotland,Argyll and Bute,Highlands and Argyll,55.96184,-4.65316,geonames-GB
2491,gartcosh,Gartcosh,2130,Scotland,North Lanarkshire,West Central Scotland,55.88841,-4.0817,geonames-GB
2492,leconfield,Leconfield,2127,England,East Riding of Yorkshire,Yorkshire and the Humber,53.8773,-0.45729,geonames-GB
2493,edenfield,Edenfield,2126,England,Lancashire,North West,53.66674,-2.30481,geonames-GB
2494,lundin-links,Lundin Links,2124,Scotland,Fife,East and Central Scotland,56.21399,-2.95173,geonames-GB
2495,seven-sisters,Seven Sisters,2123,Wales,Neath Port Talbot,Wales,51.76667,-3.71667,geonames-GB
2496,auchtermuchty,Auchtermuchty,2120,Scotland,Fife,East and Central Scotland,56.29158,-3.23428,geonames-GB
2497,high-etherley,High Etherley,2119,England,County Durham,North East,54.65391,-1.74363,geonames-GB
2498,mevagissey,Mevagissey,2117,England,Cornwall,South West,50.27324,-4.79166,geonames-GB
2499,kings-sutton,Kings Sutton,2116,England,West Northamptonshire,East Midlands,52.02313,-1.27613,geonames-GB
2500,weston-turville,Weston Turville,2115,England,Buckinghamshire,South East,51.79168,-0.75767,geonames-GB
2501,woolavington,Woolavington,2115,England,Somerset,South West,51.16493,-2.93814,geonames-GB
2502,steeple-claydon,Steeple Claydon,2114,England,Buckinghamshire,South East,51.93643,-0.98328,geonames-GB
2503,abbotts-ann,Abbotts Ann,2112,England,Hampshire,South East,51.19016,-1.53234,geonames-GB
2504,garelochhead,Garelochhead,2110,Scotland,Argyll and Bute,Highlands and Argyll,56.08203,-4.82909,geonames-GB
2505,overtown,Overtown,2110,Scotland,North Lanarkshire,West Central Scotland,55.75719,-3.91645,geonames-GB
2506,thornton-fife,Thornton,2110,Scotland,Fife,East and Central Scotland,56.16667,-3.15,geonames-GB
2507,ash-shropshire,Ash,2108,England,Shropshire,West Midlands,52.95,-2.65,geonames-GB
2508,fernhurst,Fernhurst,2106,England,West Sussex,South East,51.04873,-0.71789,geonames-GB
2509,cringleford,Cringleford,2105,England,Norfolk,East of England,52.60482,1.24334,geonames-GB
2510,lochmaben,Lochmaben,2100,Scotland,Dumfries and Galloway,South Scotland,55.13011,-3.44286,geonames-GB
2511,tweedbank,Tweedbank,2100,Scotland,Scottish Borders,South East Scotland,55.60449,-2.76692,geonames-GB
2512,duxford,Duxford,2099,England,Cambridgeshire,East of England,52.09393,0.15917,geonames-GB
2513,market-bosworth,Market Bosworth,2097,England,Leicestershire,East Midlands,52.62428,-1.40174,geonames-GB
2514,kintbury,Kintbury,2094,England,West Berkshire,South East,51.39958,-1.44865,geonames-GB
2515,broughton-north-northamptonshire,Broughton,2093,England,North Northamptonshire,East Midlands,52.37331,-0.77493,geonames-GB
2516,saint-osyth,Saint Osyth,2093,England,Essex,East of England,51.8,1.08333,geonames-GB
2517,stanford-in-the-vale,Stanford in the Vale,2093,England,Oxfordshire,South East,51.63969,-1.50652,geonames-GB
2518,keelby,Keelby,2092,England,Lincolnshire,East Midlands,53.5758,-0.24701,geonames-GB
2519,chiseldon,Chiseldon,2090,England,Swindon,South West,51.51606,-1.73206,geonames-GB
2520,mossblown,Mossblown,2090,Scotland,South Ayrshire,West Central Scotland,55.48941,-4.52787,geonames-GB
2521,smithton,Smithton,2090,Scotland,Highland,Highlands and Argyll,57.47956,-4.15141,geonames-GB
2522,manea,Manea,2088,England,Cambridgeshire,East of England,52.48487,0.1793,geonames-GB
2523,grimston,Grimston,2086,England,Norfolk,East of England,52.77312,0.54846,geonames-GB
2524,whittington,Whittington,2085,England,Staffordshire,West Midlands,52.67372,-1.76091,geonames-GB
2525,cromford,Cromford,2073,England,Derbyshire,East Midlands,53.10848,-1.56014,geonames-GB
2526,rickinghall,Rickinghall,2073,England,Suffolk,East of England,52.33649,0.99272,geonames-GB
2527,kirkconnel,Kirkconnel,2070,Scotland,Dumfries and Galloway,South Scotland,55.38561,-3.99836,geonames-GB
2528,resolven,Resolven,2068,Wales,Neath Port Talbot,Wales,51.71193,-3.69745,geonames-GB
2529,longtown-herefordshire,Longtown,2064,England,Herefordshire,West Midlands,51.95,-2.98333,geonames-GB
2530,crickhowell,Crickhowell,2063,Wales,Powys,Wales,51.85992,-3.13771,geonames-GB
2531,hightown,Hightown,2063,England,Sefton,North West,53.52452,-3.06192,geonames-GB
2532,chilcompton,Chilcompton,2062,England,Somerset,South West,51.26391,-2.50502,geonames-GB
2533,little-eaton,Little Eaton,2060,England,Derbyshire,East Midlands,52.97028,-1.4595,geonames-GB
2534,newburgh,Newburgh,2060,Scotland,Fife,East and Central Scotland,56.35079,-3.2365,geonames-GB
2535,wickham,Wickham,2060,England,Hampshire,South East,50.89924,-1.18815,geonames-GB
2536,axbridge,Axbridge,2057,England,Somerset,South West,51.28466,-2.82078,geonames-GB
2537,camblesforth,Camblesforth,2056,England,North Yorkshire,Yorkshire and the Humber,53.7268,-1.01998,geonames-GB
2538,halton-lancashire,Halton,2056,England,Lancashire,North West,54.07887,-2.758,geonames-GB
2539,presteigne,Presteigne,2056,Wales,Powys,Wales,52.27183,-3.00579,geonames-GB
2540,bozeat,Bozeat,2052,England,North Northamptonshire,East Midlands,52.2227,-0.67326,geonames-GB
2541,robertsbridge,Robertsbridge,2047,England,East Sussex,South East,50.98569,0.47253,geonames-GB
2542,billinghay,Billinghay,2046,England,Lincolnshire,East Midlands,53.07959,-0.27689,geonames-GB
2543,stow-on-the-wold,Stow on the Wold,2042,England,Gloucestershire,South West,51.93008,-1.72382,geonames-GB
2544,bishops-lydeard,Bishops Lydeard,2040,England,Somerset,South West,51.05917,-3.18778,geonames-GB
2545,ormiston,Ormiston,2040,Scotland,East Lothian,South East Scotland,55.91302,-2.93985,geonames-GB
2546,berkeley,Berkeley,2034,England,Gloucestershire,South West,51.69111,-2.45917,geonames-GB
2547,mobberley,Mobberley,2034,England,Cheshire East,North West,53.31667,-2.31667,geonames-GB
2548,catterall,Catterall,2029,England,Lancashire,North West,53.87965,-2.76478,geonames-GB
2549,eton-wick,Eton Wick,2029,England,Windsor and Maidenhead,South East,51.49722,-0.63437,geonames-GB
2550,clare,Clare,2028,England,Suffolk,East of England,52.07861,0.58167,geonames-GB
2551,burgh-le-marsh,Burgh le Marsh,2026,England,Lincolnshire,East Midlands,53.16158,0.24484,geonames-GB
2552,uffculme,Uffculme,2021,England,Devon,South West,50.90604,-3.32746,geonames-GB
2553,hatton,Hatton,2020,England,Warwickshire,West Midlands,52.30007,-1.6326,geonames-GB
2554,rosewell,Rosewell,2020,Scotland,Midlothian,South East Scotland,55.85075,-3.13625,geonames-GB
2555,rode-heath,Rode Heath,2019,England,Cheshire East,North West,53.11387,-2.29186,geonames-GB
2556,stone-buckinghamshire,Stone,2019,England,Buckinghamshire,South East,51.80246,-0.87032,geonames-GB
2557,hathersage,Hathersage,2018,England,Derbyshire,East Midlands,53.3303,-1.65398,geonames-GB
2558,long-bennington,Long Bennington,2018,England,Lincolnshire,East Midlands,52.99314,-0.75803,geonames-GB
2559,rayne,Rayne,2018,England,Essex,East of England,51.86667,0.58333,geonames-GB
2560,langho,Langho,2015,England,Lancashire,North West,53.80217,-2.45076,geonames-GB
2561,kineton,Kineton,2014,England,Warwickshire,West Midlands,52.15645,-1.51148,geonames-GB
2562,alresford,Alresford,2009,England,Essex,East of England,51.85389,1.00203,geonames-GB
2563,goostrey,Goostrey,2008,England,Cheshire East,North West,53.22731,-2.33919,geonames-GB
2564,southgate,Southgate,2004,Wales,Swansea,Wales,51.56944,-4.08972,geonames-GB
2565,stoke-sub-hamdon,Stoke-sub-Hamdon,2004,England,Somerset,South West,50.95397,-2.74971,geonames-GB
2566,great-barford,Great Barford,2003,England,Bedford,East of England,52.15791,-0.35235,geonames-GB
2567,southowram,Southowram,2003,England,Calderdale,Yorkshire and the Humber,53.70988,-1.83181,geonames-GB
2568,southchurch-village,Southchurch Village,2000,England,Southend-on-Sea,East of England,51.54049,0.72935,geonames-GB
2569,walsden,Walsden,2000,England,Calderdale,Yorkshire and the Humber,53.69361,-2.10001,geonames-GB
2570,harwell,Harwell,1998,England,Oxfordshire,South East,51.59947,-1.29175,geonames-GB
2571,pant,Pant,1998,England,Shropshire,West Midlands,52.79005,-3.08031,geonames-GB
2572,south-milford,South Milford,1995,England,North Yorkshire,Yorkshire and the Humber,53.77672,-1.24609,geonames-GB
2573,much-hadham,Much Hadham,1994,England,Hertfordshire,East of England,51.85407,0.07188,geonames-GB
2574,skelmorlie,Skelmorlie,1990,Scotland,North Ayrshire,West Central Scotland,55.8695,-4.88475,geonames-GB
2575,wick-south-gloucestershire,Wick,1989,England,South Gloucestershire,South West,51.45306,-2.42361,geonames-GB
2576,black-notley,Black Notley,1988,England,Essex,East of England,51.85301,0.56846,geonames-GB
2577,llandovery,Llandovery,1985,Wales,Carmarthenshire,Wales,51.99415,-3.79637,geonames-GB
2578,wheldrake,Wheldrake,1984,England,York,Yorkshire and the Humber,53.89624,-0.96303,geonames-GB
2579,wooler,Wooler,1983,England,Northumberland,North East,55.54755,-2.01186,geonames-GB
2580,holmfirth,Holmfirth,1980,England,Kirklees,Yorkshire and the Humber,53.56968,-1.78777,geonames-GB
2581,sanquhar,Sanquhar,1980,Scotland,Dumfries and Galloway,South Scotland,55.36527,-3.9216,geonames-GB
2582,barlaston,Barlaston,1979,England,Staffordshire,West Midlands,52.942,-2.1705,geonames-GB
2583,hapton,Hapton,1979,England,Lancashire,North West,53.78333,-2.31667,geonames-GB
2584,merriott,Merriott,1979,England,Somerset,South West,50.91275,-2.79538,geonames-GB
2585,radley,Radley,1979,England,Oxfordshire,South East,51.68746,-1.24025,geonames-GB
2586,bala,Bala,1974,Wales,Gwynedd,Wales,52.91111,-3.59722,geonames-GB
2587,hibaldstow,Hibaldstow,1974,England,North Lincolnshire,Yorkshire and the Humber,53.51133,-0.52082,geonames-GB
2588,sleights,Sleights,1972,England,North Yorkshire,Yorkshire and the Humber,54.45506,-0.66484,geonames-GB
2589,east-wemyss,East Wemyss,1970,Scotland,Fife,East and Central Scotland,56.16018,-3.06422,geonames-GB
2590,lhanbryde,Lhanbryde,1970,Scotland,Moray,North East Scotland,57.63529,-3.21839,geonames-GB
2591,stoneyburn,Stoneyburn,1970,Scotland,West Lothian,South East Scotland,55.84371,-3.63862,geonames-GB
2592,kilgetty,Kilgetty,1968,Wales,Pembrokeshire,Wales,51.73203,-4.71983,geonames-GB
2593,puriton,Puriton,1968,England,Somerset,South West,51.16933,-2.97198,geonames-GB
2594,langtoft,Langtoft,1967,England,Lincolnshire,East Midlands,52.69834,-0.3404,geonames-GB
2595,wheaton-aston,Wheaton Aston,1965,England,Staffordshire,West Midlands,52.71145,-2.22064,geonames-GB
2596,aberfeldy,Aberfeldy,1960,Scotland,Perth and Kinross,East and Central Scotland,56.62196,-3.86693,geonames-GB
2597,strathblane,Strathblane,1960,Scotland,Stirling,East and Central Scotland,55.98596,-4.30658,geonames-GB
2598,seahouses,Seahouses,1959,England,Northumberland,North East,55.58063,-1.65497,geonames-GB
2599,wickham-west-berkshire,Wickham,1958,England,West Berkshire,South East,51.44342,-1.432,geonames-GB
2600,st-just,St Just,1957,England,Cornwall,South West,50.12379,-5.68065,geonames-GB
2601,banwell,Banwell,1956,England,North Somerset,South West,51.32894,-2.86914,geonames-GB
2602,mullion,Mullion,1955,England,Cornwall,South West,50.02706,-5.24248,geonames-GB
2603,rudgwick,Rudgwick,1955,England,West Sussex,South East,51.08735,-0.45164,geonames-GB
2604,barrowby,Barrowby,1952,England,Lincolnshire,East Midlands,52.91636,-0.69094,geonames-GB
2605,blackridge,Blackridge,1950,Scotland,West Lothian,South East Scotland,55.88523,-3.77479,geonames-GB
2606,kirknewton,Kirknewton,1950,Scotland,West Lothian,South East Scotland,55.88754,-3.41898,geonames-GB
2607,tattenhall,Tattenhall,1950,England,Cheshire West and Chester,North West,53.12188,-2.76746,geonames-GB
2608,lyminge,Lyminge,1948,England,Kent,South East,51.12951,1.08896,geonames-GB
2609,stanwick,Stanwick,1942,England,North Northamptonshire,East Midlands,52.33198,-0.56348,geonames-GB
2610,fontwell,Fontwell,1941,England,West Sussex,South East,50.8552,-0.64831,geonames-GB
2611,johnston,Johnston,1941,Wales,Pembrokeshire,Wales,51.75556,-4.99667,geonames-GB
2612,campsall,Campsall,1940,England,Doncaster,Yorkshire and the Humber,53.61917,-1.18002,geonames-GB
2613,hayfield,Hayfield,1940,England,Derbyshire,East Midlands,53.37893,-1.94544,geonames-GB
2614,bredon,Bredon,1936,England,Worcestershire,West Midlands,52.03008,-2.11671,geonames-GB
2615,pen-clawdd,Pen-clawdd,1935,Wales,Swansea,Wales,51.64028,-4.09917,geonames-GB
2616,pool,Pool,1935,England,Leeds,Yorkshire and the Humber,53.9,-1.61667,geonames-GB
2617,washington-west-sussex,Washington,1930,England,West Sussex,South East,50.90487,-0.40649,geonames-GB
2618,low-etherley,Low Etherley,1929,England,County Durham,North East,54.65349,-1.74315,geonames-GB
2619,wroxall,Wroxall,1927,England,Warwickshire,West Midlands,52.33791,-1.66898,geonames-GB
2620,ketton,Ketton,1926,England,Rutland,East Midlands,52.62804,-0.55459,geonames-GB
2621,barnburgh,Barnburgh,1924,England,Doncaster,Yorkshire and the Humber,53.52408,-1.273,geonames-GB
2622,burstwick,Burstwick,1924,England,East Riding of Yorkshire,Yorkshire and the Humber,53.73211,-0.13956,geonames-GB
2623,wrotham,Wrotham,1921,England,Kent,South East,51.30856,0.30899,geonames-GB
2624,atworth,Atworth,1920,England,Wiltshire,South West,51.39234,-2.19297,geonames-GB
2625,plean,Plean,1920,Scotland,Stirling,East and Central Scotland,56.06516,-3.87596,geonames-GB
2626,south-nutfield,South Nutfield,1920,England,West Sussex,South East,51.01667,-0.13333,geonames-GB
2627,hook-norton,Hook Norton,1919,England,Oxfordshire,South East,51.99564,-1.48277,geonames-GB
2628,wrington,Wrington,1918,England,North Somerset,South West,51.36173,-2.76319,geonames-GB
2629,cadnam,Cadnam,1917,England,Hampshire,South East,50.92047,-1.5797,geonames-GB
2630,littlethorpe,Littlethorpe,1917,England,Leicestershire,East Midlands,52.56759,-1.20226,geonames-GB
2631,hanslope,Hanslope,1916,England,Milton Keynes,South East,52.11425,-0.82672,geonames-GB
2632,llanrug,Llanrug,1916,Wales,Gwynedd,Wales,53.14788,-4.19596,geonames-GB
2633,wye,Wye,1915,England,Kent,South East,51.18249,0.93678,geonames-GB
2634,flamborough,Flamborough,1914,England,East Riding of Yorkshire,Yorkshire and the Humber,54.11696,-0.12364,geonames-GB
2635,lugwardine,Lugwardine,1913,England,Herefordshire,West Midlands,52.06583,-2.6578,geonames-GB
2636,inchinnan,Inchinnan,1910,Scotland,Renfrewshire,West Central Scotland,55.88995,-4.43842,geonames-GB
2637,milnathort,Milnathort,1910,Scotland,Perth and Kinross,East and Central Scotland,56.22688,-3.4193,geonames-GB
2638,salcombe,Salcombe,1909,England,Devon,South West,50.23743,-3.76874,geonames-GB
2639,silverstone,Silverstone,1907,England,West Northamptonshire,East Midlands,52.09216,-1.02602,geonames-GB
2640,probus,Probus,1906,England,Cornwall,South West,50.29267,-4.95401,geonames-GB
2641,blackwood-south-lanarkshire,Blackwood,1901,Scotland,South Lanarkshire,West Central Scotland,55.66667,-3.91667,geonames-GB
2642,comrie,Comrie,1900,Scotland,Perth and Kinross,East and Central Scotland,56.3688,-3.97882,geonames-GB
2643,new-denham,New Denham,1900,England,Buckinghamshire,South East,51.5541,-0.48901,geonames-GB
2644,sarratt,Sarratt,1900,England,Hertfordshire,East of England,51.68458,-0.494,geonames-GB
2645,tarbolton,Tarbolton,1900,Scotland,South Ayrshire,West Central Scotland,55.51292,-4.48648,geonames-GB
2646,bramford,Bramford,1899,England,Suffolk,East of England,52.07631,1.09687,geonames-GB
2647,delph,Delph,1899,England,Oldham,North West,53.56667,-2.01667,geonames-GB
2648,ditchingham,Ditchingham,1899,England,Norfolk,East of England,52.46729,1.4437,geonames-GB
2649,lydbrook,Lydbrook,1894,England,Gloucestershire,South West,51.83763,-2.57818,geonames-GB
2650,bishop-s-castle,Bishop's Castle,1893,England,Shropshire,West Midlands,52.49208,-3.0021,geonames-GB
2651,windygates,Windygates,1890,Scotland,Fife,East and Central Scotland,56.19546,-3.05274,geonames-GB
2652,crick,Crick,1886,England,West Northamptonshire,East Midlands,52.34808,-1.13708,geonames-GB
2653,donisthorpe,Donisthorpe,1886,England,Leicestershire,East Midlands,52.72401,-1.538,geonames-GB
2654,findon,Findon,1886,England,West Sussex,South East,50.86816,-0.40735,geonames-GB
2655,newcastle-emlyn,Newcastle Emlyn,1883,Wales,Ceredigion,Wales,52.04056,-4.4667,geonames-GB
2656,bradninch,Bradninch,1881,England,Devon,South West,50.82491,-3.42465,geonames-GB
2657,hardwick-village,Hardwick Village,1881,England,Nottinghamshire,East Midlands,53.27372,-1.0432,geonames-GB
2658,hartwell,Hartwell,1875,England,West Northamptonshire,East Midlands,52.14616,-0.85376,geonames-GB
2659,lynemouth,Lynemouth,1873,England,Northumberland,North East,55.21306,-1.5425,geonames-GB
2660,pontesbury,Pontesbury,1873,England,Shropshire,West Midlands,52.64826,-2.89035,geonames-GB
2661,oxenhope,Oxenhope,1872,England,Bradford,Yorkshire and the Humber,53.81233,-1.95196,geonames-GB
2662,ashwell,Ashwell,1870,England,Hertfordshire,East of England,52.03866,-0.15398,geonames-GB
2663,coldstream,Coldstream,1870,Scotland,Scottish Borders,South East Scotland,55.65111,-2.25295,geonames-GB
2664,rhu,Rhu,1870,Scotland,Argyll and Bute,Highlands and Argyll,56.01667,-4.76667,geonames-GB
2665,hathern,Hathern,1866,England,Leicestershire,East Midlands,52.79548,-1.25644,geonames-GB
2666,wilberfoss,Wilberfoss,1866,England,East Riding of Yorkshire,Yorkshire and the Humber,53.94854,-0.88945,geonames-GB
2667,llansantffraid-glan-conwy,Llansantffraid Glan Conwy,1862,Wales,Conwy,Wales,53.26667,-3.8,geonames-GB
2668,misterton,Misterton,1862,England,Nottinghamshire,East Midlands,53.44492,-0.85032,geonames-GB
2669,upton-upon-severn,Upton upon Severn,1861,England,Worcestershire,West Midlands,52.06258,-2.21802,geonames-GB
2670,balfron,Balfron,1860,Scotland,Stirling,East and Central Scotland,56.06809,-4.33559,geonames-GB
2671,shipdham,Shipdham,1860,England,Norfolk,East of England,52.62923,0.88577,geonames-GB
2672,northleach,Northleach,1854,England,Gloucestershire,South West,51.82994,-1.83712,geonames-GB
2673,cropwell-bishop,Cropwell Bishop,1853,England,Nottinghamshire,East Midlands,52.9148,-0.98482,geonames-GB
2674,chilworth,Chilworth,1852,England,Surrey,South East,51.21635,-0.53129,geonames-GB
2675,eastriggs,Eastriggs,1850,Scotland,Dumfries and Galloway,South Scotland,54.98597,-3.18051,geonames-GB
2676,haverigg,Haverigg,1849,England,Cumbria,North West,54.19973,-3.29263,geonames-GB
2677,kedington,Kedington,1849,England,Suffolk,East of England,52.09282,0.48675,geonames-GB
2678,ruardean,Ruardean,1849,England,Gloucestershire,South West,51.85501,-2.55054,geonames-GB
2679,brompton,Brompton,1848,England,North Yorkshire,Yorkshire and the Humber,54.36015,-1.42422,geonames-GB
2680,grimston-leicestershire,Grimston,1848,England,Leicestershire,East Midlands,52.79011,-0.98656,geonames-GB
2681,halling,Halling,1848,England,Medway,South East,51.35142,0.4452,geonames-GB
2682,ingrave,Ingrave,1846,England,Essex,East of England,51.60416,0.34058,geonames-GB
2683,newton-longville,Newton Longville,1846,England,Buckinghamshire,South East,51.976,-0.76595,geonames-GB
2684,evercreech,Evercreech,1845,England,Somerset,South West,51.14806,-2.50556,geonames-GB
2685,curry-rivel,Curry Rivel,1844,England,Somerset,South West,51.02306,-2.86753,geonames-GB
2686,great-haywood,Great Haywood,1844,England,Staffordshire,West Midlands,52.80785,-2.00024,geonames-GB
2687,great-yeldham,Great Yeldham,1844,England,Essex,East of England,52.01347,0.5654,geonames-GB
2688,llanberis,Llanberis,1844,Wales,Gwynedd,Wales,53.11809,-4.12923,geonames-GB
2689,kirkby-lonsdale,Kirkby Lonsdale,1843,England,Cumbria,North West,54.20259,-2.59827,geonames-GB
2690,north-sunderland,North Sunderland,1843,England,Northumberland,North East,55.57688,-1.66436,geonames-GB
2691,charing,Charing,1841,England,Kent,South East,51.21073,0.79466,geonames-GB
2692,hale-halton,Hale,1841,England,Halton,North West,53.33333,-2.8,geonames-GB
2693,burghead,Burghead,1840,Scotland,Moray,North East Scotland,57.70113,-3.48992,geonames-GB
2694,stewkley,Stewkley,1840,England,Buckinghamshire,South East,51.92744,-0.76381,geonames-GB
2695,weeting,Weeting,1839,England,Norfolk,East of England,52.4644,0.61485,geonames-GB
2696,marldon,Marldon,1838,England,Devon,South West,50.45512,-3.59678,geonames-GB
2697,billingborough,Billingborough,1837,England,Lincolnshire,East Midlands,52.89384,-0.34186,geonames-GB
2698,elstree,Elstree,1835,England,Hertfordshire,East of England,51.6403,-0.29693,geonames-GB
2699,mundford,Mundford,1835,England,Norfolk,East of England,52.5093,0.64991,geonames-GB
2700,shilbottle,Shilbottle,1834,England,Northumberland,North East,55.37099,-1.6882,geonames-GB
2701,warton-lancashire,Warton,1833,England,Lancashire,North West,53.74988,-2.89335,geonames-GB
2702,buxted,Buxted,1831,England,East Sussex,South East,50.99003,0.13441,geonames-GB
2703,greenfield-central-bedfordshire,Greenfield,1831,England,Central Bedfordshire,East of England,52.00278,-0.46605,geonames-GB
2704,stretham,Stretham,1831,England,Cambridgeshire,East of England,52.34709,0.21852,geonames-GB
2705,rhayader,Rhayader,1824,Wales,Powys,Wales,52.30154,-3.51146,geonames-GB
2706,mickle-trafford,Mickle Trafford,1822,England,Cheshire West and Chester,North West,53.22146,-2.83225,geonames-GB
2707,kinglassie,Kinglassie,1820,Scotland,Fife,East and Central Scotland,56.17371,-3.24241,geonames-GB
2708,wembury,Wembury,1819,England,Devon,South West,50.32272,-4.07529,geonames-GB
2709,east-bridgford,East Bridgford,1814,England,Nottinghamshire,East Midlands,52.97954,-0.96563,geonames-GB
2710,rogiet,Rogiet,1813,Wales,Monmouthshire,Wales,51.58854,-2.77868,geonames-GB
2711,ryton-on-dunsmore,Ryton on Dunsmore,1813,England,Warwickshire,West Midlands,52.36667,-1.43333,geonames-GB
2712,almondsbury,Almondsbury,1812,England,South Gloucestershire,South West,51.55407,-2.57114,geonames-GB
2713,broad-blunsdon,Broad Blunsdon,1803,England,Swindon,South West,51.61339,-1.7787,geonames-GB
2714,dearham,Dearham,1799,England,Cumbria,North West,54.71175,-3.44364,geonames-GB
2715,necton,Necton,1798,England,Norfolk,East of England,52.64994,0.77539,geonames-GB
2716,shurdington,Shurdington,1798,England,Gloucestershire,South West,51.86264,-2.1206,geonames-GB
2717,waddesdon,Waddesdon,1797,England,Buckinghamshire,South East,51.84675,-0.92105,geonames-GB
2718,creech-saint-michael,Creech Saint Michael,1795,England,Somerset,South West,51.02333,-3.03833,geonames-GB
2719,llandeilo,Llandeilo,1795,Wales,Carmarthenshire,Wales,51.88459,-3.99154,geonames-GB
2720,sharnbrook,Sharnbrook,1795,England,Bedford,East of England,52.22606,-0.54425,geonames-GB
2721,bodelwyddan,Bodelwyddan,1794,Wales,Denbighshire,Wales,53.26827,-3.50078,geonames-GB
2722,penygroes,Penygroes,1793,Wales,Gwynedd,Wales,53.05502,-4.28535,geonames-GB
2723,grassington,Grassington,1792,England,North Yorkshire,Yorkshire and the Humber,54.0714,-1.99822,geonames-GB
2724,silsoe,Silsoe,1791,England,Central Bedfordshire,East of England,52.00854,-0.42484,geonames-GB
2725,sudbrooke,Sudbrooke,1788,England,Lincolnshire,East Midlands,53.26667,-0.45,geonames-GB
2726,northiam,Northiam,1785,England,East Sussex,South East,50.99439,0.60026,geonames-GB
2727,meldreth,Meldreth,1783,England,Cambridgeshire,East of England,52.09396,0.00807,geonames-GB
2728,earlston,Earlston,1780,Scotland,Scottish Borders,South East Scotland,55.63856,-2.67495,geonames-GB
2729,mayford,Mayford,1778,England,Surrey,South East,51.29558,-0.57451,geonames-GB
2730,walberton,Walberton,1778,England,West Sussex,South East,50.84475,-0.62013,geonames-GB
2731,burbage,Burbage,1772,England,Wiltshire,South West,51.35184,-1.67087,geonames-GB
2732,ingleton,Ingleton,1772,England,North Yorkshire,Yorkshire and the Humber,54.15392,-2.46849,geonames-GB
2733,croft,Croft,1770,England,Leicestershire,East Midlands,52.55668,-1.24643,geonames-GB
2734,invergowrie,Invergowrie,1770,Scotland,Perth and Kinross,East and Central Scotland,56.46111,-3.06158,geonames-GB
2735,wormley,Wormley,1770,England,Surrey,South East,51.13622,-0.64673,geonames-GB
2736,walkington,Walkington,1769,England,East Riding of Yorkshire,Yorkshire and the Humber,53.8195,-0.48958,geonames-GB
2737,wragby,Wragby,1768,England,Lincolnshire,East Midlands,53.28333,-0.3,geonames-GB
2738,catcliffe,Catcliffe,1766,England,Rotherham,Yorkshire and the Humber,53.39316,-1.36207,geonames-GB
2739,gosberton,Gosberton,1764,England,Lincolnshire,East Midlands,52.86913,-0.16102,geonames-GB
2740,silkstone,Silkstone,1764,England,Barnsley,Yorkshire and the Humber,53.54808,-1.56381,geonames-GB
2741,lympstone,Lympstone,1763,England,Devon,South West,50.64751,-3.43162,geonames-GB
2742,harlech,Harlech,1762,Wales,Gwynedd,Wales,52.85941,-4.10831,geonames-GB
2743,painswick,Painswick,1762,England,Gloucestershire,South West,51.78568,-2.19555,geonames-GB
2744,stoke-prior,Stoke Prior,1762,England,Worcestershire,West Midlands,52.29978,-2.08034,geonames-GB
2745,airth,Airth,1760,Scotland,Falkirk,East and Central Scotland,56.06983,-3.77209,geonames-GB
2746,doune,Doune,1760,Scotland,Stirling,East and Central Scotland,56.18995,-4.05288,geonames-GB
2747,lower-kingswood,Lower Kingswood,1760,England,Surrey,South East,51.26968,-0.2123,geonames-GB
2748,thornton-dale,Thornton Dale,1759,England,North Yorkshire,Yorkshire and the Humber,54.23528,-0.72016,geonames-GB
2749,holt-wiltshire,Holt,1757,England,Wiltshire,South West,51.35556,-2.19722,geonames-GB
2750,huncote,Huncote,1756,England,Leicestershire,East Midlands,52.57306,-1.23639,geonames-GB
2751,gargrave,Gargrave,1755,England,North Yorkshire,Yorkshire and the Humber,53.98353,-2.10459,geonames-GB
2752,seascale,Seascale,1754,England,Cumbria,North West,54.39831,-3.47961,geonames-GB
2753,southwick,Southwick,1754,England,Wiltshire,South West,51.29694,-2.2325,geonames-GB
2754,criccieth,Criccieth,1753,Wales,Gwynedd,Wales,52.92053,-4.2346,geonames-GB
2755,meriden-solihull,Meriden,1753,England,Solihull,West Midlands,52.4377,-1.64366,geonames-GB
2756,woolpit,Woolpit,1753,England,Suffolk,East of England,52.22454,0.88826,geonames-GB
2757,east-chevington,East Chevington,1751,England,Northumberland,North East,55.28333,-1.58333,geonames-GB
2758,saint-davids,Saint Davids,1751,Wales,Pembrokeshire,Wales,51.88094,-5.26554,geonames-GB
2759,hambleton,Hambleton,1749,England,North Yorkshire,Yorkshire and the Humber,53.76667,-1.16667,geonames-GB
2760,pattingham,Pattingham,1749,England,Staffordshire,West Midlands,52.5891,-2.26538,geonames-GB
2761,woodsetts,Woodsetts,1746,England,Rotherham,Yorkshire and the Humber,53.34804,-1.17204,geonames-GB
2762,meppershall,Meppershall,1745,England,Central Bedfordshire,East of England,52.01713,-0.33991,geonames-GB
2763,thorney,Thorney,1745,England,Peterborough,East of England,52.62147,-0.10815,geonames-GB
2764,wainfleet-all-saints,Wainfleet All Saints,1744,England,Lincolnshire,East Midlands,53.1057,0.23583,geonames-GB
2765,balloch,Balloch,1743,Scotland,West Dunbartonshire,West Central Scotland,56.0,-4.58333,geonames-GB
2766,botesdale,Botesdale,1742,England,Suffolk,East of England,52.34216,1.00405,geonames-GB
2767,locking,Locking,1742,England,North Somerset,South West,51.33327,-2.91387,geonames-GB
2768,barnetby-le-wold,Barnetby le Wold,1741,England,North Lincolnshire,Yorkshire and the Humber,53.5748,-0.40607,geonames-GB
2769,glinton,Glinton,1740,England,Peterborough,East of England,52.63921,-0.29629,geonames-GB
2770,marcham,Marcham,1740,England,Oxfordshire,South East,51.66755,-1.34295,geonames-GB
2771,milton-of-leys,Milton of Leys,1740,Scotland,Highland,Highlands and Argyll,57.45125,-4.17592,geonames-GB
2772,terrington-saint-john,Terrington Saint John,1740,England,Norfolk,East of England,52.70546,0.27389,geonames-GB
2773,frizington,Frizington,1737,England,Cumbria,North West,54.54185,-3.4946,geonames-GB
2774,starcross,Starcross,1737,England,Devon,South West,50.62734,-3.44797,geonames-GB
2775,clenchwarton,Clenchwarton,1733,England,Norfolk,East of England,52.75604,0.3579,geonames-GB
2776,north-somercotes,North Somercotes,1732,England,Lincolnshire,East Midlands,53.44573,0.14103,geonames-GB
2777,tickton,Tickton,1731,England,East Riding of Yorkshire,Yorkshire and the Humber,53.86233,-0.3833,geonames-GB
2778,west-walton,West Walton,1731,England,Norfolk,East of England,52.69782,0.17406,geonames-GB
2779,portsoy,Portsoy,1730,Scotland,Aberdeenshire,North East Scotland,57.68144,-2.68956,geonames-GB
2780,ratho,Ratho,1730,Scotland,Edinburgh,South East Scotland,55.92164,-3.38028,geonames-GB
2781,harston,Harston,1729,England,Cambridgeshire,East of England,52.13691,0.07999,geonames-GB
2782,monk-fryston,Monk Fryston,1728,England,North Yorkshire,Yorkshire and the Humber,53.7616,-1.23751,geonames-GB
2783,trebarwith,Trebarwith,1725,England,Cornwall,South West,50.64108,-4.75035,geonames-GB
2784,shrewton,Shrewton,1723,England,Wiltshire,South West,51.19194,-1.90264,geonames-GB
2785,goodwick,Goodwick,1720,Wales,Pembrokeshire,Wales,52.00491,-4.99511,geonames-GB
2786,west-haddon,West Haddon,1718,England,West Northamptonshire,East Midlands,52.34168,-1.07804,geonames-GB
2787,hatfield-heath,Hatfield Heath,1717,England,Essex,East of England,51.81233,0.21243,geonames-GB
2788,wickwar,Wickwar,1717,England,South Gloucestershire,South West,51.59404,-2.39968,geonames-GB
2789,diggle,Diggle,1716,England,Oldham,North West,53.56744,-1.99723,geonames-GB
2790,newton-poppleford,Newton Poppleford,1715,England,Devon,South West,50.7,-3.29586,geonames-GB
2791,conon-bridge,Conon Bridge,1710,Scotland,Highland,Highlands and Argyll,57.5663,-4.43678,geonames-GB
2792,head-of-muir,Head of Muir,1710,Scotland,Falkirk,East and Central Scotland,56.00623,-3.91358,geonames-GB
2793,hopeman,Hopeman,1710,Scotland,Moray,North East Scotland,57.70684,-3.43432,geonames-GB
2794,flimby,Flimby,1707,England,Cumbria,North West,54.68956,-3.52092,geonames-GB
2795,ticehurst,Ticehurst,1705,England,East Sussex,South East,51.04652,0.4086,geonames-GB
2796,lympne,Lympne,1704,England,Kent,South East,51.07773,1.02808,geonames-GB
2797,east-linton,East Linton,1700,Scotland,East Lothian,South East Scotland,55.98737,-2.65682,geonames-GB
2798,mistley,Mistley,1696,England,Essex,East of England,51.94331,1.08254,geonames-GB
2799,pontyberem,Pontyberem,1695,Wales,Carmarthenshire,Wales,51.77826,-4.1689,geonames-GB
2800,hampton-in-arden,Hampton in Arden,1692,England,Solihull,West Midlands,52.4254,-1.70271,geonames-GB
2801,harrold,Harrold,1691,England,Bedford,East of England,52.20127,-0.61038,geonames-GB
2802,cornholme,Cornholme,1690,England,Calderdale,Yorkshire and the Humber,53.7323,-2.13851,geonames-GB
2803,fochabers,Fochabers,1690,Scotland,Moray,North East Scotland,57.61445,-3.09947,geonames-GB
2804,exning,Exning,1688,England,Suffolk,East of England,52.26642,0.37439,geonames-GB
2805,allhallows,Allhallows,1686,England,Medway,South East,51.46866,0.63686,geonames-GB
2806,westonzoyland,Westonzoyland,1686,England,Somerset,South West,51.10854,-2.92843,geonames-GB
2807,harthill-rotherham,Harthill,1684,England,Rotherham,Yorkshire and the Humber,53.31667,-1.26667,geonames-GB
2808,stoke-golding,Stoke Golding,1684,England,Leicestershire,East Midlands,52.5706,-1.41124,geonames-GB
2809,long-itchington,Long Itchington,1683,England,Warwickshire,West Midlands,52.28396,-1.39243,geonames-GB
2810,dunswell,Dunswell,1682,England,East Riding of Yorkshire,Yorkshire and the Humber,53.80106,-0.37139,geonames-GB
2811,harvington,Harvington,1680,England,Worcestershire,West Midlands,52.14095,-1.92313,geonames-GB
2812,high-bentham,High Bentham,1680,England,North Yorkshire,Yorkshire and the Humber,54.11823,-2.51199,geonames-GB
2813,luncarty,Luncarty,1680,Scotland,Perth and Kinross,East and Central Scotland,56.45308,-3.47007,geonames-GB
2814,embsay,Embsay,1679,England,North Yorkshire,Yorkshire and the Humber,53.97664,-1.99282,geonames-GB
2815,ingleton-county-durham,Ingleton,1678,England,County Durham,North East,54.57952,-1.73532,geonames-GB
2816,yealmpton,Yealmpton,1677,England,Devon,South West,50.34856,-3.99877,geonames-GB
2817,todwick,Todwick,1673,England,Rotherham,Yorkshire and the Humber,53.35373,-1.25673,geonames-GB
2818,crail,Crail,1670,Scotland,Fife,East and Central Scotland,56.26042,-2.62676,geonames-GB
2819,cruden-bay,Cruden Bay,1670,Scotland,Aberdeenshire,North East Scotland,57.41797,-1.85313,geonames-GB
2820,killearn,Killearn,1670,Scotland,Stirling,East and Central Scotland,56.04239,-4.3684,geonames-GB
2821,findern,Findern,1669,England,Derbyshire,East Midlands,52.87037,-1.54409,geonames-GB
2822,stainburn,Stainburn,1666,England,North Yorkshire,Yorkshire and the Humber,53.93333,-1.61667,geonames-GB
2823,whaplode,Whaplode,1666,England,Lincolnshire,East Midlands,52.79934,-0.03639,geonames-GB
2824,pensilva,Pensilva,1663,England,Cornwall,South West,50.50302,-4.41491,geonames-GB
2825,ambrosden,Ambrosden,1662,England,Oxfordshire,South East,51.87087,-1.12129,geonames-GB
2826,high-halstow,High Halstow,1662,England,Medway,South East,51.44775,0.55558,geonames-GB
2827,dufftown,Dufftown,1660,Scotland,Moray,North East Scotland,57.44571,-3.12708,geonames-GB
2828,tanfield,Tanfield,1659,England,County Durham,North East,54.89288,-1.71316,geonames-GB
2829,audlem,Audlem,1658,England,Cheshire East,North West,52.98956,-2.50706,geonames-GB
2830,great-eccleston,Great Eccleston,1657,England,Lancashire,North West,53.85315,-2.87026,geonames-GB
2831,layer-de-la-haye,Layer de la Haye,1656,England,Essex,East of England,51.84593,0.85745,geonames-GB
2832,bardney,Bardney,1655,England,Lincolnshire,East Midlands,53.21005,-0.32371,geonames-GB
2833,ewhurst,Ewhurst,1653,England,Surrey,South East,51.15448,-0.44344,geonames-GB
2834,aldbourne,Aldbourne,1652,England,Wiltshire,South West,51.48098,-1.61827,geonames-GB
2835,aberdour,Aberdour,1650,Scotland,Fife,East and Central Scotland,56.05417,-3.30058,geonames-GB
2836,bramham,Bramham,1650,England,Leeds,Yorkshire and the Humber,53.88118,-1.35452,geonames-GB
2837,letham,Letham,1650,Scotland,Angus,East and Central Scotland,56.62683,-2.7706,geonames-GB
2838,aberporth,Aberporth,1648,Wales,Ceredigion,Wales,52.13248,-4.54173,geonames-GB
2839,grain,Grain,1648,England,Medway,South East,51.45591,0.71126,geonames-GB
2840,delabole,Delabole,1647,England,Cornwall,South West,50.62347,-4.7319,geonames-GB
2841,drybrook,Drybrook,1647,England,Gloucestershire,South West,51.8555,-2.51681,geonames-GB
2842,tideswell,Tideswell,1647,England,Derbyshire,East Midlands,53.27807,-1.77292,geonames-GB
2843,elmstead-market,Elmstead Market,1646,England,Essex,East of England,51.88219,0.99482,geonames-GB
2844,pontlliw,Pontlliw,1645,Wales,Swansea,Wales,51.69139,-4.01056,geonames-GB
2845,saint-bees,Saint Bees,1644,England,Cumbria,North West,54.49183,-3.58987,geonames-GB
2846,yoxall,Yoxall,1638,England,Staffordshire,West Midlands,52.76659,-1.79068,geonames-GB
2847,cookley,Cookley,1637,England,Suffolk,East of England,52.31667,1.45,geonames-GB
2848,nether-heyford,Nether Heyford,1637,England,West Northamptonshire,East Midlands,52.22123,-1.03452,geonames-GB
2849,cheddington,Cheddington,1634,England,Buckinghamshire,South East,51.84784,-0.66429,geonames-GB
2850,scawby,Scawby,1631,England,North Lincolnshire,Yorkshire and the Humber,53.53787,-0.54085,geonames-GB
2851,sonning,Sonning,1631,England,Wokingham,South East,51.47411,-0.91212,geonames-GB
2852,north-tawton,North Tawton,1630,England,Devon,South West,50.79968,-3.89759,geonames-GB
2853,roslin,Roslin,1630,Scotland,Midlothian,South East Scotland,55.85749,-3.16895,geonames-GB
2854,shepherdswell,Shepherdswell,1630,England,Kent,South East,51.18713,1.23049,geonames-GB
2855,rackheath,Rackheath,1628,England,Norfolk,East of England,52.66254,1.38032,geonames-GB
2856,rowhedge,Rowhedge,1626,England,Essex,East of England,51.85738,0.94534,geonames-GB
2857,ravenstone,Ravenstone,1623,England,Leicestershire,East Midlands,52.72111,-1.40582,geonames-GB
2858,doveridge,Doveridge,1622,England,Derbyshire,East Midlands,52.90526,-1.8248,geonames-GB
2859,potterne,Potterne,1622,England,Wiltshire,South West,51.32917,-2.00519,geonames-GB
2860,friston,Friston,1620,England,East Sussex,South East,50.76402,0.1993,geonames-GB
2861,horsmonden,Horsmonden,1620,England,Kent,South East,51.13908,0.42881,geonames-GB
2862,port-erroll,Port Erroll,1620,Scotland,Aberdeenshire,North East Scotland,57.41427,-1.84596,geonames-GB
2863,wood-street-village,Wood Street Village,1619,England,Surrey,South East,51.25098,-0.63695,geonames-GB
2864,chinley,Chinley,1614,England,Derbyshire,East Midlands,53.34025,-1.939,geonames-GB
2865,abridge,Abridge,1613,England,Essex,East of England,51.6495,0.12033,geonames-GB
2866,east-dean,East Dean,1613,England,Hampshire,South East,51.03979,-1.60941,geonames-GB
2867,calderbank,Calderbank,1610,Scotland,North Lanarkshire,West Central Scotland,55.84318,-3.9707,geonames-GB
2868,lauder,Lauder,1610,Scotland,Scottish Borders,South East Scotland,55.71908,-2.74755,geonames-GB
2869,thornhill,Thornhill,1610,Scotland,Dumfries and Galloway,South Scotland,55.23333,-3.76667,geonames-GB
2870,ducklington,Ducklington,1608,England,Oxfordshire,South East,51.76763,-1.48418,geonames-GB
2871,evenwood,Evenwood,1608,England,County Durham,North East,54.62213,-1.76133,geonames-GB
2872,earith,Earith,1606,England,Cambridgeshire,East of England,52.35422,0.03056,geonames-GB
2873,mostyn,Mostyn,1606,Wales,Flintshire,Wales,53.31271,-3.26765,geonames-GB
2874,skinningrove,Skinningrove,1606,England,Redcar and Cleveland,North East,54.56908,-0.89869,geonames-GB
2875,saint-clears,Saint Clears,1605,Wales,Carmarthenshire,Wales,51.81989,-4.49783,geonames-GB
2876,wetheral,Wetheral,1605,England,Cumbria,North West,54.88401,-2.83327,geonames-GB
2877,woodbury,Woodbury,1605,England,Devon,South West,50.67664,-3.4016,geonames-GB
2878,hockley-heath,Hockley Heath,1604,England,Solihull,West Midlands,52.35294,-1.77816,geonames-GB
2879,great-marton,Great Marton,1603,England,Blackpool,North West,53.81185,-3.02261,geonames-GB
2880,crynant,Crynant,1602,Wales,Neath Port Talbot,Wales,51.72889,-3.74806,geonames-GB
2881,stanhope,Stanhope,1602,England,County Durham,North East,54.75,-2.01667,geonames-GB
2882,great-barton,Great Barton,1600,England,Suffolk,East of England,52.27257,0.76679,geonames-GB
2883,horndon-on-the-hill,Horndon on the Hill,1596,England,Thurrock,East of England,51.52358,0.40491,geonames-GB
2884,baschurch,Baschurch,1595,England,Shropshire,West Midlands,52.78848,-2.85284,geonames-GB
2885,croeserw,Croeserw,1595,Wales,Neath Port Talbot,Wales,51.64472,-3.64028,geonames-GB
2886,ironbridge,Ironbridge,1595,England,Telford and Wrekin,West Midlands,52.62795,-2.48465,geonames-GB
2887,deddington,Deddington,1594,England,Oxfordshire,South East,51.9806,-1.32055,geonames-GB
2888,balsham,Balsham,1591,England,Cambridgeshire,East of England,52.13238,0.31586,geonames-GB
2889,blisworth,Blisworth,1591,England,West Northamptonshire,East Midlands,52.17498,-0.94131,geonames-GB
2890,glandwr,Glandwr,1586,Wales,Pembrokeshire,Wales,51.92833,-4.63333,geonames-GB
2891,leasingham,Leasingham,1584,England,Lincolnshire,East Midlands,53.02573,-0.42606,geonames-GB
2892,trimsaran,Trimsaran,1584,Wales,Carmarthenshire,Wales,51.71988,-4.24168,geonames-GB
2893,ulceby,Ulceby,1584,England,North Lincolnshire,Yorkshire and the Humber,53.61667,-0.33333,geonames-GB
2894,three-crosses,Three Crosses,1583,Wales,Swansea,Wales,51.62865,-4.06263,geonames-GB
2895,roydon,Roydon,1582,England,Essex,East of England,51.7718,0.0403,geonames-GB
2896,blewbury,Blewbury,1581,England,Oxfordshire,South East,51.5688,-1.23261,geonames-GB
2897,howwood,Howwood,1580,Scotland,Renfrewshire,West Central Scotland,55.8106,-4.55733,geonames-GB
2898,newport-east-riding-of-yorkshire,Newport,1580,England,East Riding of Yorkshire,Yorkshire and the Humber,53.76333,-0.69986,geonames-GB
2899,reddingmuirhead,Reddingmuirhead,1580,Scotland,Falkirk,East and Central Scotland,55.98026,-3.74853,geonames-GB
2900,middle-winterslow,Middle Winterslow,1579,England,Wiltshire,South West,51.09346,-1.65453,geonames-GB
2901,stock,Stock,1579,England,Essex,East of England,51.66351,0.44263,geonames-GB
2902,alveley,Alveley,1578,England,Shropshire,West Midlands,52.45709,-2.35434,geonames-GB
2903,rowledge,Rowledge,1578,England,Surrey,South East,51.1846,-0.82367,geonames-GB
2904,bridge,Bridge,1576,England,Kent,South East,51.24513,1.1264,geonames-GB
2905,ramsbury,Ramsbury,1574,England,Wiltshire,South West,51.44373,-1.60257,geonames-GB
2906,bow-street,Bow Street,1572,Wales,Ceredigion,Wales,52.44213,-4.02783,geonames-GB
2907,aslockton,Aslockton,1571,England,Nottinghamshire,East Midlands,52.95299,-0.897,geonames-GB
2908,compton-west-berkshire,Compton,1571,England,West Berkshire,South East,51.51585,-1.2551,geonames-GB
2909,alconbury,Alconbury,1569,England,Cambridgeshire,East of England,52.369,-0.26009,geonames-GB
2910,dobcross,Dobcross,1567,England,Oldham,North West,53.55639,-2.01325,geonames-GB
2911,south-littleton,South Littleton,1564,England,Worcestershire,West Midlands,52.11416,-1.89014,geonames-GB
2912,gotham,Gotham,1563,England,Nottinghamshire,East Midlands,52.86799,-1.20558,geonames-GB
2913,normandy,Normandy,1563,England,Surrey,South East,51.25751,-0.67472,geonames-GB
2914,douglas,Douglas,1560,Scotland,South Lanarkshire,West Central Scotland,55.55,-3.85,geonames-GB
2915,templecombe,Templecombe,1560,England,Somerset,South West,50.99908,-2.41578,geonames-GB
2916,haydon-bridge,Haydon Bridge,1557,England,Northumberland,North East,54.97486,-2.2468,geonames-GB
2917,kingsley,Kingsley,1557,England,Cheshire West and Chester,North West,53.26667,-2.66667,geonames-GB
2918,rake,Rake,1556,England,Hampshire,South East,51.04323,-0.85801,geonames-GB
2919,brimscombe,Brimscombe,1554,England,Gloucestershire,South West,51.71973,-2.18553,geonames-GB
2920,mickleton,Mickleton,1554,England,Gloucestershire,South West,52.09152,-1.76623,geonames-GB
2921,inkberrow,Inkberrow,1552,England,Worcestershire,West Midlands,52.21284,-1.98093,geonames-GB
2922,north-leigh,North Leigh,1552,England,Oxfordshire,South East,51.81432,-1.44144,geonames-GB
2923,ballater,Ballater,1550,Scotland,Aberdeenshire,North East Scotland,57.05011,-3.03798,geonames-GB
2924,skelton-york,Skelton,1549,England,York,Yorkshire and the Humber,54.0,-1.13333,geonames-GB
2925,penrhyndeudraeth,Penrhyndeudraeth,1546,Wales,Gwynedd,Wales,52.93333,-4.06667,geonames-GB
2926,great-bentley,Great Bentley,1545,England,Essex,East of England,51.85333,1.06379,geonames-GB
2927,muirhead,Muirhead,1542,Scotland,Angus,East and Central Scotland,56.5,-3.06667,geonames-GB
2928,rawcliffe,Rawcliffe,1542,England,East Riding of Yorkshire,Yorkshire and the Humber,53.69777,-0.96319,geonames-GB
2929,walkern,Walkern,1541,England,Hertfordshire,East of England,51.91888,-0.12758,geonames-GB
2930,five-oak-green,Five Oak Green,1540,England,Kent,South East,51.18338,0.35517,geonames-GB
2931,griston,Griston,1540,England,Norfolk,East of England,52.5572,0.86436,geonames-GB
2932,muirkirk,Muirkirk,1540,Scotland,East Ayrshire,West Central Scotland,55.52272,-4.06551,geonames-GB
2933,salsburgh,Salsburgh,1540,Scotland,North Lanarkshire,West Central Scotland,55.84277,-3.87264,geonames-GB
2934,tal-y-bont,Tal-y-bont,1540,Wales,Gwynedd,Wales,52.77471,-4.09224,geonames-GB
2935,wattisham,Wattisham,1539,England,Suffolk,East of England,52.12543,0.93864,geonames-GB
2936,blean,Blean,1536,England,Kent,South East,51.30679,1.04301,geonames-GB
2937,whittlesford,Whittlesford,1536,England,Cambridgeshire,East of England,52.11345,0.14969,geonames-GB
2938,south-witham,South Witham,1533,England,Lincolnshire,East Midlands,52.76476,-0.62811,geonames-GB
2939,minsterley,Minsterley,1532,England,Shropshire,West Midlands,52.63989,-2.92807,geonames-GB
2940,cockfield,Cockfield,1531,England,County Durham,North East,54.61373,-1.80897,geonames-GB
2941,dennyloanhead,Dennyloanhead,1530,Scotland,Falkirk,East and Central Scotland,55.99886,-3.91306,geonames-GB
2942,henstridge,Henstridge,1530,England,Somerset,South West,50.97717,-2.395,geonames-GB
2943,ladybank,Ladybank,1530,Scotland,Fife,East and Central Scotland,56.27421,-3.1239,geonames-GB
2944,west-linton,West Linton,1530,Scotland,Scottish Borders,South East Scotland,55.74972,-3.35607,geonames-GB
2945,littlebourne,Littlebourne,1529,England,Kent,South East,51.27445,1.16687,geonames-GB
2946,oakington,Oakington,1527,England,Cambridgeshire,East of England,52.26044,0.06849,geonames-GB
2947,stonesfield,Stonesfield,1527,England,Oxfordshire,South East,51.85142,-1.4296,geonames-GB
2948,tetney,Tetney,1526,England,Lincolnshire,East Midlands,53.49239,-0.02106,geonames-GB
2949,hartlebury,Hartlebury,1525,England,Worcestershire,West Midlands,52.33333,-2.23333,geonames-GB
2950,houghton-on-the-hill,Houghton on the Hill,1524,England,Leicestershire,East Midlands,52.62663,-0.99546,geonames-GB
2951,burniston,Burniston,1523,England,North Yorkshire,Yorkshire and the Humber,54.32385,-0.44813,geonames-GB
2952,kirkby-stephen,Kirkby Stephen,1522,England,Cumbria,North West,54.47229,-2.34865,geonames-GB
2953,eythorne,Eythorne,1520,England,Kent,South East,51.1971,1.2662,geonames-GB
2954,hemyock,Hemyock,1519,England,Devon,South West,50.91234,-3.22807,geonames-GB
2955,hatherleigh,Hatherleigh,1518,England,Devon,South West,50.82144,-4.07228,geonames-GB
2956,fairlight,Fairlight,1516,England,East Sussex,South East,50.87802,0.65669,geonames-GB
2957,danby,Danby,1515,England,North Yorkshire,Yorkshire and the Humber,54.46606,-0.91073,geonames-GB
2958,helmsley,Helmsley,1515,England,North Yorkshire,Yorkshire and the Humber,54.24577,-1.05683,geonames-GB
2959,whitland,Whitland,1514,Wales,Carmarthenshire,Wales,51.81889,-4.61528,geonames-GB
2960,braunston,Braunston,1513,England,West Northamptonshire,East Midlands,52.28979,-1.20266,geonames-GB
2961,mount-hawke,Mount Hawke,1511,England,Cornwall,South West,50.28229,-5.20855,geonames-GB
2962,shotley-gate,Shotley Gate,1511,England,Suffolk,East of England,51.95789,1.26877,geonames-GB
2963,dalrymple,Dalrymple,1510,Scotland,East Ayrshire,West Central Scotland,55.39757,-4.59169,geonames-GB
2964,haslingfield,Haslingfield,1507,England,Cambridgeshire,East of England,52.15016,0.05579,geonames-GB
2965,pont-rhyd-y-cyff,Pont Rhyd-y-cyff,1505,Wales,Bridgend,Wales,51.58694,-3.63639,geonames-GB
2966,thorp-arch,Thorp Arch,1505,England,Leeds,Yorkshire and the Humber,53.91584,-1.3198,geonames-GB
2967,aberford,Aberford,1503,England,Leeds,Yorkshire and the Humber,53.82604,-1.34231,geonames-GB
2968,geddington,Geddington,1503,England,North Northamptonshire,East Midlands,52.43757,-0.68965,geonames-GB
2969,kelloe,Kelloe,1502,England,County Durham,North East,54.71894,-1.47495,geonames-GB
2970,woldingham,Woldingham,1502,England,Surrey,South East,51.28527,-0.03372,geonames-GB
2971,patrington,Patrington,1501,England,East Riding of Yorkshire,Yorkshire and the Humber,53.68395,-0.0133,geonames-GB
2972,little-marlow,Little Marlow,1500,England,Buckinghamshire,South East,51.584,-0.74046,geonames-GB
2973,low-ackworth,Low Ackworth,1500,England,Wakefield,Yorkshire and the Humber,53.65023,-1.32334,geonames-GB
2974,portscatho,Portscatho,1500,England,Cornwall,South West,50.17271,-4.97356,geonames-GB
2975,rotherfield-peppard,Rotherfield Peppard,1500,England,Oxfordshire,South East,51.53064,-0.97847,geonames-GB
2976,sandridge,Sandridge,1500,England,Hertfordshire,East of England,51.7809,-0.30521,geonames-GB
2977,ullapool,Ullapool,1500,Scotland,Highland,Highlands and Argyll,57.89872,-5.16039,geonames-GB
2978,emley,Emley,1497,England,Kirklees,Yorkshire and the Humber,53.61395,-1.6313,geonames-GB
2979,great-chesterford,Great Chesterford,1494,England,Essex,East of England,52.06431,0.1972,geonames-GB
2980,silverton,Silverton,1494,England,Devon,South West,50.81667,-3.48333,geonames-GB
2981,croft-warrington,Croft,1492,England,Warrington,North West,53.43333,-2.55,geonames-GB
2982,three-legged-cross,Three Legged Cross,1492,England,Dorset,South West,50.85,-1.88333,geonames-GB
2983,ferrybridge,Ferrybridge,1491,England,Wakefield,Yorkshire and the Humber,53.71058,-1.27948,geonames-GB
2984,pittenweem,Pittenweem,1490,Scotland,Fife,East and Central Scotland,56.21406,-2.72839,geonames-GB
2985,sturminster-marshall,Sturminster Marshall,1490,England,Dorset,South West,50.79968,-2.07615,geonames-GB
2986,steventon,Steventon,1485,England,Oxfordshire,South East,51.62473,-1.32145,geonames-GB
2987,llandysul,Llandysul,1484,Wales,Ceredigion,Wales,52.04166,-4.30909,geonames-GB
2988,dinnington-newcastle-upon-tyne,Dinnington,1483,England,Newcastle upon Tyne,North East,55.05428,-1.67542,geonames-GB
2989,marnhull,Marnhull,1483,England,Dorset,South West,50.97045,-2.31327,geonames-GB
2990,whittington-shropshire,Whittington,1481,England,Shropshire,West Midlands,52.8732,-3.00304,geonames-GB
2991,bourton,Bourton,1480,England,Dorset,South West,51.07444,-2.32778,geonames-GB
2992,pencaitland,Pencaitland,1480,Scotland,East Lothian,South East Scotland,55.90727,-2.8949,geonames-GB
2993,manby,Manby,1479,England,Lincolnshire,East Midlands,53.36291,0.09653,geonames-GB
2994,ditchling,Ditchling,1476,England,East Sussex,South East,50.921,-0.11536,geonames-GB
2995,acton,Acton,1475,England,Shropshire,West Midlands,52.45,-3.01667,geonames-GB
2996,bagworth,Bagworth,1472,England,Leicestershire,East Midlands,52.67265,-1.34274,geonames-GB
2997,abernethy,Abernethy,1470,Scotland,Perth and Kinross,East and Central Scotland,56.33247,-3.31226,geonames-GB
2998,addiebrownhill,Addiebrownhill,1470,Scotland,West Lothian,South East Scotland,55.84289,-3.61667,geonames-GB
2999,kingussie,Kingussie,1470,Scotland,Highland,Highlands and Argyll,57.07996,-4.05231,geonames-GB
3000,newburgh-aberdeenshire,Newburgh,1470,Scotland,Aberdeenshire,North East Scotland,57.31711,-2.00449,geonames-GB
3001,wrawby,Wrawby,1469,England,North Lincolnshire,Yorkshire and the Humber,53.56672,-0.46194,geonames-GB
3002,guilden-sutton,Guilden Sutton,1467,England,Cheshire West and Chester,North West,53.20809,-2.82984,geonames-GB
3003,pilning,Pilning,1465,England,South Gloucestershire,South West,51.56337,-2.64264,geonames-GB
3004,sibsey,Sibsey,1464,England,Lincolnshire,East Midlands,53.03858,0.01579,geonames-GB
3005,stithians,Stithians,1463,England,Cornwall,South West,50.1887,-5.17807,geonames-GB
3006,ringstead,Ringstead,1461,England,North Northamptonshire,East Midlands,52.36528,-0.5549,geonames-GB
3007,woodford,Woodford,1461,England,North Northamptonshire,East Midlands,52.38231,-0.58099,geonames-GB
3008,ashgill,Ashgill,1460,Scotland,South Lanarkshire,West Central Scotland,55.73119,-3.93019,geonames-GB
3009,ryhall,Ryhall,1459,England,Rutland,East Midlands,52.68585,-0.46846,geonames-GB
3010,billington,Billington,1458,England,Lancashire,North West,53.8157,-2.4236,geonames-GB
3011,kensworth,Kensworth,1455,England,Central Bedfordshire,East of England,51.85173,-0.50386,geonames-GB
3012,potterspury,Potterspury,1453,England,West Northamptonshire,East Midlands,52.08288,-0.89676,geonames-GB
3013,cullen,Cullen,1450,Scotland,Moray,North East Scotland,57.69045,-2.81818,geonames-GB
3014,stanley-perth-and-kinross,Stanley,1450,Scotland,Perth and Kinross,East and Central Scotland,56.4854,-3.45184,geonames-GB
3015,polzeath,Polzeath,1449,England,Cornwall,South West,50.56956,-4.91759,geonames-GB
3016,pontyates,Pontyates,1449,Wales,Carmarthenshire,Wales,51.75182,-4.21718,geonames-GB
3017,sherston,Sherston,1449,England,Wiltshire,South West,51.57205,-2.21278,geonames-GB
3018,govilon,Govilon,1447,Wales,Monmouthshire,Wales,51.81928,-3.06295,geonames-GB
3019,shillington,Shillington,1447,England,Central Bedfordshire,East of England,51.99344,-0.36006,geonames-GB
3020,distington,Distington,1445,England,Cumbria,North West,54.59733,-3.5388,geonames-GB
3021,baston,Baston,1444,England,Lincolnshire,East Midlands,52.71311,-0.35173,geonames-GB
3022,mylor-bridge,Mylor Bridge,1443,England,Cornwall,South West,50.18506,-5.07963,geonames-GB
3023,harrietsham,Harrietsham,1442,England,Kent,South East,51.24252,0.6706,geonames-GB
3024,marshfield-south-gloucestershire,Marshfield,1441,England,South Gloucestershire,South West,51.46194,-2.32,geonames-GB
3025,balloch-highland,Balloch,1440,Scotland,Highland,Highlands and Argyll,57.49194,-4.11713,geonames-GB
3026,fairlie,Fairlie,1440,Scotland,North Ayrshire,West Central Scotland,55.75602,-4.85564,geonames-GB
3027,four-crosses,Four Crosses,1438,Wales,Powys,Wales,52.75941,-3.08106,geonames-GB
3028,cogenhoe,Cogenhoe,1436,England,West Northamptonshire,East Midlands,52.23758,-0.78381,geonames-GB
3029,kimpton,Kimpton,1436,England,Hertfordshire,East of England,51.85089,-0.2998,geonames-GB
3030,speldhurst,Speldhurst,1436,England,Kent,South East,51.15076,0.21947,geonames-GB
3031,auckley,Auckley,1434,England,Doncaster,Yorkshire and the Humber,53.50386,-1.02174,geonames-GB
3032,bures-saint-mary,Bures Saint Mary,1433,England,Suffolk,East of England,51.9724,0.77488,geonames-GB
3033,denham,Denham,1432,England,Buckinghamshire,South East,51.56667,-0.5,geonames-GB
3034,frampton-on-severn,Frampton on Severn,1432,England,Gloucestershire,South West,51.77054,-2.36382,geonames-GB
3035,pateley-bridge,Pateley Bridge,1432,England,North Yorkshire,Yorkshire and the Humber,54.08616,-1.75981,geonames-GB
3036,steeple-bumpstead,Steeple Bumpstead,1432,England,Essex,East of England,52.04346,0.44808,geonames-GB
3037,balmullo,Balmullo,1430,Scotland,Fife,East and Central Scotland,56.37694,-2.9294,geonames-GB
3038,carnwath,Carnwath,1430,Scotland,South Lanarkshire,West Central Scotland,55.70036,-3.62579,geonames-GB
3039,dornoch,Dornoch,1430,Scotland,Highland,Highlands and Argyll,57.8805,-4.02879,geonames-GB
3040,hellifield,Hellifield,1426,England,North Yorkshire,Yorkshire and the Humber,54.00486,-2.22302,geonames-GB
3041,bassingham,Bassingham,1425,England,Lincolnshire,East Midlands,53.12881,-0.63765,geonames-GB
3042,balcombe,Balcombe,1424,England,West Sussex,South East,51.05726,-0.1345,geonames-GB
3043,lingdale,Lingdale,1423,England,Redcar and Cleveland,North East,54.53787,-0.95864,geonames-GB
3044,aberaeron,Aberaeron,1422,Wales,Ceredigion,Wales,52.24247,-4.25871,geonames-GB
3045,sabden,Sabden,1422,England,Lancashire,North West,53.83355,-2.33728,geonames-GB
3046,almondbank,Almondbank,1420,Scotland,Perth and Kinross,East and Central Scotland,56.41729,-3.51733,geonames-GB
3047,pitmedden,Pitmedden,1420,Scotland,Aberdeenshire,North East Scotland,57.33691,-2.18022,geonames-GB
3048,rufford,Rufford,1420,England,Lancashire,North West,53.63375,-2.81662,geonames-GB
3049,dobwalls,Dobwalls,1418,England,Cornwall,South West,50.45768,-4.51735,geonames-GB
3050,four-lanes,Four Lanes,1416,England,Cornwall,South West,50.20163,-5.24014,geonames-GB
3051,lavenham,Lavenham,1413,England,Suffolk,East of England,52.10861,0.79617,geonames-GB
3052,fairlands,Fairlands,1412,England,Surrey,South East,51.26178,-0.62141,geonames-GB
3053,wylam,Wylam,1412,England,Northumberland,North East,54.97654,-1.82187,geonames-GB
3054,errol,Errol,1410,Scotland,Perth and Kinross,East and Central Scotland,56.39234,-3.21275,geonames-GB
3055,golspie,Golspie,1410,Scotland,Highland,Highlands and Argyll,57.97266,-3.97798,geonames-GB
3056,torphins,Torphins,1410,Scotland,Aberdeenshire,North East Scotland,57.10561,-2.62398,geonames-GB
3057,cawood,Cawood,1409,England,North Yorkshire,Yorkshire and the Humber,53.83303,-1.12962,geonames-GB
3058,wedmore,Wedmore,1409,England,Somerset,South West,51.22727,-2.81152,geonames-GB
3059,hackleton,Hackleton,1408,England,West Northamptonshire,East Midlands,52.18798,-0.82312,geonames-GB
3060,thorner,Thorner,1408,England,Leeds,Yorkshire and the Humber,53.86093,-1.42676,geonames-GB
3061,byram,Byram,1406,England,North Yorkshire,Yorkshire and the Humber,53.72394,-1.26128,geonames-GB
3062,lower-broadheath,Lower Broadheath,1406,England,Worcestershire,West Midlands,52.21379,-2.27724,geonames-GB
3063,upper-basildon,Upper Basildon,1405,England,West Berkshire,South East,51.48165,-1.14075,geonames-GB
3064,ashton-keynes,Ashton Keynes,1400,England,Wiltshire,South West,51.64521,-1.93232,geonames-GB
3065,chirnside,Chirnside,1400,Scotland,Scottish Borders,South East Scotland,55.80215,-2.20927,geonames-GB
3066,fortrose,Fortrose,1400,Scotland,Highland,Highlands and Argyll,57.58087,-4.13263,geonames-GB
3067,limekilns,Limekilns,1400,Scotland,Fife,East and Central Scotland,56.03336,-3.47713,geonames-GB
3068,saint-boswells,Saint Boswells,1400,Scotland,Scottish Borders,South East Scotland,55.57301,-2.6441,geonames-GB
3069,backworth,Backworth,1399,England,North Tyneside,North East,55.04229,-1.52779,geonames-GB
3070,goosnargh,Goosnargh,1398,England,Lancashire,North West,53.822,-2.67017,geonames-GB
3071,chicksands,Chicksands,1396,England,Central Bedfordshire,East of England,52.04585,-0.3639,geonames-GB
3072,thorpe-le-soken,Thorpe le Soken,1394,England,Essex,East of England,51.85603,1.1658,geonames-GB
3073,castor,Castor,1393,England,Peterborough,East of England,52.57319,-0.34603,geonames-GB
3074,cherry-burton,Cherry Burton,1392,England,East Riding of Yorkshire,Yorkshire and the Humber,53.86667,-0.5,geonames-GB
3075,houghton,Houghton,1391,England,Cambridgeshire,East of England,52.33282,-0.12068,geonames-GB
3076,croy,Croy,1390,Scotland,North Lanarkshire,West Central Scotland,55.96064,-4.03932,geonames-GB
3077,dalmellington,Dalmellington,1390,Scotland,East Ayrshire,West Central Scotland,55.32419,-4.402,geonames-GB
3078,evanton,Evanton,1390,Scotland,Highland,Highlands and Argyll,57.66385,-4.34004,geonames-GB
3079,muirhead-north-lanarkshire,Muirhead,1390,Scotland,North Lanarkshire,West Central Scotland,55.89803,-4.1058,geonames-GB
3080,stoke-ferry,Stoke Ferry,1389,England,Norfolk,East of England,52.57051,0.5132,geonames-GB
3081,wingrave,Wingrave,1389,England,Buckinghamshire,South East,51.86494,-0.74244,geonames-GB
3082,honeybourne,Honeybourne,1388,England,Worcestershire,West Midlands,52.09513,-1.83129,geonames-GB
3083,capel-le-ferne,Capel le Ferne,1386,England,Kent,South East,51.10339,1.21165,geonames-GB
3084,burley,Burley,1384,England,Hampshire,South East,50.828,-1.69977,geonames-GB
3085,staveley-cumbria,Staveley,1384,England,Cumbria,North West,54.37661,-2.81791,geonames-GB
3086,heighington-darlington,Heighington,1383,England,Darlington,North East,54.59594,-1.61791,geonames-GB
3087,longhoughton,Longhoughton,1383,England,Northumberland,North East,55.43131,-1.61691,geonames-GB
3088,sundridge,Sundridge,1383,England,Kent,South East,51.27797,0.12231,geonames-GB
3089,claypole,Claypole,1382,England,Lincolnshire,East Midlands,53.03144,-0.73407,geonames-GB
3090,sandbank,Sandbank,1380,Scotland,Argyll and Bute,Highlands and Argyll,55.98203,-4.94973,geonames-GB
3091,deiniolen,Deiniolen,1379,Wales,Gwynedd,Wales,53.14819,-4.13185,geonames-GB
3092,churchill,Churchill,1378,England,North Somerset,South West,51.34291,-2.78338,geonames-GB
3093,grundisburgh,Grundisburgh,1375,England,Suffolk,East of England,52.11222,1.24618,geonames-GB
3094,aston,Aston,1374,England,Oxfordshire,South East,51.72501,-1.50805,geonames-GB
3095,caythorpe,Caythorpe,1374,England,Lincolnshire,East Midlands,53.01667,-0.6,geonames-GB
3096,nefyn,Nefyn,1373,Wales,Gwynedd,Wales,52.93538,-4.5225,geonames-GB
3097,nether-stowey,Nether Stowey,1373,England,Somerset,South West,51.15101,-3.15676,geonames-GB
3098,wrea-green,Wrea Green,1373,England,Lancashire,North West,53.77651,-2.91573,geonames-GB
3099,cranwell,Cranwell,1372,England,Lincolnshire,East Midlands,53.03681,-0.46176,geonames-GB
3100,modbury,Modbury,1372,England,Devon,South West,50.34957,-3.88684,geonames-GB
3101,langham,Langham,1371,England,Rutland,East Midlands,52.69152,-0.75385,geonames-GB
3102,flockton,Flockton,1368,England,Kirklees,Yorkshire and the Humber,53.63034,-1.63945,geonames-GB
3103,sutterton,Sutterton,1368,England,Lincolnshire,East Midlands,52.90269,-0.09235,geonames-GB
3104,charminster,Charminster,1366,England,Dorset,South West,50.73333,-2.45,geonames-GB
3105,princetown,Princetown,1366,England,Devon,South West,50.54393,-3.98855,geonames-GB
3106,wychbold,Wychbold,1366,England,Worcestershire,West Midlands,52.29045,-2.11555,geonames-GB
3107,yalding,Yalding,1365,England,Kent,South East,51.22387,0.4292,geonames-GB
3108,blaengwynfi,Blaengwynfi,1362,Wales,Neath Port Talbot,Wales,51.65623,-3.60371,geonames-GB
3109,ranskill,Ranskill,1362,England,Nottinghamshire,East Midlands,53.38281,-1.01402,geonames-GB
3110,winchelsea-beach,Winchelsea Beach,1362,England,East Sussex,South East,50.91691,0.72158,geonames-GB
3111,dunkeswell,Dunkeswell,1361,England,Devon,South West,50.86301,-3.22289,geonames-GB
3112,beauly,Beauly,1360,Scotland,Highland,Highlands and Argyll,57.48345,-4.46144,geonames-GB
3113,romsley,Romsley,1360,England,Worcestershire,West Midlands,52.41996,-2.05695,geonames-GB
3114,slamannan,Slamannan,1360,Scotland,Falkirk,East and Central Scotland,55.93729,-3.83311,geonames-GB
3115,treuddyn,Treuddyn,1360,Wales,Flintshire,Wales,53.1148,-3.12003,geonames-GB
3116,bodle-street,Bodle Street,1359,England,East Sussex,South East,50.91299,0.34332,geonames-GB
3117,brigstock,Brigstock,1357,England,North Northamptonshire,East Midlands,52.45775,-0.60834,geonames-GB
3118,church-fenton,Church Fenton,1357,England,North Yorkshire,Yorkshire and the Humber,53.82626,-1.2189,geonames-GB
3119,corfe-castle,Corfe Castle,1355,England,Dorset,South West,50.63947,-2.05672,geonames-GB
3120,charmouth,Charmouth,1352,England,Dorset,South West,50.73889,-2.90055,geonames-GB
3121,little-hallingbury,Little Hallingbury,1352,England,Essex,East of England,51.83324,0.18151,geonames-GB
3122,shadwell,Shadwell,1352,England,Leeds,Yorkshire and the Humber,53.8546,-1.4726,geonames-GB
3123,abbots-bromley,Abbots Bromley,1351,England,Staffordshire,West Midlands,52.81705,-1.87694,geonames-GB
3124,hurst,Hurst,1351,England,Wokingham,South East,51.45791,-0.85196,geonames-GB
3125,bellsbank,Bellsbank,1350,Scotland,East Ayrshire,West Central Scotland,55.3131,-4.39869,geonames-GB
3126,macmerry,Macmerry,1350,Scotland,East Lothian,South East Scotland,55.94045,-2.90503,geonames-GB
3127,sproatley,Sproatley,1350,England,East Riding of Yorkshire,Yorkshire and the Humber,53.79379,-0.1913,geonames-GB
3128,north-cave,North Cave,1348,England,East Riding of Yorkshire,Yorkshire and the Humber,53.78012,-0.64965,geonames-GB
3129,stockton,Stockton,1347,England,Warwickshire,West Midlands,52.27181,-1.36055,geonames-GB
3130,heath-and-reach,Heath and Reach,1346,England,Central Bedfordshire,East of England,51.94517,-0.65697,geonames-GB
3131,warkworth,Warkworth,1346,England,Northumberland,North East,55.35,-1.61667,geonames-GB
3132,harpole,Harpole,1344,England,West Northamptonshire,East Midlands,52.24246,-0.98937,geonames-GB
3133,upchurch,Upchurch,1340,England,Kent,South East,51.3762,0.64789,geonames-GB
3134,moretonhampstead,Moretonhampstead,1339,England,Devon,South West,50.66077,-3.76495,geonames-GB
3135,ripley-surrey,Ripley,1334,England,Surrey,South East,51.29907,-0.49164,geonames-GB
3136,garsington,Garsington,1333,England,Oxfordshire,South East,51.71623,-1.16129,geonames-GB
3137,dunkeld,Dunkeld,1330,Scotland,Perth and Kinross,East and Central Scotland,56.5655,-3.58559,geonames-GB
3138,newtown-st-boswells,Newtown St Boswells,1330,Scotland,Scottish Borders,South East Scotland,55.57887,-2.66874,geonames-GB
3139,seafield,Seafield,1330,Scotland,West Lothian,South East Scotland,55.87791,-3.58781,geonames-GB
3140,babworth,Babworth,1329,England,Nottinghamshire,East Midlands,53.31799,-0.97583,geonames-GB
3141,marazion,Marazion,1326,England,Cornwall,South West,50.12556,-5.47505,geonames-GB
3142,silverdale,Silverdale,1326,England,Lancashire,North West,54.16667,-2.81667,geonames-GB
3143,appleton-thorn,Appleton Thorn,1324,England,Warrington,North West,53.35045,-2.54488,geonames-GB
3144,bacton,Bacton,1324,England,Suffolk,East of England,52.26667,1.01667,geonames-GB
3145,cefn-cribwr,Cefn Cribwr,1324,Wales,Bridgend,Wales,51.53167,-3.65278,geonames-GB
3146,scissett,Scissett,1324,England,Kirklees,Yorkshire and the Humber,53.59,-1.62369,geonames-GB
3147,malpas,Malpas,1321,England,Cheshire West and Chester,North West,53.01667,-2.76667,geonames-GB
3148,netheravon,Netheravon,1321,England,Wiltshire,South West,51.23613,-1.79083,geonames-GB
3149,ardrishaig,Ardrishaig,1320,Scotland,Argyll and Bute,Highlands and Argyll,56.01566,-5.44806,geonames-GB
3150,cottingham,Cottingham,1320,England,North Northamptonshire,East Midlands,52.50243,-0.7554,geonames-GB
3151,rosehearty,Rosehearty,1320,Scotland,Aberdeenshire,North East Scotland,57.697,-2.11322,geonames-GB
3152,great-gransden,Great Gransden,1319,England,Cambridgeshire,East of England,52.18546,-0.14574,geonames-GB
3153,heddon-on-the-wall,Heddon on the Wall,1318,England,Northumberland,North East,54.99692,-1.79386,geonames-GB
3154,northborough,Northborough,1318,England,Peterborough,East of England,52.65868,-0.29818,geonames-GB
3155,beer,Beer,1317,England,Devon,South West,50.7,-3.1,geonames-GB
3156,burwash,Burwash,1317,England,East Sussex,South East,50.99755,0.38504,geonames-GB
3157,north-duffield,North Duffield,1317,England,North Yorkshire,Yorkshire and the Humber,53.82579,-0.96414,geonames-GB
3158,buxton-norfolk,Buxton,1316,England,Norfolk,East of England,52.75255,1.29982,geonames-GB
3159,houghton-conquest,Houghton Conquest,1311,England,Central Bedfordshire,East of England,52.06178,-0.47756,geonames-GB
3160,staindrop,Staindrop,1310,England,County Durham,North East,54.58102,-1.80708,geonames-GB
3161,ninfield,Ninfield,1307,England,East Sussex,South East,50.88641,0.42529,geonames-GB
3162,tregarth,Tregarth,1307,Wales,Gwynedd,Wales,53.19012,-4.0878,geonames-GB
3163,flookburgh,Flookburgh,1305,England,Cumbria,North West,54.17415,-2.97214,geonames-GB
3164,winkleigh,Winkleigh,1305,England,Devon,South West,50.85581,-3.943,geonames-GB
3165,bere-regis,Bere Regis,1304,England,Dorset,South West,50.75371,-2.21553,geonames-GB
3166,trimdon-grange,Trimdon Grange,1304,England,County Durham,North East,54.71414,-1.42611,geonames-GB
3167,biddenden,Biddenden,1303,England,Kent,South East,51.11489,0.63819,geonames-GB
3168,lavendon,Lavendon,1303,England,Milton Keynes,South East,52.17279,-0.66109,geonames-GB
3169,wingham,Wingham,1303,England,Kent,South East,51.27168,1.21463,geonames-GB
3170,butterwick,Butterwick,1302,England,Lincolnshire,East Midlands,52.98333,0.06667,geonames-GB
3171,sampford-peverell,Sampford Peverell,1302,England,Devon,South West,50.91945,-3.38081,geonames-GB
3172,cowfold,Cowfold,1301,England,West Sussex,South East,50.98945,-0.27243,geonames-GB
3173,arne,Arne,1297,England,Dorset,South West,50.69272,-2.0403,geonames-GB
3174,wymeswold,Wymeswold,1296,England,Leicestershire,East Midlands,52.80536,-1.11288,geonames-GB
3175,ancaster,Ancaster,1294,England,Lincolnshire,East Midlands,52.98276,-0.53593,geonames-GB
3176,brandesburton,Brandesburton,1291,England,East Riding of Yorkshire,Yorkshire and the Humber,53.9111,-0.30122,geonames-GB
3177,boddam,Boddam,1290,Scotland,Aberdeenshire,North East Scotland,57.47076,-1.78009,geonames-GB
3178,brora,Brora,1290,Scotland,Highland,Highlands and Argyll,58.00989,-3.85182,geonames-GB
3179,kilcreggan,Kilcreggan,1290,Scotland,Argyll and Bute,Highlands and Argyll,55.9846,-4.821,geonames-GB
3180,shadoxhurst,Shadoxhurst,1287,England,Kent,South East,51.10797,0.81917,geonames-GB
3181,cameley,Cameley,1286,England,Bath and North East Somerset,South West,51.31616,-2.56079,geonames-GB
3182,riseley,Riseley,1286,England,Bedford,East of England,52.25213,-0.47928,geonames-GB
3183,dalston,Dalston,1285,England,Cumbria,North West,54.84207,-2.98459,geonames-GB
3184,haughley,Haughley,1285,England,Suffolk,East of England,52.21907,0.968,geonames-GB
3185,clarborough,Clarborough,1281,England,Nottinghamshire,East Midlands,53.34549,-0.90382,geonames-GB
3186,millport,Millport,1280,Scotland,North Ayrshire,West Central Scotland,55.75348,-4.92559,geonames-GB
3187,byfield,Byfield,1277,England,West Northamptonshire,East Midlands,52.17546,-1.24566,geonames-GB
3188,west-horsley,West Horsley,1276,England,Surrey,South East,51.26033,-0.45563,geonames-GB
3189,pirton,Pirton,1274,England,Hertfordshire,East of England,51.9712,-0.33394,geonames-GB
3190,belbroughton,Belbroughton,1272,England,Worcestershire,West Midlands,52.39177,-2.11884,geonames-GB
3191,brent-knoll,Brent Knoll,1271,England,Somerset,South West,51.25219,-2.95744,geonames-GB
3192,bankfoot,Bankfoot,1270,Scotland,Perth and Kinross,East and Central Scotland,56.50058,-3.51707,geonames-GB
3193,portknockie,Portknockie,1270,Scotland,Moray,North East Scotland,57.70248,-2.85989,geonames-GB
3194,ratho-station,Ratho Station,1270,Scotland,Edinburgh,South East Scotland,55.9367,-3.3889,geonames-GB
3195,aldbrough,Aldbrough,1269,England,East Riding of Yorkshire,Yorkshire and the Humber,53.82893,-0.11467,geonames-GB
3196,borth,Borth,1269,Wales,Ceredigion,Wales,52.48887,-4.05039,geonames-GB
3197,maiden-newton,Maiden Newton,1268,England,Dorset,South West,50.77909,-2.57226,geonames-GB
3198,newton-ferrers,Newton Ferrers,1268,England,Devon,South West,50.31467,-4.0392,geonames-GB
3199,talgarth,Talgarth,1268,Wales,Powys,Wales,51.99588,-3.23205,geonames-GB
3200,abbotskerswell,Abbotskerswell,1267,England,Devon,South West,50.50816,-3.61342,geonames-GB
3201,coalburn,Coalburn,1267,Scotland,South Lanarkshire,West Central Scotland,55.59295,-3.88637,geonames-GB
3202,orsett,Orsett,1267,England,Thurrock,East of England,51.51232,0.36753,geonames-GB
3203,allanton,Allanton,1266,Scotland,Scottish Borders,South East Scotland,55.78333,-2.21667,geonames-GB
3204,blyth-nottinghamshire,Blyth,1265,England,Nottinghamshire,East Midlands,53.37862,-1.0625,geonames-GB
3205,camber,Camber,1265,England,East Sussex,South East,50.93473,0.79848,geonames-GB
3206,shap,Shap,1264,England,Cumbria,North West,54.53149,-2.67551,geonames-GB
3207,rosneath,Rosneath,1260,Scotland,Argyll and Bute,Highlands and Argyll,56.00985,-4.80151,geonames-GB
3208,springside,Springside,1260,Scotland,North Ayrshire,West Central Scotland,55.61514,-4.59062,geonames-GB
3209,waterfoot,Waterfoot,1260,Scotland,East Renfrewshire,West Central Scotland,55.76938,-4.28372,geonames-GB
3210,belford,Belford,1258,England,Northumberland,North East,55.6,-1.83333,geonames-GB
3211,gronant,Gronant,1258,Wales,Flintshire,Wales,53.33669,-3.36031,geonames-GB
3212,great-waldingfield,Great Waldingfield,1256,England,Suffolk,East of England,52.05545,0.77436,geonames-GB
3213,copplestone,Copplestone,1253,England,Devon,South West,50.81073,-3.74607,geonames-GB
3214,wouldham,Wouldham,1253,England,Kent,South East,51.34986,0.45816,geonames-GB
3215,brixton,Brixton,1252,England,Devon,South West,50.35,-4.03333,geonames-GB
3216,kingswood-gloucestershire,Kingswood,1252,England,Gloucestershire,South West,51.62583,-2.36722,geonames-GB
3217,aberchirder,Aberchirder,1250,Scotland,Aberdeenshire,North East Scotland,57.56012,-2.62856,geonames-GB
3218,ardingly,Ardingly,1250,England,West Sussex,South East,51.04865,-0.07716,geonames-GB
3219,carmunnock,Carmunnock,1250,Scotland,Glasgow City,West Central Scotland,55.79062,-4.23584,geonames-GB
3220,fochriw,Fochriw,1250,Wales,Caerphilly,Wales,51.74003,-3.29861,geonames-GB
3221,kinloss,Kinloss,1250,Scotland,Moray,North East Scotland,57.63494,-3.57012,geonames-GB
3222,millhouse-green,Millhouse Green,1250,England,Barnsley,Yorkshire and the Humber,53.5249,-1.67163,geonames-GB
3223,bratton,Bratton,1248,England,Wiltshire,South West,51.27056,-2.12444,geonames-GB
3224,haswell,Haswell,1248,England,County Durham,North East,54.78333,-1.41667,geonames-GB
3225,hunwick,Hunwick,1248,England,County Durham,North East,54.68791,-1.70539,geonames-GB
3226,colsterworth,Colsterworth,1245,England,Lincolnshire,East Midlands,52.8066,-0.62056,geonames-GB
3227,letterston,Letterston,1245,Wales,Pembrokeshire,Wales,51.92757,-4.99141,geonames-GB
3228,low-bradley,Low Bradley,1244,England,North Yorkshire,Yorkshire and the Humber,53.93217,-1.99646,geonames-GB
3229,old-leake,Old Leake,1242,England,Lincolnshire,East Midlands,53.03108,0.09873,geonames-GB
3230,horton-kirby,Horton Kirby,1241,England,Kent,South East,51.39481,0.24483,geonames-GB
3231,east-whitburn,East Whitburn,1240,Scotland,West Lothian,South East Scotland,55.86855,-3.66295,geonames-GB
3232,freuchie,Freuchie,1240,Scotland,Fife,East and Central Scotland,56.24688,-3.15861,geonames-GB
3233,capel,Capel,1239,England,Surrey,South East,51.14942,-0.32375,geonames-GB
3234,crondall,Crondall,1239,England,Hampshire,South East,51.23285,-0.86329,geonames-GB
3235,east-hanney,East Hanney,1238,England,Oxfordshire,South East,51.63443,-1.39518,geonames-GB
3236,kislingbury,Kislingbury,1237,England,West Northamptonshire,East Midlands,52.22976,-0.97914,geonames-GB
3237,minster-lovell,Minster Lovell,1236,England,Oxfordshire,South East,51.79274,-1.5483,geonames-GB
3238,rothes,Rothes,1230,Scotland,Moray,North East Scotland,57.52624,-3.20663,geonames-GB
3239,saint-monans,Saint Monans,1230,Scotland,Fife,East and Central Scotland,56.20651,-2.76821,geonames-GB
3240,great-bardfield,Great Bardfield,1227,England,Essex,East of England,51.94813,0.43645,geonames-GB
3241,chacewater,Chacewater,1226,England,Cornwall,South West,50.25675,-5.15757,geonames-GB
3242,east-keswick,East Keswick,1224,England,Leeds,Yorkshire and the Humber,53.8943,-1.45221,geonames-GB
3243,rowde,Rowde,1223,England,Wiltshire,South West,51.36325,-2.03098,geonames-GB
3244,cowbit,Cowbit,1220,England,Lincolnshire,East Midlands,52.74523,-0.12978,geonames-GB
3245,guilsfield,Guilsfield,1220,Wales,Powys,Wales,52.69634,-3.15712,geonames-GB
3246,inchture,Inchture,1220,Scotland,Perth and Kinross,East and Central Scotland,56.44551,-3.16956,geonames-GB
3247,logan,Logan,1220,Scotland,East Ayrshire,West Central Scotland,55.45466,-4.23514,geonames-GB
3248,townhill,Townhill,1220,Scotland,Fife,East and Central Scotland,56.0891,-3.43889,geonames-GB
3249,hallow,Hallow,1219,England,Worcestershire,West Midlands,52.22344,-2.25468,geonames-GB
3250,burton-on-the-wolds,Burton on the Wolds,1218,England,Leicestershire,East Midlands,52.78574,-1.12988,geonames-GB
3251,sutton-bonington,Sutton Bonington,1218,England,Nottinghamshire,East Midlands,52.82144,-1.24969,geonames-GB
3252,eckington,Eckington,1217,England,Worcestershire,West Midlands,52.06667,-2.11667,geonames-GB
3253,brooke,Brooke,1215,England,Norfolk,East of England,52.54175,1.37076,geonames-GB
3254,east-rainton,East Rainton,1213,England,Sunderland,North East,54.82513,-1.48036,geonames-GB
3255,porlock,Porlock,1213,England,Somerset,South West,51.20889,-3.59556,geonames-GB
3256,tregaron,Tregaron,1213,Wales,Ceredigion,Wales,52.2195,-3.93295,geonames-GB
3257,bilston-midlothian,Bilston,1210,Scotland,Midlothian,South East Scotland,55.8703,-3.17814,geonames-GB
3258,datchworth,Datchworth,1210,England,Hertfordshire,East of England,51.85126,-0.15956,geonames-GB
3259,longforgan,Longforgan,1210,Scotland,Perth and Kinross,East and Central Scotland,56.45732,-3.11437,geonames-GB
3260,stillington,Stillington,1210,England,Stockton-on-Tees,North East,54.60529,-1.42191,geonames-GB
3261,perranwell,Perranwell,1207,England,Cornwall,South West,50.21333,-5.12053,geonames-GB
3262,reedham,Reedham,1207,England,Norfolk,East of England,52.56054,1.57122,geonames-GB
3263,fowlmere,Fowlmere,1206,England,Cambridgeshire,East of England,52.09343,0.07433,geonames-GB
3264,polperro,Polperro,1206,England,Cornwall,South West,50.3313,-4.5222,geonames-GB
3265,masham,Masham,1205,England,North Yorkshire,Yorkshire and the Humber,54.2227,-1.65718,geonames-GB
3266,chilworth-hampshire,Chilworth,1204,England,Hampshire,South East,50.96443,-1.41934,geonames-GB
3267,rock,Rock,1203,England,Cornwall,South West,50.54978,-4.90462,geonames-GB
3268,sherburn-hill,Sherburn Hill,1202,England,County Durham,North East,54.7727,-1.47985,geonames-GB
3269,caerwent,Caerwent,1201,Wales,Monmouthshire,Wales,51.6112,-2.76865,geonames-GB
3270,betws-y-coed,Betws-y-Coed,1200,Wales,Conwy,Wales,53.09382,-3.80668,geonames-GB
3271,frogmore,Frogmore,1200,England,Hertfordshire,East of England,51.71802,-0.33485,geonames-GB
3272,methven,Methven,1200,Scotland,Perth and Kinross,East and Central Scotland,56.41737,-3.57832,geonames-GB
3273,port-bannatyne,Port Bannatyne,1200,Scotland,Argyll and Bute,Highlands and Argyll,55.8566,-5.06503,geonames-GB
3274,whitecraig,Whitecraig,1200,Scotland,East Lothian,South East Scotland,55.91937,-3.04231,geonames-GB
3275,tansley,Tansley,1197,England,Derbyshire,East Midlands,53.13197,-1.51882,geonames-GB
3276,kilsby,Kilsby,1196,England,West Northamptonshire,East Midlands,52.33375,-1.17505,geonames-GB
3277,bunbury,Bunbury,1195,England,Cheshire East,North West,53.11559,-2.65151,geonames-GB
3278,burham,Burham,1195,England,Kent,South East,51.33243,0.47833,geonames-GB
3279,hockwold-cum-wilton,Hockwold cum Wilton,1195,England,Norfolk,East of England,52.4638,0.54614,geonames-GB
3280,flore,Flore,1194,England,West Northamptonshire,East Midlands,52.23647,-1.05726,geonames-GB
3281,scarcroft,Scarcroft,1194,England,Leeds,Yorkshire and the Humber,53.86667,-1.45,geonames-GB
3282,bishop-sutton,Bishop Sutton,1193,England,Bath and North East Somerset,South West,51.33444,-2.59472,geonames-GB
3283,warnham,Warnham,1193,England,West Sussex,South East,51.09107,-0.34847,geonames-GB
3284,stewartby,Stewartby,1190,England,Bedford,East of England,52.07044,-0.5149,geonames-GB
3285,sherborne-st-john,Sherborne St John,1186,England,Hampshire,South East,51.29705,-1.11387,geonames-GB
3286,lidlington,Lidlington,1185,England,Central Bedfordshire,East of England,52.04154,-0.55914,geonames-GB
3287,burford,Burford,1184,England,Oxfordshire,South East,51.80915,-1.63628,geonames-GB
3288,methley,Methley,1184,England,Leeds,Yorkshire and the Humber,53.72887,-1.40318,geonames-GB
3289,raglan,Raglan,1183,Wales,Monmouthshire,Wales,51.765,-2.85331,geonames-GB
3290,darrington,Darrington,1182,England,Wakefield,Yorkshire and the Humber,53.67566,-1.26901,geonames-GB
3291,latchingdon-and-snoreham,Latchingdon and Snoreham,1182,England,Essex,East of England,51.6716,0.72578,geonames-GB
3292,aberlady,Aberlady,1180,Scotland,East Lothian,South East Scotland,56.00884,-2.85851,geonames-GB
3293,allanton-north-lanarkshire,Allanton,1180,Scotland,North Lanarkshire,West Central Scotland,55.79945,-3.83492,geonames-GB
3294,findochty,Findochty,1180,Scotland,Moray,North East Scotland,57.69735,-2.90104,geonames-GB
3295,hoole,Hoole,1180,England,Cheshire West and Chester,North West,53.1998,-2.87689,geonames-GB
3296,horsted-keynes,Horsted Keynes,1180,England,West Sussex,South East,51.03659,-0.02798,geonames-GB
3297,lifton,Lifton,1180,England,Devon,South West,50.64356,-4.28216,geonames-GB
3298,lower-halstow,Lower Halstow,1180,England,Kent,South East,51.37395,0.66819,geonames-GB
3299,maryburgh,Maryburgh,1180,Scotland,Highland,Highlands and Argyll,57.5742,-4.44178,geonames-GB
3300,burringham,Burringham,1179,England,North Lincolnshire,Yorkshire and the Humber,53.57402,-0.73957,geonames-GB
3301,baslow,Baslow,1178,England,Derbyshire,East Midlands,53.24811,-1.62246,geonames-GB
3302,corse,Corse,1178,England,Gloucestershire,South West,51.95943,-2.30636,geonames-GB
3303,burgh-by-sands,Burgh by Sands,1176,England,Cumbria,North West,54.92181,-3.05671,geonames-GB
3304,great-bedwyn,Great Bedwyn,1175,England,Wiltshire,South West,51.3795,-1.60151,geonames-GB
3305,middle-rasen,Middle Rasen,1174,England,Lincolnshire,East Midlands,53.38722,-0.36202,geonames-GB
3306,whimple,Whimple,1173,England,Devon,South West,50.76649,-3.35655,geonames-GB
3307,ashill,Ashill,1172,England,Norfolk,East of England,52.60435,0.78574,geonames-GB
3308,cawston,Cawston,1172,England,Norfolk,East of England,52.76667,1.16667,geonames-GB
3309,owston-ferry,Owston Ferry,1172,England,North Lincolnshire,Yorkshire and the Humber,53.49407,-0.78045,geonames-GB
3310,brenchley,Brenchley,1171,England,Kent,South East,51.15141,0.39825,geonames-GB
3311,high-ongar,High Ongar,1171,England,Essex,East of England,51.70953,0.26221,geonames-GB
3312,sutton-on-trent,Sutton on Trent,1171,England,Nottinghamshire,East Midlands,53.18437,-0.81091,geonames-GB
3313,hillside,Hillside,1170,Scotland,Angus,East and Central Scotland,56.74483,-2.474,geonames-GB
3314,shillingstone,Shillingstone,1170,England,Dorset,South West,50.89567,-2.24495,geonames-GB
3315,spofforth,Spofforth,1169,England,North Yorkshire,Yorkshire and the Humber,53.95427,-1.44848,geonames-GB
3316,boosbeck,Boosbeck,1168,England,Redcar and Cleveland,North East,54.54265,-0.98139,geonames-GB
3317,birdham,Birdham,1166,England,West Sussex,South East,50.79606,-0.83067,geonames-GB
3318,winford,Winford,1165,England,North Somerset,South West,51.38333,-2.66111,geonames-GB
3319,blyton,Blyton,1162,England,Lincolnshire,East Midlands,53.44384,-0.71753,geonames-GB
3320,westwood,Westwood,1162,England,Wiltshire,South West,51.33462,-2.27975,geonames-GB
3321,bradfield,Bradfield,1161,England,West Berkshire,South East,51.44914,-1.13082,geonames-GB
3322,southery,Southery,1161,England,Norfolk,East of England,52.52714,0.38783,geonames-GB
3323,west-coker,West Coker,1161,England,Somerset,South West,50.91912,-2.68707,geonames-GB
3324,dunlop,Dunlop,1160,Scotland,East Ayrshire,West Central Scotland,55.71198,-4.53622,geonames-GB
3325,east-markham,East Markham,1160,England,Nottinghamshire,East Midlands,53.25221,-0.89385,geonames-GB
3326,twechar,Twechar,1160,Scotland,East Dunbartonshire,West Central Scotland,55.95415,-4.08219,geonames-GB
3327,banham,Banham,1159,England,Norfolk,East of England,52.4524,1.03683,geonames-GB
3328,foulridge,Foulridge,1159,England,Lancashire,North West,53.87579,-2.16864,geonames-GB
3329,high-halden,High Halden,1159,England,Kent,South East,51.10331,0.71394,geonames-GB
3330,puddletown,Puddletown,1158,England,Dorset,South West,50.75,-2.35,geonames-GB
3331,witheridge,Witheridge,1158,England,Devon,South West,50.91743,-3.70351,geonames-GB
3332,lynton,Lynton,1157,England,Devon,South West,51.22968,-3.84131,geonames-GB
3333,wenvoe,Wenvoe,1155,Wales,Vale of Glamorgan,Wales,51.44776,-3.26369,geonames-GB
3334,bishop-middleham,Bishop Middleham,1151,England,County Durham,North East,54.67778,-1.48826,geonames-GB
3335,new-pitsligo,New Pitsligo,1150,Scotland,Aberdeenshire,North East Scotland,57.59019,-2.19535,geonames-GB
3336,spratton,Spratton,1150,England,West Northamptonshire,East Midlands,52.32447,-0.95386,geonames-GB
3337,westquarter,Westquarter,1150,Scotland,Falkirk,East and Central Scotland,55.99142,-3.74016,geonames-GB
3338,chew-magna,Chew Magna,1149,England,Bath and North East Somerset,South West,51.36611,-2.61028,geonames-GB
3339,standlake,Standlake,1149,England,Oxfordshire,South East,51.7269,-1.42436,geonames-GB
3340,eastrington,Eastrington,1147,England,East Riding of Yorkshire,Yorkshire and the Humber,53.76038,-0.79325,geonames-GB
3341,lamberhurst,Lamberhurst,1147,England,Kent,South East,51.1005,0.38967,geonames-GB
3342,slinfold,Slinfold,1147,England,West Sussex,South East,51.07209,-0.40658,geonames-GB
3343,high-legh,High Legh,1145,England,Cheshire East,North West,53.35139,-2.4538,geonames-GB
3344,longwick,Longwick,1143,England,Buckinghamshire,South East,51.73607,-0.85676,geonames-GB
3345,goudhurst,Goudhurst,1142,England,Kent,South East,51.11314,0.45615,geonames-GB
3346,brill,Brill,1141,England,Buckinghamshire,South East,51.81667,-1.05,geonames-GB
3347,gosfield,Gosfield,1140,England,Essex,East of England,51.93657,0.59197,geonames-GB
3348,whitehills,Whitehills,1140,Scotland,Aberdeenshire,North East Scotland,57.6773,-2.57863,geonames-GB
3349,wadworth,Wadworth,1137,England,Doncaster,Yorkshire and the Humber,53.46726,-1.14261,geonames-GB
3350,eastchurch,Eastchurch,1135,England,Kent,South East,51.40673,0.85766,geonames-GB
3351,gainford,Gainford,1133,England,County Durham,North East,54.54718,-1.73601,geonames-GB
3352,huntspill,Huntspill,1133,England,Somerset,South West,51.20562,-2.98735,geonames-GB
3353,skidby,Skidby,1132,England,East Riding of Yorkshire,Yorkshire and the Humber,53.78921,-0.46131,geonames-GB
3354,grovesend,Grovesend,1131,Wales,Swansea,Wales,51.68472,-4.03833,geonames-GB
3355,drumnadrochit,Drumnadrochit,1130,Scotland,Highland,Highlands and Argyll,57.33438,-4.47989,geonames-GB
3356,herstmonceux,Herstmonceux,1130,England,East Sussex,South East,50.88958,0.3229,geonames-GB
3357,tarbert,Tarbert,1130,Scotland,Argyll and Bute,Highlands and Argyll,55.86277,-5.41622,geonames-GB
3358,whiteparish,Whiteparish,1130,England,Wiltshire,South West,51.01041,-1.64855,geonames-GB
3359,stickney,Stickney,1127,England,Lincolnshire,East Midlands,53.08949,0.00545,geonames-GB
3360,felton,Felton,1126,England,Northumberland,North East,55.29768,-1.71143,geonames-GB
3361,chudleigh-knighton,Chudleigh Knighton,1125,England,Devon,South West,50.58507,-3.63187,geonames-GB
3362,mayfield-staffordshire,Mayfield,1125,England,Staffordshire,West Midlands,53.0,-1.76667,geonames-GB
3363,long-whatton,Long Whatton,1124,England,Leicestershire,East Midlands,52.80577,-1.28506,geonames-GB
3364,north-elmham,North Elmham,1124,England,Norfolk,East of England,52.7464,0.94611,geonames-GB
3365,blindley-heath,Blindley Heath,1123,England,Surrey,South East,51.19344,-0.05116,geonames-GB
3366,plumpton-green,Plumpton Green,1123,England,East Sussex,South East,50.9342,-0.0612,geonames-GB
3367,upper-cumberworth,Upper Cumberworth,1122,England,Kirklees,Yorkshire and the Humber,53.57478,-1.69297,geonames-GB
3368,groombridge,Groombridge,1120,England,East Sussex,South East,51.11543,0.18295,geonames-GB
3369,sywell,Sywell,1117,England,North Northamptonshire,East Midlands,52.29856,-0.79728,geonames-GB
3370,curdworth,Curdworth,1115,England,Warwickshire,West Midlands,52.53382,-1.73687,geonames-GB
3371,landrake,Landrake,1115,England,Cornwall,South West,50.42265,-4.29023,geonames-GB
3372,north-newbald,North Newbald,1115,England,East Riding of Yorkshire,Yorkshire and the Humber,53.81667,-0.61667,geonames-GB
3373,barham,Barham,1114,England,Kent,South East,51.2057,1.15734,geonames-GB
3374,child-okeford,Child Okeford,1114,England,Dorset,South West,50.9137,-2.23679,geonames-GB
3375,rillington,Rillington,1114,England,North Yorkshire,Yorkshire and the Humber,54.15779,-0.69494,geonames-GB
3376,dove-holes,Dove Holes,1113,England,Derbyshire,East Midlands,53.29828,-1.88775,geonames-GB
3377,bedlinog,Bedlinog,1112,Wales,Merthyr Tydfil,Wales,51.70432,-3.31306,geonames-GB
3378,milverton,Milverton,1112,England,Somerset,South West,51.02333,-3.25222,geonames-GB
3379,ardersier,Ardersier,1110,Scotland,Highland,Highlands and Argyll,57.56681,-4.03784,geonames-GB
3380,falkland,Falkland,1110,Scotland,Fife,East and Central Scotland,56.25255,-3.20389,geonames-GB
3381,kippen,Kippen,1110,Scotland,Stirling,East and Central Scotland,56.12673,-4.17083,geonames-GB
3382,pimperne,Pimperne,1109,England,Dorset,South West,50.88374,-2.1362,geonames-GB
3383,eastington,Eastington,1108,England,Gloucestershire,South West,51.74722,-2.32639,geonames-GB
3384,pencader,Pencader,1107,Wales,Carmarthenshire,Wales,52.0008,-4.26575,geonames-GB
3385,stoke-gabriel,Stoke Gabriel,1107,England,Devon,South West,50.40328,-3.62111,geonames-GB
3386,acomb,Acomb,1106,England,Northumberland,North East,54.99229,-2.11229,geonames-GB
3387,eight-ash-green,Eight Ash Green,1106,England,Essex,East of England,51.89587,0.8228,geonames-GB
3388,alston,Alston,1105,England,Cumbria,North West,54.809,-2.43931,geonames-GB
3389,huntley,Huntley,1105,England,Gloucestershire,South West,51.87172,-2.40137,geonames-GB
3390,llanfyllin,Llanfyllin,1105,Wales,Powys,Wales,52.7657,-3.27187,geonames-GB
3391,yetminster,Yetminster,1105,England,Dorset,South West,50.89579,-2.57959,geonames-GB
3392,blockley,Blockley,1104,England,Gloucestershire,South West,52.0122,-1.76268,geonames-GB
3393,kimbolton,Kimbolton,1103,England,Cambridgeshire,East of England,52.29704,-0.38916,geonames-GB
3394,chatburn,Chatburn,1102,England,Lancashire,North West,53.89228,-2.35495,geonames-GB
3395,brinklow,Brinklow,1101,England,Warwickshire,West Midlands,52.41091,-1.364,geonames-GB
3396,weobley,Weobley,1101,England,Herefordshire,West Midlands,52.1596,-2.875,geonames-GB
3397,flimwell,Flimwell,1100,England,East Sussex,South East,51.05502,0.44531,geonames-GB
3398,hellaby,Hellaby,1100,England,Rotherham,Yorkshire and the Humber,53.42257,-1.24125,geonames-GB
3399,newtonmore,Newtonmore,1100,Scotland,Highland,Highlands and Argyll,57.06567,-4.12097,geonames-GB
3400,saline,Saline,1100,Scotland,Fife,East and Central Scotland,56.11399,-3.57034,geonames-GB
3401,cold-norton,Cold Norton,1099,England,Essex,East of England,51.67209,0.66997,geonames-GB
3402,beckingham,Beckingham,1098,England,Nottinghamshire,East Midlands,53.4,-0.83333,geonames-GB
3403,churt,Churt,1098,England,Surrey,South East,51.13603,-0.77534,geonames-GB
3404,great-amwell,Great Amwell,1098,England,Hertfordshire,East of England,51.79014,-0.01669,geonames-GB
3405,horning,Horning,1098,England,Norfolk,East of England,52.7046,1.46294,geonames-GB
3406,dickleburgh,Dickleburgh,1096,England,Norfolk,East of England,52.3965,1.18498,geonames-GB
3407,glyncorrwg,Glyncorrwg,1096,Wales,Neath Port Talbot,Wales,51.67944,-3.62806,geonames-GB
3408,bow,Bow,1095,England,Devon,South West,50.8,-3.81667,geonames-GB
3409,holmwood,Holmwood,1094,England,Surrey,South East,51.18049,-0.32176,geonames-GB
3410,narborough-norfolk,Narborough,1094,England,Norfolk,East of England,52.68333,0.58333,geonames-GB
3411,tingewick,Tingewick,1093,England,Buckinghamshire,South East,51.99031,-1.04804,geonames-GB
3412,limpley-stoke,Limpley Stoke,1092,England,Wiltshire,South West,51.34487,-2.31409,geonames-GB
3413,longhope,Longhope,1092,England,Gloucestershire,South West,51.86667,-2.45,geonames-GB
3414,marchwiel,Marchwiel,1092,Wales,Wrexham,Wales,53.0239,-2.96106,geonames-GB
3415,wilmcote,Wilmcote,1092,England,Warwickshire,West Midlands,52.22081,-1.76528,geonames-GB
3416,wivelsfield-green,Wivelsfield Green,1091,England,East Sussex,South East,50.96313,-0.07133,geonames-GB
3417,balintore,Balintore,1090,Scotland,Highland,Highlands and Argyll,57.75533,-3.91204,geonames-GB
3418,great-hanwood,Great Hanwood,1090,England,Shropshire,West Midlands,52.68333,-2.81667,geonames-GB
3419,holbrook,Holbrook,1090,England,Suffolk,East of England,51.9834,1.15854,geonames-GB
3420,stradbroke,Stradbroke,1089,England,Suffolk,East of England,52.31819,1.27278,geonames-GB
3421,south-wingfield,South Wingfield,1088,England,Derbyshire,East Midlands,53.09593,-1.43998,geonames-GB
3422,shipham,Shipham,1087,England,Somerset,South West,51.31428,-2.8001,geonames-GB
3423,south-harting,South Harting,1087,England,West Sussex,South East,50.96924,-0.88388,geonames-GB
3424,talysarn,Talysarn,1086,Wales,Gwynedd,Wales,53.05365,-4.25767,geonames-GB
3425,fishtoft,Fishtoft,1085,England,Lincolnshire,East Midlands,52.96095,0.02702,geonames-GB
3426,llanilar,Llanilar,1085,Wales,Ceredigion,Wales,52.35657,-4.02574,geonames-GB
3427,adlington-cheshire-east,Adlington,1081,England,Cheshire East,North West,53.32042,-2.13658,geonames-GB
3428,edgmond,Edgmond,1080,England,Telford and Wrekin,West Midlands,52.774,-2.40967,geonames-GB
3429,ochiltree,Ochiltree,1080,Scotland,East Ayrshire,West Central Scotland,55.45981,-4.36782,geonames-GB
3430,elswick,Elswick,1079,England,Lancashire,North West,53.83836,-2.88147,geonames-GB
3431,beeford,Beeford,1078,England,East Riding of Yorkshire,Yorkshire and the Humber,53.96999,-0.28913,geonames-GB
3432,morchard-bishop,Morchard Bishop,1078,England,Devon,South West,50.85416,-3.74894,geonames-GB
3433,thurlton,Thurlton,1077,England,Norfolk,East of England,52.52881,1.55617,geonames-GB
3434,swarthmoor,Swarthmoor,1076,England,Cumbria,North West,54.18466,-3.11707,geonames-GB
3435,woodchurch,Woodchurch,1074,England,Kent,South East,51.07605,0.77346,geonames-GB
3436,stallingborough,Stallingborough,1073,England,North East Lincolnshire,Yorkshire and the Humber,53.58675,-0.18489,geonames-GB
3437,canewdon,Canewdon,1072,England,Essex,East of England,51.61759,0.74458,geonames-GB
3438,full-sutton,Full Sutton,1072,England,East Riding of Yorkshire,Yorkshire and the Humber,53.98869,-0.86758,geonames-GB
3439,gedney-hill,Gedney Hill,1072,England,Lincolnshire,East Midlands,52.68434,-0.02008,geonames-GB
3440,bellingham,Bellingham,1070,England,Northumberland,North East,55.14464,-2.25383,geonames-GB
3441,fenwick,Fenwick,1070,Scotland,East Ayrshire,West Central Scotland,55.65823,-4.44342,geonames-GB
3442,north-queensferry,North Queensferry,1070,Scotland,Fife,East and Central Scotland,56.00899,-3.39134,geonames-GB
3443,strathpeffer,Strathpeffer,1070,Scotland,Highland,Highlands and Argyll,57.58522,-4.54195,geonames-GB
3444,overton-lancashire,Overton,1069,England,Lancashire,North West,54.01528,-2.86065,geonames-GB
3445,glazebury,Glazebury,1068,England,Warrington,North West,53.47078,-2.49823,geonames-GB
3446,north-thoresby,North Thoresby,1068,England,Lincolnshire,East Midlands,53.46651,-0.05575,geonames-GB
3447,sissinghurst,Sissinghurst,1068,England,Kent,South East,51.10905,0.56,geonames-GB
3448,cottesmore,Cottesmore,1067,England,Rutland,East Midlands,52.71384,-0.6633,geonames-GB
3449,long-clawson,Long Clawson,1066,England,Leicestershire,East Midlands,52.83725,-0.9288,geonames-GB
3450,castle-hedingham,Castle Hedingham,1063,England,Essex,East of England,51.99015,0.59882,geonames-GB
3451,milborne-st-andrew,Milborne St Andrew,1062,England,Dorset,South West,50.77829,-2.28114,geonames-GB
3452,rothienorman,Rothienorman,1060,Scotland,Aberdeenshire,North East Scotland,57.41145,-2.46455,geonames-GB
3453,saint-cyrus,Saint Cyrus,1060,Scotland,Aberdeenshire,North East Scotland,56.77504,-2.41553,geonames-GB
3454,streatley,Streatley,1060,England,West Berkshire,South East,51.52316,-1.1491,geonames-GB
3455,chelford,Chelford,1058,England,Cheshire East,North West,53.2709,-2.28329,geonames-GB
3456,draycott,Draycott,1057,England,Somerset,South West,51.25615,-2.75116,geonames-GB
3457,uny-lelant,Uny Lelant,1056,England,Cornwall,South West,50.18298,-5.44047,geonames-GB
3458,llanfair-caereinion,Llanfair Caereinion,1055,Wales,Powys,Wales,52.6479,-3.32668,geonames-GB
3459,bildeston,Bildeston,1054,England,Suffolk,East of England,52.10658,0.90916,geonames-GB
3460,hazlerigg,Hazlerigg,1053,England,Newcastle upon Tyne,North East,55.04135,-1.63912,geonames-GB
3461,dulverton,Dulverton,1052,England,Somerset,South West,51.04007,-3.55035,geonames-GB
3462,hilton,Hilton,1052,England,Cambridgeshire,East of England,52.27908,-0.11222,geonames-GB
3463,moulton-chapel,Moulton Chapel,1050,England,Lincolnshire,East Midlands,52.74668,-0.08274,geonames-GB
3464,symington,Symington,1050,Scotland,South Ayrshire,West Central Scotland,55.55176,-4.55835,geonames-GB
3465,great-horwood,Great Horwood,1049,England,Buckinghamshire,South East,51.97351,-0.88088,geonames-GB
3466,hyde-heath,Hyde Heath,1047,England,Buckinghamshire,South East,51.69336,-0.65437,geonames-GB
3467,sutton-benger,Sutton Benger,1045,England,Wiltshire,South West,51.50685,-2.08015,geonames-GB
3468,stanbridge,Stanbridge,1044,England,Central Bedfordshire,East of England,51.90864,-0.59815,geonames-GB
3469,welford,Welford,1043,England,West Northamptonshire,East Midlands,52.41706,-1.05871,geonames-GB
3470,bempton,Bempton,1040,England,East Riding of Yorkshire,Yorkshire and the Humber,54.13036,-0.17853,geonames-GB
3471,ruyton-xi-towns,Ruyton-XI-Towns,1040,England,Shropshire,West Midlands,52.79555,-2.90318,geonames-GB
3472,ettington,Ettington,1039,England,Warwickshire,West Midlands,52.13773,-1.60742,geonames-GB
3473,llangynidr,Llangynidr,1036,Wales,Powys,Wales,51.8673,-3.22762,geonames-GB
3474,orwell,Orwell,1035,England,Cambridgeshire,East of England,52.1356,-0.01099,geonames-GB
3475,finchampstead,Finchampstead,1034,England,Wokingham,South East,51.36149,-0.85728,geonames-GB
3476,betley,Betley,1033,England,Staffordshire,West Midlands,53.03439,-2.36865,geonames-GB
3477,horton,Horton,1033,England,Windsor and Maidenhead,South East,51.47315,-0.54245,geonames-GB
3478,moulton,Moulton,1033,England,Suffolk,East of England,52.2524,0.48288,geonames-GB
3479,bulphan,Bulphan,1032,England,Thurrock,East of England,51.54612,0.36066,geonames-GB
3480,althorne,Althorne,1031,England,Essex,East of England,51.65722,0.76085,geonames-GB
3481,avening,Avening,1031,England,Gloucestershire,South West,51.6801,-2.16903,geonames-GB
3482,lamlash,Lamlash,1030,Scotland,North Ayrshire,West Central Scotland,55.53358,-5.12956,geonames-GB
3483,overstrand,Overstrand,1030,England,Norfolk,East of England,52.91623,1.339,geonames-GB
3484,tolleshunt-knights,Tolleshunt Knights,1030,England,Essex,East of England,51.79869,0.77651,geonames-GB
3485,lydiard-millicent,Lydiard Millicent,1029,England,Wiltshire,South West,51.57117,-1.86346,geonames-GB
3486,sharpness,Sharpness,1029,England,Gloucestershire,South West,51.71972,-2.4775,geonames-GB
3487,scole,Scole,1028,England,Norfolk,East of England,52.36706,1.15674,geonames-GB
3488,tintagel,Tintagel,1028,England,Cornwall,South West,50.66317,-4.75047,geonames-GB
3489,waddington-lancashire,Waddington,1028,England,Lancashire,North West,53.88977,-2.41459,geonames-GB
3490,handcross,Handcross,1027,England,West Sussex,South East,51.05383,-0.20076,geonames-GB
3491,husbands-bosworth,Husbands Bosworth,1027,England,Leicestershire,East Midlands,52.45232,-1.05557,geonames-GB
3492,lower-brailes,Lower Brailes,1027,England,Warwickshire,West Midlands,52.05034,-1.54176,geonames-GB
3493,charlton-marshall,Charlton Marshall,1026,England,Dorset,South West,50.83591,-2.14231,geonames-GB
3494,rode,Rode,1025,England,Somerset,South West,51.2839,-2.28141,geonames-GB
3495,foulsham,Foulsham,1021,England,Norfolk,East of England,52.78182,1.01049,geonames-GB
3496,south-chailey,South Chailey,1021,England,East Sussex,South East,50.93831,-0.02105,geonames-GB
3497,chagford,Chagford,1020,England,Devon,South West,50.67504,-3.83936,geonames-GB
3498,charlestown-of-aberlour,Charlestown of Aberlour,1020,Scotland,Moray,North East Scotland,57.47076,-3.22509,geonames-GB
3499,halkirk,Halkirk,1020,Scotland,Highland,Highlands and Argyll,58.51227,-3.49155,geonames-GB
3500,sheriff-hutton,Sheriff Hutton,1019,England,North Yorkshire,Yorkshire and the Humber,54.08904,-1.00639,geonames-GB
3501,youlgreave,Youlgreave,1018,England,Derbyshire,East Midlands,53.17399,-1.69044,geonames-GB
3502,burneside,Burneside,1017,England,Cumbria,North West,54.35271,-2.76151,geonames-GB
3503,chulmleigh,Chulmleigh,1017,England,Devon,South West,50.91289,-3.86938,geonames-GB
3504,corby-glen,Corby Glen,1017,England,Lincolnshire,East Midlands,52.81262,-0.51817,geonames-GB
3505,leek-wootton,Leek Wootton,1017,England,Warwickshire,West Midlands,52.31782,-1.57933,geonames-GB
3506,easton-on-the-hill,Easton on the Hill,1015,England,North Northamptonshire,East Midlands,52.62733,-0.50571,geonames-GB
3507,little-weighton,Little Weighton,1015,England,East Riding of Yorkshire,Yorkshire and the Humber,53.79021,-0.50679,geonames-GB
3508,olveston,Olveston,1015,England,South Gloucestershire,South West,51.58032,-2.5775,geonames-GB
3509,dedham,Dedham,1014,England,Essex,East of England,51.95892,0.99336,geonames-GB
3510,motcombe,Motcombe,1014,England,Dorset,South West,51.02929,-2.21627,geonames-GB
3511,newbridge-edinburgh,Newbridge,1013,Scotland,Edinburgh,South East Scotland,55.93333,-3.4,geonames-GB
3512,wilburton,Wilburton,1013,England,Cambridgeshire,East of England,52.35191,0.17673,geonames-GB
3513,crofty,Crofty,1012,Wales,Swansea,Wales,51.63448,-4.12937,geonames-GB
3514,scorton,Scorton,1012,England,North Yorkshire,Yorkshire and the Humber,54.39785,-1.61276,geonames-GB
3515,friockheim,Friockheim,1010,Scotland,Angus,East and Central Scotland,56.63688,-2.66806,geonames-GB
3516,kingskettle,Kingskettle,1010,Scotland,Fife,East and Central Scotland,56.26215,-3.11693,geonames-GB
3517,linton-upon-ouse,Linton upon Ouse,1008,England,North Yorkshire,Yorkshire and the Humber,54.04639,-1.2492,geonames-GB
3518,ewyas-harold,Ewyas Harold,1007,England,Herefordshire,West Midlands,51.95358,-2.89325,geonames-GB
3519,great-paxton,Great Paxton,1007,England,Cambridgeshire,East of England,52.26057,-0.22818,geonames-GB
3520,lesbury,Lesbury,1007,England,Northumberland,North East,55.39832,-1.6283,geonames-GB
3521,oakley-buckinghamshire,Oakley,1007,England,Buckinghamshire,South East,51.80406,-1.07261,geonames-GB
3522,deri,Deri,1006,Wales,Caerphilly,Wales,51.70812,-3.26312,geonames-GB
3523,kenton,Kenton,1005,England,Devon,South West,50.63978,-3.47151,geonames-GB
3524,barkisland,Barkisland,1004,England,Calderdale,Yorkshire and the Humber,53.67614,-1.9184,geonames-GB
3525,boxted,Boxted,1004,England,Essex,East of England,51.94878,0.91002,geonames-GB
3526,blagdon,Blagdon,1001,England,North Somerset,South West,51.32688,-2.71731,geonames-GB
3527,darlaston,Darlaston,1001,England,Walsall,West Midlands,52.56667,-2.03333,geonames-GB
3528,dovercourt,Dovercourt,1001,England,Essex,East of England,51.93649,1.27831,geonames-GB
3529,goring-by-sea,Goring-by-Sea,1001,England,West Sussex,South East,50.81239,-0.42194,geonames-GB
3530,heathfield,Heathfield,1001,England,East Sussex,South East,50.96718,0.25612,geonames-GB
3531,northop,Northop,1001,Wales,Flintshire,Wales,53.20692,-3.13277,geonames-GB
3532,rowley-regis,Rowley Regis,1001,England,Sandwell,West Midlands,52.48292,-2.04376,geonames-GB
3533,shaw,Shaw,1001,England,Oldham,North West,53.56667,-2.08333,geonames-GB
3534,dubford,Dubford,1000,Scotland,Aberdeen City,North East Scotland,57.20553,-2.10105,geonames-GB
3535,north-kessock,North Kessock,1000,Scotland,Highland,Highlands and Argyll,57.50254,-4.24793,geonames-GB
3536,tarves,Tarves,1000,Scotland,Aberdeenshire,North East Scotland,57.37079,-2.22195,geonames-GB
3537,tobermory,Tobermory,1000,Scotland,Argyll and Bute,Highlands and Argyll,56.62198,-6.07231,geonames-GB
3538,warmley,Warmley,1000,England,South Gloucestershire,South West,51.46004,-2.47811,geonames-GB
3539,winteringham,Winteringham,1000,England,North Lincolnshire,Yorkshire and the Humber,53.68727,-0.59183,geonames-GB
3540,uley,Uley,998,England,Gloucestershire,South West,51.68417,-2.30583,geonames-GB
3541,boxford,Boxford,996,England,Suffolk,East of England,52.0286,0.85934,geonames-GB
3542,freethorpe,Freethorpe,995,England,Norfolk,East of England,52.5925,1.55587,geonames-GB
3543,gotherington,Gotherington,995,England,Gloucestershire,South West,51.96474,-2.05496,geonames-GB
3544,little-wymondley,Little Wymondley,995,England,Hertfordshire,East of England,51.93268,-0.23552,geonames-GB
3545,stratton-on-the-fosse,Stratton-on-the-Fosse,995,England,Somerset,South West,51.25333,-2.49222,geonames-GB
3546,hopwood,Hopwood,993,England,Worcestershire,West Midlands,52.37057,-1.9578,geonames-GB
3547,trefnant,Trefnant,993,Wales,Denbighshire,Wales,53.22526,-3.4203,geonames-GB
3548,croughton,Croughton,992,England,West Northamptonshire,East Midlands,51.99772,-1.20472,geonames-GB
3549,dorchester-on-thames,Dorchester on Thames,992,England,Oxfordshire,South East,51.64714,-1.16749,geonames-GB
3550,kirkhamgate,Kirkhamgate,992,England,Wakefield,Yorkshire and the Humber,53.70188,-1.55244,geonames-GB
3551,hawkesbury-upton,Hawkesbury Upton,991,England,South Gloucestershire,South West,51.58028,-2.31861,geonames-GB
3552,kellington,Kellington,991,England,North Yorkshire,Yorkshire and the Humber,53.71836,-1.16556,geonames-GB
3553,thornton-leicestershire,Thornton,991,England,Leicestershire,East Midlands,52.66517,-1.31285,geonames-GB
3554,avoch,Avoch,990,Scotland,Highland,Highlands and Argyll,57.56898,-4.17675,geonames-GB
3555,charlesworth,Charlesworth,990,England,Derbyshire,East Midlands,53.43289,-1.99302,geonames-GB
3556,flamstead,Flamstead,990,England,Hertfordshire,East of England,51.81971,-0.43707,geonames-GB
3557,george-green,George Green,990,England,Buckinghamshire,South East,51.52173,-0.55631,geonames-GB
3558,mosstodloch,Mosstodloch,990,Scotland,Moray,North East Scotland,57.62535,-3.12196,geonames-GB
3559,lanivet,Lanivet,989,England,Cornwall,South West,50.44351,-4.76443,geonames-GB
3560,snitterfield,Snitterfield,989,England,Warwickshire,West Midlands,52.23705,-1.69069,geonames-GB
3561,aldington,Aldington,988,England,Kent,South East,51.09164,0.94461,geonames-GB
3562,edgcott,Edgcott,988,England,Buckinghamshire,South East,51.8917,-1.0096,geonames-GB
3563,kirtlington,Kirtlington,988,England,Oxfordshire,South East,51.87321,-1.27493,geonames-GB
3564,chieveley,Chieveley,987,England,West Berkshire,South East,51.46163,-1.31613,geonames-GB
3565,kennford,Kennford,987,England,Devon,South West,50.66714,-3.53566,geonames-GB
3566,old-sarum,Old Sarum,987,England,Wiltshire,South West,51.10169,-1.78532,geonames-GB
3567,pont-henri,Pont Henri,987,Wales,Carmarthenshire,Wales,51.76111,-4.20778,geonames-GB
3568,salhouse,Salhouse,987,England,Norfolk,East of England,52.67365,1.4132,geonames-GB
3569,warborough,Warborough,987,England,Oxfordshire,South East,51.63864,-1.13691,geonames-GB
3570,guilden-morden,Guilden Morden,986,England,Cambridgeshire,East of England,52.0808,-0.13304,geonames-GB
3571,montgomery,Montgomery,986,Wales,Powys,Wales,52.56133,-3.14612,geonames-GB
3572,north-muskham,North Muskham,985,England,Nottinghamshire,East Midlands,53.11988,-0.81091,geonames-GB
3573,sharnford,Sharnford,985,England,Leicestershire,East Midlands,52.52122,-1.29474,geonames-GB
3574,upper-hartfield,Upper Hartfield,985,England,East Sussex,South East,51.09325,0.09077,geonames-GB
3575,barns-green,Barns Green,982,England,West Sussex,South East,51.03335,-0.39619,geonames-GB
3576,mepal,Mepal,982,England,Cambridgeshire,East of England,52.40425,0.11514,geonames-GB
3577,totternhoe,Totternhoe,982,England,Central Bedfordshire,East of England,51.88555,-0.57343,geonames-GB
3578,helpston,Helpston,981,England,Peterborough,East of England,52.63233,-0.34676,geonames-GB
3579,over-wallop,Over Wallop,981,England,Hampshire,South East,51.14623,-1.59481,geonames-GB
3580,holbeach-clough,Holbeach Clough,980,England,Lincolnshire,East Midlands,52.82476,-0.01133,geonames-GB
3581,innellan,Innellan,980,Scotland,Argyll and Bute,Highlands and Argyll,55.89195,-4.9616,geonames-GB
3582,long-riston,Long Riston,979,England,East Riding of Yorkshire,Yorkshire and the Humber,53.865,-0.28895,geonames-GB
3583,ludham,Ludham,979,England,Norfolk,East of England,52.70991,1.53603,geonames-GB
3584,iwerne-minster,Iwerne Minster,978,England,Dorset,South West,50.92836,-2.19133,geonames-GB
3585,east-hanningfield,East Hanningfield,977,England,Essex,East of England,51.68277,0.55902,geonames-GB
3586,sole-street,Sole Street,977,England,Kent,South East,51.38555,0.37843,geonames-GB
3587,gilmorton,Gilmorton,976,England,Leicestershire,East Midlands,52.48682,-1.16001,geonames-GB
3588,bradford-abbas,Bradford Abbas,975,England,Dorset,South West,50.92643,-2.58751,geonames-GB
3589,cononley,Cononley,975,England,North Yorkshire,Yorkshire and the Humber,53.91797,-2.01656,geonames-GB
3590,wawne,Wawne,975,England,East Riding of Yorkshire,Yorkshire and the Humber,53.81709,-0.34843,geonames-GB
3591,llangeinor,Llangeinor,973,Wales,Bridgend,Wales,51.57559,-3.56897,geonames-GB
3592,charlwood,Charlwood,972,England,Surrey,South East,51.15644,-0.22586,geonames-GB
3593,chattenden,Chattenden,972,England,Medway,South East,51.41832,0.52945,geonames-GB
3594,laughton-en-le-morthen,Laughton en le Morthen,971,England,Rotherham,Yorkshire and the Humber,53.38783,-1.22257,geonames-GB
3595,new-holland,New Holland,970,England,North Lincolnshire,Yorkshire and the Humber,53.70004,-0.36059,geonames-GB
3596,eyam,Eyam,969,England,Derbyshire,East Midlands,53.28583,-1.67819,geonames-GB
3597,marsh-gibbon,Marsh Gibbon,969,England,Buckinghamshire,South East,51.90265,-1.06115,geonames-GB
3598,hawkhead,Hawkhead,968,Scotland,Renfrewshire,West Central Scotland,55.83333,-4.38333,geonames-GB
3599,hevingham,Hevingham,967,England,Norfolk,East of England,52.74305,1.25493,geonames-GB
3600,ponsanooth,Ponsanooth,967,England,Cornwall,South West,50.19891,-5.14358,geonames-GB
3601,riding-mill,Riding Mill,966,England,Northumberland,North East,54.94866,-1.97316,geonames-GB
3602,overton-wrexham,Overton,965,Wales,Wrexham,Wales,52.96667,-2.93333,geonames-GB
3603,beetley,Beetley,964,England,Norfolk,East of England,52.71817,0.92454,geonames-GB
3604,portreath,Portreath,963,England,Cornwall,South West,50.26058,-5.28933,geonames-GB
3605,appleby-magna,Appleby Magna,962,England,Leicestershire,East Midlands,52.68226,-1.53371,geonames-GB
3606,hempnall,Hempnall,962,England,Norfolk,East of England,52.50115,1.3003,geonames-GB
3607,earlswood,Earlswood,961,England,Warwickshire,West Midlands,52.36575,-1.83291,geonames-GB
3608,gosforth-cumbria,Gosforth,961,England,Cumbria,North West,54.41718,-3.43366,geonames-GB
3609,quadring,Quadring,961,England,Lincolnshire,East Midlands,52.88239,-0.18316,geonames-GB
3610,kilham,Kilham,960,England,East Riding of Yorkshire,Yorkshire and the Humber,54.06413,-0.38057,geonames-GB
3611,longside,Longside,960,Scotland,Aberdeenshire,North East Scotland,57.51731,-1.93976,geonames-GB
3612,pathhead,Pathhead,960,Scotland,Midlothian,South East Scotland,55.86667,-2.96667,geonames-GB
3613,springfield,Springfield,960,Scotland,Fife,East and Central Scotland,56.29509,-3.0612,geonames-GB
3614,collingbourne-ducis,Collingbourne Ducis,957,England,Wiltshire,South West,51.28516,-1.65252,geonames-GB
3615,barningham,Barningham,956,England,Suffolk,East of England,52.35367,0.88676,geonames-GB
3616,loxwood,Loxwood,956,England,West Sussex,South East,51.07781,-0.51872,geonames-GB
3617,barby,Barby,955,England,West Northamptonshire,East Midlands,52.32844,-1.2051,geonames-GB
3618,bubwith,Bubwith,954,England,East Riding of Yorkshire,Yorkshire and the Humber,53.81905,-0.91968,geonames-GB
3619,sherington,Sherington,954,England,Milton Keynes,South East,52.11172,-0.69973,geonames-GB
3620,callow-hill,Callow Hill,953,England,Worcestershire,West Midlands,52.35908,-2.37332,geonames-GB
3621,upper-heyford,Upper Heyford,953,England,Oxfordshire,South East,51.93558,-1.25451,geonames-GB
3622,bontnewydd,Bontnewydd,951,Wales,Gwynedd,Wales,53.11623,-4.26827,geonames-GB
3623,curdridge,Curdridge,951,England,Hampshire,South East,50.92366,-1.24615,geonames-GB
3624,blairhall,Blairhall,950,Scotland,Fife,East and Central Scotland,56.08788,-3.60223,geonames-GB
3625,caerwys,Caerwys,950,Wales,Flintshire,Wales,53.24651,-3.30745,geonames-GB
3626,ceres,Ceres,950,Scotland,Fife,East and Central Scotland,56.29382,-2.97357,geonames-GB
3627,gatehouse-of-fleet,Gatehouse of Fleet,950,Scotland,Dumfries and Galloway,South Scotland,54.88196,-4.18428,geonames-GB
3628,elie,Elie,949,Scotland,Fife,East and Central Scotland,56.19257,-2.82228,geonames-GB
3629,holcombe,Holcombe,947,England,Somerset,South West,51.24667,-2.47222,geonames-GB
3630,steeple-aston,Steeple Aston,947,England,Oxfordshire,South East,51.92749,-1.31106,geonames-GB
3631,blunham,Blunham,946,England,Central Bedfordshire,East of England,52.14695,-0.32178,geonames-GB
3632,beoley,Beoley,945,England,Worcestershire,West Midlands,52.32382,-1.89608,geonames-GB
3633,leafield,Leafield,945,England,Oxfordshire,South East,51.83504,-1.54384,geonames-GB
3634,milton,Milton,945,Scotland,Highland,Highlands and Argyll,57.33949,-4.50457,geonames-GB
3635,burton-pidsea,Burton Pidsea,944,England,East Riding of Yorkshire,Yorkshire and the Humber,53.76327,-0.10703,geonames-GB
3636,escrick,Escrick,944,England,North Yorkshire,Yorkshire and the Humber,53.88001,-1.04344,geonames-GB
3637,mareham-le-fen,Mareham le Fen,944,England,Lincolnshire,East Midlands,53.13184,-0.09005,geonames-GB
3638,longcross,Longcross,943,England,Surrey,South East,51.37746,-0.58923,geonames-GB
3639,lilleshall,Lilleshall,942,England,Telford and Wrekin,West Midlands,52.73418,-2.40316,geonames-GB
3640,betchworth,Betchworth,941,England,Surrey,South East,51.23374,-0.26655,geonames-GB
3641,icklesham,Icklesham,941,England,East Sussex,South East,50.91581,0.66776,geonames-GB
3642,great-broughton,Great Broughton,940,England,North Yorkshire,Yorkshire and the Humber,54.44763,-1.15689,geonames-GB
3643,haynes,Haynes,940,England,Central Bedfordshire,East of England,52.06646,-0.39946,geonames-GB
3644,kirkfieldbank,Kirkfieldbank,940,Scotland,South Lanarkshire,West Central Scotland,55.67502,-3.80492,geonames-GB
3645,liff,Liff,940,Scotland,Angus,East and Central Scotland,56.48552,-3.08532,geonames-GB
3646,strichen,Strichen,940,Scotland,Aberdeenshire,North East Scotland,57.58663,-2.09064,geonames-GB
3647,turvey,Turvey,940,England,Bedford,East of England,52.16285,-0.62528,geonames-GB
3648,greatham,Greatham,939,England,Hartlepool,North East,54.64183,-1.23806,geonames-GB
3649,nuffield,Nuffield,939,England,Oxfordshire,South East,51.57947,-1.03477,geonames-GB
3650,prees,Prees,939,England,Shropshire,West Midlands,52.89689,-2.66401,geonames-GB
3651,chelmondiston,Chelmondiston,938,England,Suffolk,East of England,51.98932,1.21141,geonames-GB
3652,nayland,Nayland,938,England,Suffolk,East of England,51.97246,0.87144,geonames-GB
3653,densole,Densole,937,England,Kent,South East,51.12981,1.15837,geonames-GB
3654,great-shefford,Great Shefford,937,England,West Berkshire,South East,51.4747,-1.44959,geonames-GB
3655,bisley,Bisley,936,England,Gloucestershire,South West,51.75235,-2.14116,geonames-GB
3656,steeple-ashton,Steeple Ashton,935,England,Wiltshire,South West,51.31033,-2.13538,geonames-GB
3657,middleton-in-teesdale,Middleton in Teesdale,934,England,County Durham,North East,54.62507,-2.08234,geonames-GB
3658,elvington,Elvington,933,England,York,Yorkshire and the Humber,53.92087,-0.93495,geonames-GB
3659,quarndon,Quarndon,933,England,Derbyshire,East Midlands,52.96494,-1.50376,geonames-GB
3660,woburn,Woburn,933,England,Central Bedfordshire,East of England,51.98865,-0.61903,geonames-GB
3661,whitchurch-buckinghamshire,Whitchurch,932,England,Buckinghamshire,South East,51.8816,-0.83784,geonames-GB
3662,harby,Harby,931,England,Leicestershire,East Midlands,52.87296,-0.89573,geonames-GB
3663,dunning,Dunning,930,Scotland,Perth and Kinross,East and Central Scotland,56.31201,-3.58638,geonames-GB
3664,monkton,Monkton,930,Scotland,South Ayrshire,West Central Scotland,55.51356,-4.59339,geonames-GB
3665,rippingale,Rippingale,929,England,Lincolnshire,East Midlands,52.83865,-0.37027,geonames-GB
3666,austrey,Austrey,928,England,Warwickshire,West Midlands,52.65677,-1.56679,geonames-GB
3667,barnby,Barnby,928,England,Suffolk,East of England,52.44829,1.64205,geonames-GB
3668,bratton-fleming,Bratton Fleming,928,England,Devon,South West,51.1225,-3.93854,geonames-GB
3669,north-curry,North Curry,926,England,Somerset,South West,51.0225,-2.97167,geonames-GB
3670,henham,Henham,924,England,Essex,East of England,51.93347,0.24796,geonames-GB
3671,bryn,Bryn,923,Wales,Neath Port Talbot,Wales,51.61639,-3.71167,geonames-GB
3672,easington-redcar-and-cleveland,Easington,923,England,Redcar and Cleveland,North East,54.55345,-0.85058,geonames-GB
3673,hampsthwaite,Hampsthwaite,923,England,North Yorkshire,Yorkshire and the Humber,54.02374,-1.60616,geonames-GB
3674,stebbing,Stebbing,923,England,Essex,East of England,51.89111,0.41422,geonames-GB
3675,great-chishill,Great Chishill,921,England,Cambridgeshire,East of England,52.02974,0.07193,geonames-GB
3676,haughton,Haughton,920,England,Staffordshire,West Midlands,52.78333,-2.2,geonames-GB
3677,heather,Heather,920,England,Leicestershire,East Midlands,52.6933,-1.4241,geonames-GB
3678,moreton-on-lugg,Moreton on Lugg,920,England,Herefordshire,West Midlands,52.10723,-2.72227,geonames-GB
3679,potterton,Potterton,920,Scotland,Aberdeenshire,North East Scotland,57.23118,-2.09114,geonames-GB
3680,southfleet,Southfleet,918,England,Kent,South East,51.41628,0.32032,geonames-GB
3681,stoke-holy-cross,Stoke Holy Cross,917,England,Norfolk,East of England,52.5703,1.29484,geonames-GB
3682,hatfield-broad-oak,Hatfield Broad Oak,916,England,Essex,East of England,51.82655,0.24651,geonames-GB
3683,appleton,Appleton,915,England,Oxfordshire,South East,51.70951,-1.36136,geonames-GB
3684,methwold,Methwold,914,England,Norfolk,East of England,52.52332,0.55402,geonames-GB
3685,quainton,Quainton,913,England,Buckinghamshire,South East,51.87408,-0.91727,geonames-GB
3686,ardleigh,Ardleigh,912,England,Essex,East of England,51.92598,0.98547,geonames-GB
3687,south-zeal,South Zeal,912,England,Devon,South West,50.72604,-3.91277,geonames-GB
3688,elham,Elham,911,England,Kent,South East,51.15197,1.1105,geonames-GB
3689,coton,Coton,910,England,Cambridgeshire,East of England,52.21058,0.06094,geonames-GB
3690,hartland,Hartland,910,England,Devon,South West,50.9938,-4.48062,geonames-GB
3691,hedgerley,Hedgerley,910,England,Buckinghamshire,South East,51.571,-0.6041,geonames-GB
3692,knowl-hill,Knowl Hill,910,England,Wokingham,South East,51.50719,-0.81831,geonames-GB
3693,langbank,Langbank,910,Scotland,Renfrewshire,West Central Scotland,55.92364,-4.59261,geonames-GB
3694,laxfield,Laxfield,910,England,Suffolk,East of England,52.30206,1.36586,geonames-GB
3695,trunch,Trunch,909,England,Norfolk,East of England,52.86214,1.3966,geonames-GB
3696,hogsthorpe,Hogsthorpe,908,England,Lincolnshire,East Midlands,53.22587,0.29869,geonames-GB
3697,lizard,Lizard,906,England,Cornwall,South West,49.96875,-5.20533,geonames-GB
3698,sixpenny-handley,Sixpenny Handley,906,England,Dorset,South West,50.95,-2.0,geonames-GB
3699,ferryden,Ferryden,905,Scotland,Angus,East and Central Scotland,56.70097,-2.46474,geonames-GB
3700,ullesthorpe,Ullesthorpe,903,England,Leicestershire,East Midlands,52.48438,-1.25269,geonames-GB
3701,welland,Welland,903,England,Worcestershire,West Midlands,52.05756,-2.2994,geonames-GB
3702,great-massingham,Great Massingham,902,England,Norfolk,East of England,52.77541,0.66368,geonames-GB
3703,tillingham,Tillingham,902,England,Essex,East of England,51.69682,0.882,geonames-GB
3704,tintinhull,Tintinhull,902,England,Somerset,South West,50.97329,-2.71371,geonames-GB
3705,billesdon,Billesdon,901,England,Leicestershire,East Midlands,52.61858,-0.94148,geonames-GB
3706,farrington-gurney,Farrington Gurney,901,England,Bath and North East Somerset,South West,51.29774,-2.52913,geonames-GB
3707,abermule,Abermule,900,Wales,Powys,Wales,52.54339,-3.23723,geonames-GB
3708,bleadon,Bleadon,900,England,North Somerset,South West,51.30861,-2.9475,geonames-GB
3709,edzell,Edzell,900,Scotland,Angus,East and Central Scotland,56.80906,-2.65605,geonames-GB
3710,hope-derbyshire,Hope,900,England,Derbyshire,East Midlands,53.35,-1.75,geonames-GB
3711,kinlochleven,Kinlochleven,900,Scotland,Highland,Highlands and Argyll,56.71157,-4.97355,geonames-GB
3712,strathmiglo,Strathmiglo,900,Scotland,Fife,East and Central Scotland,56.27755,-3.2713,geonames-GB
3713,wigtown,Wigtown,900,Scotland,Dumfries and Galloway,South Scotland,54.86783,-4.44489,geonames-GB
3714,bladon,Bladon,898,England,Oxfordshire,South East,51.8292,-1.35132,geonames-GB
3715,napton-on-the-hill,Napton on the Hill,898,England,Warwickshire,West Midlands,52.24898,-1.31845,geonames-GB
3716,coton-in-the-elms,Coton in the Elms,896,England,Derbyshire,East Midlands,52.73307,-1.63696,geonames-GB
3717,great-staughton,Great Staughton,896,England,Cambridgeshire,East of England,52.26763,-0.34118,geonames-GB
3718,cawthorne,Cawthorne,893,England,Barnsley,Yorkshire and the Humber,53.56687,-1.57259,geonames-GB
3719,east-hoathly,East Hoathly,893,England,East Sussex,South East,50.92457,0.16308,geonames-GB
3720,gorran-haven,Gorran Haven,893,England,Cornwall,South West,50.24141,-4.79025,geonames-GB
3721,binbrook,Binbrook,892,England,Lincolnshire,East Midlands,53.42905,-0.18072,geonames-GB
3722,pawlett,Pawlett,892,England,Somerset,South West,51.18022,-3.0024,geonames-GB
3723,tregynon,Tregynon,892,Wales,Powys,Wales,52.57913,-3.33267,geonames-GB
3724,crowhurst,Crowhurst,891,England,East Sussex,South East,50.88544,0.49507,geonames-GB
3725,lairg,Lairg,891,Scotland,Highland,Highlands and Argyll,58.02369,-4.39958,geonames-GB
3726,lostock,Lostock,891,England,Bolton,North West,53.57885,-2.50265,geonames-GB
3727,sedlescombe,Sedlescombe,891,England,East Sussex,South East,50.93393,0.53378,geonames-GB
3728,sheering,Sheering,891,England,Essex,East of England,51.80373,0.18454,geonames-GB
3729,annbank,Annbank,890,Scotland,South Ayrshire,West Central Scotland,55.47564,-4.52208,geonames-GB
3730,carstairs,Carstairs,890,Scotland,South Lanarkshire,West Central Scotland,55.69561,-3.69115,geonames-GB
3731,hatton-aberdeenshire,Hatton,890,Scotland,Aberdeenshire,North East Scotland,57.42434,-1.92218,geonames-GB
3732,lowca,Lowca,888,England,Cumbria,North West,54.58072,-3.56987,geonames-GB
3733,ribchester,Ribchester,888,England,Lancashire,North West,53.81361,-2.53244,geonames-GB
3734,hawes,Hawes,887,England,North Yorkshire,Yorkshire and the Humber,54.30387,-2.19605,geonames-GB
3735,kirkby-malzeard,Kirkby Malzeard,887,England,North Yorkshire,Yorkshire and the Humber,54.16443,-1.64633,geonames-GB
3736,llanymynech,Llanymynech,887,Wales,Powys,Wales,52.78086,-3.08875,geonames-GB
3737,longhorsley,Longhorsley,887,England,Northumberland,North East,55.24586,-1.76914,geonames-GB
3738,wrangle,Wrangle,887,England,Lincolnshire,East Midlands,53.03935,0.12989,geonames-GB
3739,rushmoor,Rushmoor,886,England,Surrey,South East,51.15833,-0.75222,geonames-GB
3740,docking,Docking,885,England,Norfolk,East of England,52.90103,0.62553,geonames-GB
3741,turners-hill,Turners Hill,885,England,West Sussex,South East,51.10341,-0.08514,geonames-GB
3742,urchfont,Urchfont,885,England,Wiltshire,South West,51.31217,-1.94292,geonames-GB
3743,cheveley,Cheveley,884,England,Cambridgeshire,East of England,52.22049,0.4643,geonames-GB
3744,mendlesham,Mendlesham,884,England,Suffolk,East of England,52.25014,1.0813,geonames-GB
3745,thurton,Thurton,883,England,Norfolk,East of England,52.55655,1.43313,geonames-GB
3746,clavering,Clavering,882,England,Essex,East of England,51.9654,0.14308,geonames-GB
3747,earsham,Earsham,882,England,Norfolk,East of England,52.45164,1.41857,geonames-GB
3748,folksworth,Folksworth,881,England,Cambridgeshire,East of England,52.49537,-0.31278,geonames-GB
3749,ipstones,Ipstones,881,England,Staffordshire,West Midlands,53.04683,-1.97016,geonames-GB
3750,michelmersh,Michelmersh,881,England,Hampshire,South East,51.03227,-1.50496,geonames-GB
3751,broad-haven,Broad Haven,880,Wales,Pembrokeshire,Wales,51.78025,-5.10258,geonames-GB
3752,empingham,Empingham,880,England,Rutland,East Midlands,52.66722,-0.59601,geonames-GB
3753,findhorn,Findhorn,880,Scotland,Moray,North East Scotland,57.65718,-3.60846,geonames-GB
3754,groeslon,Groeslon,880,Wales,Gwynedd,Wales,53.07871,-4.28061,geonames-GB
3755,hullavington,Hullavington,880,England,Wiltshire,South West,51.53778,-2.15163,geonames-GB
3756,clanfield,Clanfield,879,England,Oxfordshire,South East,51.71623,-1.58888,geonames-GB
3757,ogmore-by-sea,Ogmore-by-Sea,878,Wales,Vale of Glamorgan,Wales,51.46056,-3.63028,geonames-GB
3758,burnham-market,Burnham Market,877,England,Norfolk,East of England,52.94525,0.72608,geonames-GB
3759,litlington,Litlington,877,England,Cambridgeshire,East of England,52.06719,-0.08845,geonames-GB
3760,nappa-scar,Nappa Scar,877,England,North Yorkshire,Yorkshire and the Humber,54.3143,-2.05672,geonames-GB
3761,tackley,Tackley,877,England,Oxfordshire,South East,51.88073,-1.30656,geonames-GB
3762,thurcaston,Thurcaston,877,England,Leicestershire,East Midlands,52.69228,-1.15935,geonames-GB
3763,ashcott,Ashcott,876,England,Somerset,South West,51.1292,-2.81008,geonames-GB
3764,bethersden,Bethersden,876,England,Kent,South East,51.12869,0.75276,geonames-GB
3765,dartington,Dartington,876,England,Devon,South West,50.44409,-3.70958,geonames-GB
3766,long-wittenham,Long Wittenham,876,England,Oxfordshire,South East,51.64098,-1.21184,geonames-GB
3767,cavendish,Cavendish,875,England,Suffolk,East of England,52.08721,0.63352,geonames-GB
3768,llangwm,Llangwm,875,Wales,Pembrokeshire,Wales,51.74833,-4.91361,geonames-GB
3769,llechryd,Llechryd,875,Wales,Pembrokeshire,Wales,52.06774,-4.60807,geonames-GB
3770,stockton-on-the-forest,Stockton on the Forest,875,England,York,Yorkshire and the Humber,53.99637,-1.00182,geonames-GB
3771,stoke-hammond,Stoke Hammond,875,England,Buckinghamshire,South East,51.95675,-0.719,geonames-GB
3772,west-wittering,West Wittering,875,England,West Sussex,South East,50.78076,-0.89573,geonames-GB
3773,carlton,Carlton,874,England,Bedford,East of England,52.18801,-0.60704,geonames-GB
3774,hilgay,Hilgay,874,England,Norfolk,East of England,52.55971,0.38959,geonames-GB
3775,south-mimms,South Mimms,874,England,Hertfordshire,East of England,51.69586,-0.23273,geonames-GB
3776,cwmann,Cwmann,872,Wales,Carmarthenshire,Wales,52.10262,-4.06341,geonames-GB
3777,walton-upon-trent,Walton upon Trent,872,England,Derbyshire,East Midlands,52.75889,-1.6749,geonames-GB
3778,east-meon,East Meon,871,England,Hampshire,South East,50.9955,-1.03186,geonames-GB
3779,ebchester,Ebchester,871,England,County Durham,North East,54.89261,-1.84188,geonames-GB
3780,maud,Maud,870,Scotland,Aberdeenshire,North East Scotland,57.52165,-2.1257,geonames-GB
3781,north-waltham,North Waltham,870,England,Hampshire,South East,51.21248,-1.19605,geonames-GB
3782,pensford,Pensford,870,England,Bath and North East Somerset,South West,51.37111,-2.54722,geonames-GB
3783,llannon,Llannon,869,Wales,Carmarthenshire,Wales,51.75519,-4.11752,geonames-GB
3784,kinoulton,Kinoulton,868,England,Nottinghamshire,East Midlands,52.87141,-0.99169,geonames-GB
3785,walgrave,Walgrave,868,England,West Northamptonshire,East Midlands,52.3404,-0.82509,geonames-GB
3786,barton-mills,Barton Mills,867,England,Suffolk,East of England,52.33545,0.52115,geonames-GB
3787,lapford,Lapford,867,England,Devon,South West,50.85915,-3.80539,geonames-GB
3788,northrepps,Northrepps,866,England,Norfolk,East of England,52.90423,1.33724,geonames-GB
3789,risby,Risby,866,England,Suffolk,East of England,52.264,0.63268,geonames-GB
3790,cilgerran,Cilgerran,865,Wales,Pembrokeshire,Wales,52.05513,-4.63245,geonames-GB
3791,halberton,Halberton,865,England,Devon,South West,50.9074,-3.41206,geonames-GB
3792,llan-ffestiniog,Llan Ffestiniog,864,Wales,Gwynedd,Wales,52.95752,-3.93035,geonames-GB
3793,longframlington,Longframlington,864,England,Northumberland,North East,55.30392,-1.79504,geonames-GB
3794,tewin,Tewin,864,England,Hertfordshire,East of England,51.81665,-0.15613,geonames-GB
3795,chilbolton,Chilbolton,862,England,Hampshire,South East,51.15932,-1.43642,geonames-GB
3796,henllan,Henllan,862,Wales,Denbighshire,Wales,53.2,-3.46667,geonames-GB
3797,hinstock,Hinstock,861,England,Shropshire,West Midlands,52.83711,-2.45762,geonames-GB
3798,crimond,Crimond,860,Scotland,Aberdeenshire,North East Scotland,57.60136,-1.91566,geonames-GB
3799,drumoak,Drumoak,860,Scotland,Aberdeenshire,North East Scotland,57.07983,-2.34509,geonames-GB
3800,longridge-west-lothian,Longridge,860,Scotland,West Lothian,South East Scotland,55.84465,-3.67845,geonames-GB
3801,scothern,Scothern,860,England,Lincolnshire,East Midlands,53.28388,-0.45175,geonames-GB
3802,bamford,Bamford,859,England,Derbyshire,East Midlands,53.34822,-1.68922,geonames-GB
3803,lamerton,Lamerton,859,England,Devon,South West,50.5716,-4.18967,geonames-GB
3804,byers-green,Byers Green,858,England,County Durham,North East,54.69981,-1.65348,geonames-GB
3805,sutton-scotney,Sutton Scotney,858,England,Hampshire,South East,51.1541,-1.33673,geonames-GB
3806,addington,Addington,857,England,Kent,South East,51.30685,0.37362,geonames-GB
3807,lambley,Lambley,857,England,Nottinghamshire,East Midlands,53.0017,-1.06314,geonames-GB
3808,morfa-nefyn,Morfa Nefyn,857,Wales,Gwynedd,Wales,52.93289,-4.54943,geonames-GB
3809,great-ellingham,Great Ellingham,856,England,Norfolk,East of England,52.53679,0.97407,geonames-GB
3810,braughing,Braughing,854,England,Hertfordshire,East of England,51.90684,0.02789,geonames-GB
3811,minety,Minety,854,England,Wiltshire,South West,51.61667,-1.95,geonames-GB
3812,wybunbury,Wybunbury,854,England,Cheshire East,North West,53.04542,-2.45207,geonames-GB
3813,kilkhampton,Kilkhampton,853,England,Cornwall,South West,50.87566,-4.48392,geonames-GB
3814,hensall,Hensall,852,England,North Yorkshire,Yorkshire and the Humber,53.7025,-1.10722,geonames-GB
3815,steeple-morden,Steeple Morden,852,England,Cambridgeshire,East of England,52.06648,-0.1248,geonames-GB
3816,broughton-gifford,Broughton Gifford,851,England,Wiltshire,South West,51.37214,-2.1755,geonames-GB
3817,newport-pembrokeshire,Newport,851,Wales,Pembrokeshire,Wales,52.01667,-4.83333,geonames-GB
3818,chesterton,Chesterton,850,England,Oxfordshire,South East,51.88741,-1.18549,geonames-GB
3819,coalsnaughton,Coalsnaughton,850,Scotland,Clackmannanshire,East and Central Scotland,56.14053,-3.73604,geonames-GB
3820,comrie-fife,Comrie,850,Scotland,Fife,East and Central Scotland,56.0853,-3.57712,geonames-GB
3821,dailly,Dailly,850,Scotland,South Ayrshire,West Central Scotland,55.27638,-4.72361,geonames-GB
3822,ecclefechan,Ecclefechan,850,Scotland,Dumfries and Galloway,South Scotland,55.05928,-3.26652,geonames-GB
3823,portgordon,Portgordon,850,Scotland,Moray,North East Scotland,57.66407,-3.01353,geonames-GB
3824,beckington,Beckington,849,England,Somerset,South West,51.26444,-2.28722,geonames-GB
3825,clyst-st-mary,Clyst St Mary,849,England,Devon,South West,50.70765,-3.45019,geonames-GB
3826,enstone,Enstone,849,England,Oxfordshire,South East,51.91537,-1.45371,geonames-GB
3827,ingoldisthorpe,Ingoldisthorpe,849,England,Norfolk,East of England,52.86478,0.50408,geonames-GB
3828,steep,Steep,849,England,Hampshire,South East,51.02277,-0.94212,geonames-GB
3829,castle-acre,Castle Acre,848,England,Norfolk,East of England,52.7046,0.68903,geonames-GB
3830,claverdon,Claverdon,848,England,Warwickshire,West Midlands,52.27919,-1.71267,geonames-GB
3831,penally,Penally,848,Wales,Pembrokeshire,Wales,51.65986,-4.72399,geonames-GB
3832,stanion,Stanion,848,England,North Northamptonshire,East Midlands,52.47482,-0.65549,geonames-GB
3833,farmborough,Farmborough,847,England,Bath and North East Somerset,South West,51.3439,-2.48778,geonames-GB
3834,great-waltham,Great Waltham,847,England,Essex,East of England,51.79383,0.45671,geonames-GB
3835,weston,Weston,847,England,Cheshire East,North West,53.06667,-2.4,geonames-GB
3836,ferryside,Ferryside,846,Wales,Carmarthenshire,Wales,51.76784,-4.369,geonames-GB
3837,roos,Roos,846,England,East Riding of Yorkshire,Yorkshire and the Humber,53.75292,-0.04463,geonames-GB
3838,thursby,Thursby,846,England,Cumbria,North West,54.8426,-3.0509,geonames-GB
3839,sedgeberrow,Sedgeberrow,845,England,Worcestershire,West Midlands,52.04561,-1.96642,geonames-GB
3840,wolvey,Wolvey,845,England,Warwickshire,West Midlands,52.48626,-1.36935,geonames-GB
3841,brasted,Brasted,844,England,Kent,South East,51.2766,0.11068,geonames-GB
3842,nunney,Nunney,844,England,Somerset,South West,51.20729,-2.37858,geonames-GB
3843,cuddington,Cuddington,843,England,Cheshire West and Chester,North West,53.24488,-2.61879,geonames-GB
3844,great-longstone,Great Longstone,843,England,Derbyshire,East Midlands,53.24169,-1.70168,geonames-GB
3845,levens,Levens,843,England,Cumbria,North West,54.26906,-2.78735,geonames-GB
3846,wisborough-green,Wisborough Green,843,England,West Sussex,South East,51.02308,-0.50604,geonames-GB
3847,kington-langley,Kington Langley,841,England,Wiltshire,South West,51.48877,-2.11663,geonames-GB
3848,panfield,Panfield,841,England,Essex,East of England,51.89858,0.52108,geonames-GB
3849,swaffham-prior,Swaffham Prior,841,England,Cambridgeshire,East of England,52.25389,0.29633,geonames-GB
3850,castletown,Castletown,840,Scotland,Highland,Highlands and Argyll,58.59331,-3.38827,geonames-GB
3851,higham-on-the-hill,Higham on the Hill,840,England,Leicestershire,East Midlands,52.55555,-1.43565,geonames-GB
3852,mary-tavy,Mary Tavy,840,England,Devon,South West,50.59435,-4.1161,geonames-GB
3853,rumford,Rumford,840,Scotland,Falkirk,East and Central Scotland,55.97579,-3.71201,geonames-GB
3854,woolacombe,Woolacombe,840,England,Devon,South West,51.17296,-4.20689,geonames-GB
3855,cotton-end,Cotton End,838,England,Bedford,East of England,52.0956,-0.41741,geonames-GB
3856,hook-pembrokeshire,Hook,838,Wales,Pembrokeshire,Wales,51.765,-4.93167,geonames-GB
3857,stogursey,Stogursey,838,England,Somerset,South West,51.17972,-3.14194,geonames-GB
3858,high-bickington,High Bickington,837,England,Devon,South West,50.9673,-3.99425,geonames-GB
3859,waltham-on-the-wolds,Waltham on the Wolds,836,England,Leicestershire,East Midlands,52.81698,-0.80835,geonames-GB
3860,north-fambridge,North Fambridge,835,England,Essex,East of England,51.64279,0.6751,geonames-GB
3861,pollington,Pollington,834,England,East Riding of Yorkshire,Yorkshire and the Humber,53.67093,-1.07237,geonames-GB
3862,dousland,Dousland,833,England,Devon,South West,50.50009,-4.06324,geonames-GB
3863,meonstoke,Meonstoke,833,England,Hampshire,South East,50.97751,-1.1276,geonames-GB
3864,abberton,Abberton,831,England,Essex,East of England,51.83435,0.91084,geonames-GB
3865,kingston-near-lewes,Kingston near Lewes,831,England,East Sussex,South East,50.85771,-0.02184,geonames-GB
3866,shotley,Shotley,831,England,Suffolk,East of England,51.9695,1.25047,geonames-GB
3867,brodick,Brodick,830,Scotland,North Ayrshire,West Central Scotland,55.57539,-5.14717,geonames-GB
3868,california,California,830,Scotland,Falkirk,East and Central Scotland,55.96715,-3.7496,geonames-GB
3869,drymen,Drymen,830,Scotland,Stirling,East and Central Scotland,56.06582,-4.45273,geonames-GB
3870,kilmington,Kilmington,830,England,Devon,South West,50.77805,-3.03935,geonames-GB
3871,pontrhydyfen,Pontrhydyfen,830,Wales,Neath Port Talbot,Wales,51.63435,-3.74469,geonames-GB
3872,port-ellen,Port Ellen,830,Scotland,Argyll and Bute,Highlands and Argyll,55.63333,-6.18333,geonames-GB
3873,ridge,Ridge,830,England,Hertfordshire,East of England,51.68911,-0.24445,geonames-GB
3874,wrentham,Wrentham,830,England,Suffolk,East of England,52.38367,1.66692,geonames-GB
3875,alfriston,Alfriston,829,England,East Sussex,South East,50.80756,0.15673,geonames-GB
3876,blackmore,Blackmore,829,England,Essex,East of England,51.69256,0.31865,geonames-GB
3877,potter-heigham,Potter Heigham,829,England,Norfolk,East of England,52.71754,1.57527,geonames-GB
3878,bawdeswell,Bawdeswell,828,England,Norfolk,East of England,52.74572,1.02902,geonames-GB
3879,cosheston,Cosheston,828,Wales,Pembrokeshire,Wales,51.69653,-4.88882,geonames-GB
3880,helpringham,Helpringham,828,England,Lincolnshire,East Midlands,52.95128,-0.30616,geonames-GB
3881,old-newton,Old Newton,828,England,Suffolk,East of England,52.22349,1.0001,geonames-GB
3882,parson-drove,Parson Drove,828,England,Cambridgeshire,East of England,52.6565,0.02378,geonames-GB
3883,chadlington,Chadlington,827,England,Oxfordshire,South East,51.89493,-1.52538,geonames-GB
3884,nassington,Nassington,827,England,North Northamptonshire,East Midlands,52.55318,-0.43383,geonames-GB
3885,bickershaw,Bickershaw,826,England,Wigan,North West,53.51358,-2.56937,geonames-GB
3886,staithes,Staithes,826,England,North Yorkshire,Yorkshire and the Humber,54.55904,-0.79258,geonames-GB
3887,middleham,Middleham,825,England,North Yorkshire,Yorkshire and the Humber,54.28592,-1.80838,geonames-GB
3888,middleton-on-the-wolds,Middleton on the Wolds,825,England,East Riding of Yorkshire,Yorkshire and the Humber,53.93349,-0.5609,geonames-GB
3889,yatton-keynell,Yatton Keynell,825,England,Wiltshire,South West,51.48612,-2.19337,geonames-GB
3890,bleasby,Bleasby,824,England,Nottinghamshire,East Midlands,53.0394,-0.93524,geonames-GB
3891,hockliffe,Hockliffe,823,England,Central Bedfordshire,East of England,51.93109,-0.58652,geonames-GB
3892,elkesley,Elkesley,822,England,Nottinghamshire,East Midlands,53.27282,-0.97076,geonames-GB
3893,ditton-priors,Ditton Priors,821,England,Shropshire,West Midlands,52.49912,-2.57754,geonames-GB
3894,christow,Christow,820,England,Devon,South West,50.65285,-3.64744,geonames-GB
3895,glenochil-village,Glenochil Village,820,Scotland,Clackmannanshire,East and Central Scotland,56.14077,-3.81432,geonames-GB
3896,sandhaven,Sandhaven,820,Scotland,Aberdeenshire,North East Scotland,57.69722,-2.0634,geonames-GB
3897,woolaston,Woolaston,820,England,Gloucestershire,South West,51.6991,-2.58801,geonames-GB
3898,constantine,Constantine,819,England,Cornwall,South West,50.1189,-5.17595,geonames-GB
3899,fairburn,Fairburn,819,England,North Yorkshire,Yorkshire and the Humber,53.74447,-1.28411,geonames-GB
3900,malborough,Malborough,819,England,Devon,South West,50.2432,-3.8114,geonames-GB
3901,nocton,Nocton,819,England,Lincolnshire,East Midlands,53.16368,-0.41938,geonames-GB
3902,edith-weston,Edith Weston,818,England,Rutland,East Midlands,52.63786,-0.63189,geonames-GB
3903,owslebury,Owslebury,818,England,Hampshire,South East,51.00857,-1.26738,geonames-GB
3904,great-brickhill,Great Brickhill,817,England,Buckinghamshire,South East,51.96622,-0.68753,geonames-GB
3905,laugharne,Laugharne,817,Wales,Carmarthenshire,Wales,51.7714,-4.46253,geonames-GB
3906,caersws,Caersws,816,Wales,Powys,Wales,52.51634,-3.42948,geonames-GB
3907,scopwick,Scopwick,815,England,Lincolnshire,East Midlands,53.10905,-0.40139,geonames-GB
3908,west-runton,West Runton,815,England,Norfolk,East of England,52.9376,1.24386,geonames-GB
3909,cardrona-mains,Cardrona Mains,810,Scotland,Scottish Borders,South East Scotland,55.63776,-3.10523,geonames-GB
3910,padbury,Padbury,810,England,Buckinghamshire,South East,51.97098,-0.95281,geonames-GB
3911,wookey,Wookey,810,England,Somerset,South West,51.20972,-2.69225,geonames-GB
3912,kirklevington,Kirklevington,809,England,Stockton-on-Tees,North East,54.48285,-1.33655,geonames-GB
3913,tilstock,Tilstock,809,England,Shropshire,West Midlands,52.93557,-2.68383,geonames-GB
3914,fenny-compton,Fenny Compton,808,England,Warwickshire,West Midlands,52.16725,-1.39157,geonames-GB
3915,great-finborough,Great Finborough,808,England,Suffolk,East of England,52.1807,0.94302,geonames-GB
3916,pebworth,Pebworth,808,England,Worcestershire,West Midlands,52.11964,-1.81213,geonames-GB
3917,lyng,Lyng,807,England,Norfolk,East of England,52.71667,1.06667,geonames-GB
3918,thurlaston,Thurlaston,807,England,Leicestershire,East Midlands,52.58665,-1.25854,geonames-GB
3919,beaulieu,Beaulieu,806,England,Hampshire,South East,50.82006,-1.44123,geonames-GB
3920,mersham,Mersham,806,England,Kent,South East,51.1192,0.93307,geonames-GB
3921,braithwell,Braithwell,804,England,Doncaster,Yorkshire and the Humber,53.44675,-1.20152,geonames-GB
3922,wigginton,Wigginton,804,England,Hertfordshire,East of England,51.78329,-0.63875,geonames-GB
3923,bonsall,Bonsall,803,England,Derbyshire,East Midlands,53.12114,-1.58455,geonames-GB
3924,stoke-fleming,Stoke Fleming,803,England,Devon,South West,50.32508,-3.59862,geonames-GB
3925,berrynarbor,Berrynarbor,802,England,Devon,South West,51.20106,-4.06151,geonames-GB
3926,chedworth,Chedworth,802,England,Gloucestershire,South West,51.80095,-1.92309,geonames-GB
3927,worlingworth,Worlingworth,802,England,Suffolk,East of England,52.26912,1.25383,geonames-GB
3928,crantock,Crantock,801,England,Cornwall,South West,50.40272,-5.11208,geonames-GB
3929,westbury-sub-mendip,Westbury-sub-Mendip,801,England,Somerset,South West,51.23556,-2.71722,geonames-GB
3930,shoreham,Shoreham,800,England,Kent,South East,51.3334,0.17801,geonames-GB
3931,kirk-merrington,Kirk Merrington,799,England,County Durham,North East,54.67637,-1.59754,geonames-GB
3932,nawton,Nawton,798,England,North Yorkshire,Yorkshire and the Humber,54.2554,-0.99169,geonames-GB
3933,folkingham,Folkingham,796,England,Lincolnshire,East Midlands,52.88923,-0.40735,geonames-GB
3934,fyfield,Fyfield,796,England,Essex,East of England,51.74065,0.26976,geonames-GB
3935,small-dole,Small Dole,796,England,West Sussex,South East,50.89968,-0.27813,geonames-GB
3936,west-butterwick,West Butterwick,795,England,North Lincolnshire,Yorkshire and the Humber,53.54232,-0.74247,geonames-GB
3937,westhead,Westhead,795,England,Lancashire,North West,53.56288,-2.84363,geonames-GB
3938,eagle,Eagle,793,England,Lincolnshire,East Midlands,53.19471,-0.68864,geonames-GB
3939,melbourne-east-riding-of-yorkshire,Melbourne,793,England,East Riding of Yorkshire,Yorkshire and the Humber,53.88755,-0.85925,geonames-GB
3940,breadsall,Breadsall,792,England,Derbyshire,East Midlands,52.95361,-1.45071,geonames-GB
3941,murrow,Murrow,792,England,Cambridgeshire,East of England,52.64257,0.02738,geonames-GB
3942,old-buckenham,Old Buckenham,792,England,Norfolk,East of England,52.48061,1.04143,geonames-GB
3943,calstock,Calstock,790,England,Cornwall,South West,50.49623,-4.20639,geonames-GB
3944,fressingfield,Fressingfield,790,England,Suffolk,East of England,52.34745,1.31767,geonames-GB
3945,whithorn,Whithorn,790,Scotland,Dumfries and Galloway,South Scotland,54.73232,-4.41559,geonames-GB
3946,benenden,Benenden,787,England,Kent,South East,51.06691,0.58125,geonames-GB
3947,childswickham,Childswickham,787,England,Worcestershire,West Midlands,52.0471,-1.89409,geonames-GB
3948,cockshutt,Cockshutt,787,England,Shropshire,West Midlands,52.85706,-2.83803,geonames-GB
3949,lazonby,Lazonby,787,England,Cumbria,North West,54.74751,-2.70384,geonames-GB
3950,moor-row,Moor Row,787,England,Cumbria,North West,54.51515,-3.53725,geonames-GB
3951,swinefleet,Swinefleet,787,England,East Riding of Yorkshire,Yorkshire and the Humber,53.69086,-0.83492,geonames-GB
3952,acton-trussell,Acton Trussell,786,England,Staffordshire,West Midlands,52.76083,-2.09672,geonames-GB
3953,semington,Semington,786,England,Wiltshire,South West,51.34493,-2.14798,geonames-GB
3954,kerry,Kerry,785,Wales,Powys,Wales,52.50156,-3.25862,geonames-GB
3955,cerne-abbas,Cerne Abbas,784,England,Dorset,South West,50.80893,-2.47583,geonames-GB
3956,abersoch,Abersoch,783,Wales,Gwynedd,Wales,52.82437,-4.50584,geonames-GB
3957,broughton-moor,Broughton Moor,783,England,Cumbria,North West,54.68719,-3.4681,geonames-GB
3958,darley,Darley,783,England,North Yorkshire,Yorkshire and the Humber,54.03333,-1.7,geonames-GB
3959,woolfardisworthy,Woolfardisworthy,783,England,Devon,South West,50.96465,-4.37702,geonames-GB
3960,east-huntspill,East Huntspill,782,England,Somerset,South West,51.20232,-2.93976,geonames-GB
3961,harlaxton,Harlaxton,782,England,Lincolnshire,East Midlands,52.88446,-0.68802,geonames-GB
3962,menheniot,Menheniot,782,England,Cornwall,South West,50.44006,-4.41194,geonames-GB
3963,stone-worcestershire,Stone,782,England,Worcestershire,West Midlands,52.36667,-2.2,geonames-GB
3964,clyro,Clyro,781,Wales,Powys,Wales,52.08527,-3.14918,geonames-GB
3965,frant,Frant,781,England,East Sussex,South East,51.0977,0.27191,geonames-GB
3966,lubenham,Lubenham,781,England,Leicestershire,East Midlands,52.4799,-0.96438,geonames-GB
3967,north-marston,North Marston,781,England,Buckinghamshire,South East,51.89901,-0.87702,geonames-GB
3968,barton-stacey,Barton Stacey,780,England,Hampshire,South East,51.1667,-1.37848,geonames-GB
3969,carstairs-junction,Carstairs Junction,780,Scotland,South Lanarkshire,West Central Scotland,55.687,-3.663,geonames-GB
3970,gifford,Gifford,780,Scotland,East Lothian,South East Scotland,55.9033,-2.74592,geonames-GB
3971,horringer,Horringer,780,England,Suffolk,East of England,52.22396,0.6735,geonames-GB
3972,mallaig,Mallaig,780,Scotland,Highland,Highlands and Argyll,57.00293,-5.83082,geonames-GB
3973,whitecross,Whitecross,780,Scotland,Falkirk,East and Central Scotland,55.97349,-3.65935,geonames-GB
3974,buckland-monachorum,Buckland Monachorum,779,England,Devon,South West,50.49481,-4.13056,geonames-GB
3975,east-winch,East Winch,779,England,Norfolk,East of England,52.72039,0.51241,geonames-GB
3976,felton-north-somerset,Felton,779,England,North Somerset,South West,51.38889,-2.68278,geonames-GB
3977,fownhope,Fownhope,779,England,Herefordshire,West Midlands,52.00833,-2.61515,geonames-GB
3978,kemble,Kemble,779,England,Gloucestershire,South West,51.67495,-2.01951,geonames-GB
3979,lutton,Lutton,779,England,Lincolnshire,East Midlands,52.80837,0.12497,geonames-GB
3980,bishop-monkton,Bishop Monkton,778,England,North Yorkshire,Yorkshire and the Humber,54.09299,-1.49572,geonames-GB
3981,gawcott,Gawcott,778,England,Buckinghamshire,South East,51.98136,-1.0101,geonames-GB
3982,loddiswell,Loddiswell,777,England,Devon,South West,50.32267,-3.80024,geonames-GB
3983,north-kelsey,North Kelsey,777,England,Lincolnshire,East Midlands,53.5034,-0.42542,geonames-GB
3984,trefonen,Trefonen,777,England,Shropshire,West Midlands,52.83333,-3.1,geonames-GB
3985,chew-stoke,Chew Stoke,776,England,Bath and North East Somerset,South West,51.35365,-2.63266,geonames-GB
3986,wittersham,Wittersham,776,England,Kent,South East,51.01394,0.70789,geonames-GB
3987,barkway,Barkway,775,England,Hertfordshire,East of England,52.002,0.01541,geonames-GB
3988,headley,Headley,774,England,Surrey,South East,51.2806,-0.27698,geonames-GB
3989,hitcham,Hitcham,774,England,Suffolk,East of England,52.1239,0.89397,geonames-GB
3990,silchester,Silchester,774,England,Hampshire,South East,51.35356,-1.10061,geonames-GB
3991,north-country,North Country,773,England,Cornwall,South West,50.24984,-5.237,geonames-GB
3992,sproughton,Sproughton,772,England,Suffolk,East of England,52.06233,1.09499,geonames-GB
3993,cubert,Cubert,771,England,Cornwall,South West,50.37949,-5.11761,geonames-GB
3994,isham,Isham,771,England,North Northamptonshire,East Midlands,52.35747,-0.70326,geonames-GB
3995,badwell-ash,Badwell Ash,770,England,Suffolk,East of England,52.28333,0.91667,geonames-GB
3996,beenham,Beenham,770,England,West Berkshire,South East,51.41624,-1.14775,geonames-GB
3997,dunston,Dunston,770,England,Lincolnshire,East Midlands,53.15346,-0.41189,geonames-GB
3998,glenfarg,Glenfarg,770,Scotland,Perth and Kinross,East and Central Scotland,56.28006,-3.40027,geonames-GB
3999,kingseat,Kingseat,770,Scotland,Fife,East and Central Scotland,56.09765,-3.40591,geonames-GB
4000,newcastleton,Newcastleton,770,Scotland,Scottish Borders,South East Scotland,55.17908,-2.81336,geonames-GB
4001,pulham-st-mary,Pulham St Mary,770,England,Norfolk,East of England,52.42333,1.24862,geonames-GB
4002,rigside,Rigside,770,Scotland,South Lanarkshire,West Central Scotland,55.59683,-3.78084,geonames-GB
4003,stainton,Stainton,770,England,Cumbria,North West,54.64548,-2.801,geonames-GB
4004,east-challow,East Challow,769,England,Oxfordshire,South East,51.58891,-1.4514,geonames-GB
4005,airmyn,Airmyn,768,England,East Riding of Yorkshire,Yorkshire and the Humber,53.72074,-0.89959,geonames-GB
4006,ewenny,Ewenny,768,Wales,Vale of Glamorgan,Wales,51.48183,-3.57367,geonames-GB
4007,raymond-s-hill,Raymond's Hill,768,England,Devon,South West,50.7624,-2.9682,geonames-GB
4008,lower-stoke,Lower Stoke,766,England,Medway,South East,51.45288,0.63489,geonames-GB
4009,filby,Filby,765,England,Norfolk,East of England,52.65957,1.64271,geonames-GB
4010,long-compton,Long Compton,764,England,Warwickshire,West Midlands,51.99298,-1.58222,geonames-GB
4011,yelvertoft,Yelvertoft,764,England,West Northamptonshire,East Midlands,52.37335,-1.12154,geonames-GB
4012,pelynt,Pelynt,763,England,Cornwall,South West,50.36589,-4.52274,geonames-GB
4013,helmdon,Helmdon,761,England,West Northamptonshire,East Midlands,52.09034,-1.14378,geonames-GB
4014,milton-ernest,Milton Ernest,761,England,Bedford,East of England,52.19302,-0.5114,geonames-GB
4015,weston-upon-trent,Weston upon Trent,761,England,Derbyshire,East Midlands,52.84835,-1.40119,geonames-GB
4016,wetwang,Wetwang,761,England,East Riding of Yorkshire,Yorkshire and the Humber,54.0175,-0.57738,geonames-GB
4017,blackford,Blackford,760,Scotland,Perth and Kinross,East and Central Scotland,56.25959,-3.78312,geonames-GB
4018,bowmore,Bowmore,760,Scotland,Argyll and Bute,Highlands and Argyll,55.75583,-6.28426,geonames-GB
4019,bridgend-west-lothian,Bridgend,760,Scotland,West Lothian,South East Scotland,55.96366,-3.53592,geonames-GB
4020,broadford,Broadford,760,Scotland,Highland,Highlands and Argyll,57.24176,-5.91114,geonames-GB
4021,carnock,Carnock,760,Scotland,Fife,East and Central Scotland,56.08401,-3.53906,geonames-GB
4022,muthill,Muthill,760,Scotland,Perth and Kinross,East and Central Scotland,56.33206,-3.83291,geonames-GB
4023,netherburn,Netherburn,760,Scotland,South Lanarkshire,West Central Scotland,55.70868,-3.90357,geonames-GB
4024,staplecross,Staplecross,760,England,East Sussex,South East,50.97356,0.53576,geonames-GB
4025,symington-south-lanarkshire,Symington,760,Scotland,South Lanarkshire,West Central Scotland,55.59843,-3.5951,geonames-GB
4026,walkerburn,Walkerburn,760,Scotland,Scottish Borders,South East Scotland,55.62328,-3.01468,geonames-GB
4027,odcombe,Odcombe,759,England,Somerset,South West,50.93396,-2.70229,geonames-GB
4028,sellindge,Sellindge,759,England,Kent,South East,51.10297,1.00546,geonames-GB
4029,shareshill,Shareshill,759,England,Staffordshire,West Midlands,52.65602,-2.08141,geonames-GB
4030,kirkby-thore,Kirkby Thore,758,England,Cumbria,North West,54.62536,-2.56205,geonames-GB
4031,arlecdon,Arlecdon,757,England,Cumbria,North West,54.55395,-3.47022,geonames-GB
4032,hundon,Hundon,757,England,Suffolk,East of England,52.10988,0.53644,geonames-GB
4033,stockbridge,Stockbridge,757,England,Hampshire,South East,51.11398,-1.48839,geonames-GB
4034,wigmore,Wigmore,757,England,Herefordshire,West Midlands,52.31474,-2.85802,geonames-GB
4035,brailsford,Brailsford,756,England,Derbyshire,East Midlands,52.96985,-1.62215,geonames-GB
4036,brigham,Brigham,756,England,Cumbria,North West,54.65894,-3.41648,geonames-GB
4037,lindal-in-furness,Lindal in Furness,755,England,Cumbria,North West,54.17321,-3.14956,geonames-GB
4038,sporle,Sporle,755,England,Norfolk,East of England,52.66573,0.73226,geonames-GB
4039,high-easter,High Easter,754,England,Essex,East of England,51.80824,0.34912,geonames-GB
4040,snainton,Snainton,754,England,North Yorkshire,Yorkshire and the Humber,54.22758,-0.58659,geonames-GB
4041,ashton-under-hill,Ashton under Hill,753,England,Worcestershire,West Midlands,52.04139,-2.00549,geonames-GB
4042,barlow,Barlow,753,England,North Yorkshire,Yorkshire and the Humber,53.74993,-1.02164,geonames-GB
4043,holmesfield,Holmesfield,753,England,Derbyshire,East Midlands,53.29541,-1.51761,geonames-GB
4044,wilbarston,Wilbarston,753,England,North Northamptonshire,East Midlands,52.48636,-0.8033,geonames-GB
4045,barnack,Barnack,752,England,Peterborough,East of England,52.63181,-0.40821,geonames-GB
4046,seisdon,Seisdon,752,England,Staffordshire,West Midlands,52.55126,-2.23662,geonames-GB
4047,brimfield,Brimfield,751,England,Herefordshire,West Midlands,52.30671,-2.69618,geonames-GB
4048,willington-bedford,Willington,751,England,Bedford,East of England,52.13409,-0.37235,geonames-GB
4049,aberfoyle,Aberfoyle,750,Scotland,Stirling,East and Central Scotland,56.17861,-4.38419,geonames-GB
4050,auchinloch,Auchinloch,750,Scotland,North Lanarkshire,West Central Scotland,55.90992,-4.14817,geonames-GB
4051,cassington,Cassington,750,England,Oxfordshire,South East,51.79017,-1.3505,geonames-GB
4052,gargunnock,Gargunnock,750,Scotland,Stirling,East and Central Scotland,56.12474,-4.08319,geonames-GB
4053,gourdon,Gourdon,750,Scotland,Aberdeenshire,North East Scotland,56.82979,-2.28641,geonames-GB
4054,kingseat-aberdeenshire,Kingseat,750,Scotland,Aberdeenshire,North East Scotland,57.26194,-2.15924,geonames-GB
4055,quarrier-s-village,Quarrier's Village,750,Scotland,Inverclyde,West Central Scotland,55.86638,-4.62267,geonames-GB
4056,quarter,Quarter,750,Scotland,South Lanarkshire,West Central Scotland,55.73835,-4.03197,geonames-GB
4057,saint-fergus,Saint Fergus,750,Scotland,Aberdeenshire,North East Scotland,57.55958,-1.84311,geonames-GB
4058,tintern,Tintern,750,Wales,Monmouthshire,Wales,51.69677,-2.68142,geonames-GB
4059,ashley,Ashley,749,England,Cambridgeshire,East of England,52.22643,0.48409,geonames-GB
4060,great-offley,Great Offley,748,England,Hertfordshire,East of England,51.92752,-0.33568,geonames-GB
4061,winsham,Winsham,748,England,Somerset,South West,50.85364,-2.8892,geonames-GB
4062,llandyrnog,Llandyrnog,747,Wales,Denbighshire,Wales,53.17505,-3.33646,geonames-GB
4063,wickhamford,Wickhamford,747,England,Worcestershire,West Midlands,52.07217,-1.90141,geonames-GB
4064,forden,Forden,745,Wales,Powys,Wales,52.61502,-3.12324,geonames-GB
4065,kirdford,Kirdford,745,England,West Sussex,South East,51.02987,-0.5497,geonames-GB
4066,misson,Misson,745,England,Nottinghamshire,East Midlands,53.44763,-0.96639,geonames-GB
4067,yardley-hastings,Yardley Hastings,745,England,West Northamptonshire,East Midlands,52.2055,-0.73488,geonames-GB
4068,brant-broughton,Brant Broughton,744,England,Lincolnshire,East Midlands,53.0777,-0.63259,geonames-GB
4069,haselbury-plucknett,Haselbury Plucknett,744,England,Somerset,South West,50.89462,-2.75197,geonames-GB
4070,newdigate,Newdigate,744,England,Surrey,South East,51.16664,-0.29105,geonames-GB
4071,parc-seymour,Parc Seymour,744,Wales,Newport,Wales,51.62194,-2.8575,geonames-GB
4072,long-preston,Long Preston,742,England,North Yorkshire,Yorkshire and the Humber,54.01938,-2.25678,geonames-GB
4073,slimbridge,Slimbridge,742,England,Gloucestershire,South West,51.73104,-2.37888,geonames-GB
4074,borden,Borden,741,England,Kent,South East,51.33426,0.70038,geonames-GB
4075,mark,Mark,741,England,Somerset,South West,51.22699,-2.89014,geonames-GB
4076,marsworth,Marsworth,741,England,Buckinghamshire,South East,51.82246,-0.66613,geonames-GB
4077,bridgend-aberdeenshire,Bridgend,740,Scotland,Aberdeenshire,North East Scotland,57.4,-2.81667,geonames-GB
4078,cromarty,Cromarty,740,Scotland,Highland,Highlands and Argyll,57.68095,-4.0341,geonames-GB
4079,stow,Stow,740,Scotland,Scottish Borders,South East Scotland,55.69357,-2.86414,geonames-GB
4080,oakhill,Oakhill,739,England,Somerset,South West,51.22361,-2.52639,geonames-GB
4081,blackford-somerset,Blackford,736,England,Somerset,South West,51.22611,-2.84778,geonames-GB
4082,fritwell,Fritwell,736,England,Oxfordshire,South East,51.95974,-1.23291,geonames-GB
4083,north-crawley,North Crawley,736,England,Milton Keynes,South East,52.09298,-0.64859,geonames-GB
4084,northwold,Northwold,736,England,Norfolk,East of England,52.54452,0.58425,geonames-GB
4085,great-totham,Great Totham,735,England,Essex,East of England,51.78567,0.71097,geonames-GB
4086,melsonby,Melsonby,735,England,North Yorkshire,Yorkshire and the Humber,54.47253,-1.69481,geonames-GB
4087,belton-leicestershire,Belton,734,England,Leicestershire,East Midlands,52.78314,-1.3381,geonames-GB
4088,edington,Edington,734,England,Wiltshire,South West,51.27583,-2.10639,geonames-GB
4089,packington,Packington,734,England,Leicestershire,East Midlands,52.72855,-1.46616,geonames-GB
4090,sutton-veny,Sutton Veny,734,England,Wiltshire,South West,51.17822,-2.14987,geonames-GB
4091,marham,Marham,733,England,Norfolk,East of England,52.65921,0.52159,geonames-GB
4092,peterchurch,Peterchurch,732,England,Herefordshire,West Midlands,52.04188,-2.95566,geonames-GB
4093,styrrup,Styrrup,732,England,Nottinghamshire,East Midlands,53.40887,-1.08919,geonames-GB
4094,maenclochog,Maenclochog,731,Wales,Pembrokeshire,Wales,51.91183,-4.78754,geonames-GB
4095,stoke-st-michael,Stoke St Michael,731,England,Somerset,South West,51.22098,-2.4824,geonames-GB
4096,carno,Carno,730,Wales,Powys,Wales,52.5599,-3.53545,geonames-GB
4097,chalgrave,Chalgrave,730,England,Central Bedfordshire,East of England,51.93512,-0.53633,geonames-GB
4098,loans,Loans,730,Scotland,South Ayrshire,West Central Scotland,55.5504,-4.6241,geonames-GB
4099,newtyle,Newtyle,730,Scotland,Angus,East and Central Scotland,56.55874,-3.14583,geonames-GB
4100,stathern,Stathern,728,England,Leicestershire,East Midlands,52.87203,-0.85522,geonames-GB
4101,twigworth,Twigworth,728,England,Gloucestershire,South West,51.90059,-2.22271,geonames-GB
4102,bicker,Bicker,727,England,Lincolnshire,East Midlands,52.92163,-0.17956,geonames-GB
4103,ilton,Ilton,727,England,Somerset,South West,50.95428,-2.92473,geonames-GB
4104,nettlebed,Nettlebed,727,England,Oxfordshire,South East,51.57547,-0.98963,geonames-GB
4105,carlton-stockton-on-tees,Carlton,726,England,Stockton-on-Tees,North East,54.59004,-1.39117,geonames-GB
4106,yoxford,Yoxford,726,England,Suffolk,East of England,52.26819,1.50681,geonames-GB
4107,aberdyfi,Aberdyfi,725,Wales,Gwynedd,Wales,52.544,-4.04606,geonames-GB
4108,middlezoy,Middlezoy,725,England,Somerset,South West,51.09083,-2.89278,geonames-GB
4109,bearley,Bearley,724,England,Warwickshire,West Midlands,52.24357,-1.7379,geonames-GB
4110,reeth,Reeth,724,England,North Yorkshire,Yorkshire and the Humber,54.38746,-1.94475,geonames-GB
4111,west-meon,West Meon,724,England,Hampshire,South East,51.0124,-1.08833,geonames-GB
4112,cople,Cople,722,England,Bedford,East of England,52.12342,-0.38933,geonames-GB
4113,flushing,Flushing,722,England,Cornwall,South West,50.16486,-5.06976,geonames-GB
4114,condover,Condover,721,England,Shropshire,West Midlands,52.6483,-2.75025,geonames-GB
4115,fairbourne,Fairbourne,721,Wales,Gwynedd,Wales,52.6968,-4.0561,geonames-GB
4116,north-molton,North Molton,721,England,Devon,South West,51.05394,-3.79909,geonames-GB
4117,port-isaac,Port Isaac,721,England,Cornwall,South West,50.59309,-4.82878,geonames-GB
4118,dullatur,Dullatur,720,Scotland,North Lanarkshire,West Central Scotland,55.96791,-4.01064,geonames-GB
4119,great-stukeley,Great Stukeley,720,England,Cambridgeshire,East of England,52.35657,-0.21071,geonames-GB
4120,killin,Killin,720,Scotland,Stirling,East and Central Scotland,56.46667,-4.31667,geonames-GB
4121,tarland,Tarland,720,Scotland,Aberdeenshire,North East Scotland,57.12793,-2.8604,geonames-GB
4122,west-felton,West Felton,720,England,Shropshire,West Midlands,52.82491,-2.97352,geonames-GB
4123,rhigos,Rhigos,718,Wales,Rhondda Cynon Taf,Wales,51.74231,-3.56185,geonames-GB
4124,bucknell,Bucknell,717,England,Shropshire,West Midlands,52.35997,-2.95066,geonames-GB
4125,cropredy,Cropredy,717,England,Oxfordshire,South East,52.11745,-1.31764,geonames-GB
4126,cheswardine,Cheswardine,716,England,Shropshire,West Midlands,52.86503,-2.4184,geonames-GB
4127,kingsley-staffordshire,Kingsley,716,England,Staffordshire,West Midlands,53.01667,-1.98333,geonames-GB
4128,dodleston,Dodleston,715,England,Cheshire West and Chester,North West,53.14466,-2.95571,geonames-GB
4129,flax-bourton,Flax Bourton,715,England,North Somerset,South West,51.42122,-2.70522,geonames-GB
4130,kenninghall,Kenninghall,714,England,Norfolk,East of England,52.43478,0.99662,geonames-GB
4131,beyton,Beyton,713,England,Suffolk,East of England,52.234,0.82973,geonames-GB
4132,orford,Orford,713,England,Suffolk,East of England,52.09572,1.53448,geonames-GB
4133,butleigh,Butleigh,712,England,Somerset,South West,51.10084,-2.68508,geonames-GB
4134,ilmington,Ilmington,712,England,Warwickshire,West Midlands,52.08921,-1.69138,geonames-GB
4135,madley,Madley,712,England,Herefordshire,West Midlands,52.04555,-2.85091,geonames-GB
4136,pontrhydfendigaid,Pontrhydfendigaid,712,Wales,Ceredigion,Wales,52.28258,-3.863,geonames-GB
4137,poughill,Poughill,712,England,Cornwall,South West,50.84295,-4.52727,geonames-GB
4138,aylburton,Aylburton,711,England,Gloucestershire,South West,51.71506,-2.55312,geonames-GB
4139,finchingfield,Finchingfield,711,England,Essex,East of England,51.96841,0.45129,geonames-GB
4140,slaley,Slaley,711,England,Northumberland,North East,54.91368,-2.03711,geonames-GB
4141,syresham,Syresham,711,England,West Northamptonshire,East Midlands,52.06809,-1.0821,geonames-GB
4142,crossford-south-lanarkshire,Crossford,710,Scotland,South Lanarkshire,West Central Scotland,55.7,-3.86667,geonames-GB
4143,ley-hill,Ley Hill,710,England,Buckinghamshire,South East,51.70807,-0.56948,geonames-GB
4144,solva,Solva,710,Wales,Pembrokeshire,Wales,51.87404,-5.19683,geonames-GB
4145,allendale-town,Allendale Town,709,England,Northumberland,North East,54.89732,-2.25653,geonames-GB
4146,binfield-heath,Binfield Heath,709,England,Oxfordshire,South East,51.50062,-0.92594,geonames-GB
4147,harmston,Harmston,709,England,Lincolnshire,East Midlands,53.14808,-0.54752,geonames-GB
4148,ickleton,Ickleton,709,England,Cambridgeshire,East of England,52.07228,0.17737,geonames-GB
4149,greatworth,Greatworth,708,England,West Northamptonshire,East Midlands,52.07666,-1.19618,geonames-GB
4150,maxey,Maxey,708,England,Peterborough,East of England,52.65836,-0.33404,geonames-GB
4151,penshurst,Penshurst,708,England,Kent,South East,51.17267,0.18282,geonames-GB
4152,swaffham-bulbeck,Swaffham Bulbeck,708,England,Cambridgeshire,East of England,52.23821,0.27698,geonames-GB
4153,cressage,Cressage,707,England,Shropshire,West Midlands,52.63355,-2.60502,geonames-GB
4154,shebbear,Shebbear,707,England,Devon,South West,50.86255,-4.21446,geonames-GB
4155,instow,Instow,706,England,Devon,South West,51.05369,-4.17918,geonames-GB
4156,ampleforth,Ampleforth,705,England,North Yorkshire,Yorkshire and the Humber,54.19956,-1.10691,geonames-GB
4157,beckermet,Beckermet,704,England,Cumbria,North West,54.45,-3.51667,geonames-GB
4158,crymych,Crymych,704,Wales,Pembrokeshire,Wales,51.97361,-4.64722,geonames-GB
4159,lode,Lode,704,England,Cambridgeshire,East of England,52.24122,0.24438,geonames-GB
4160,stetchworth,Stetchworth,704,England,Cambridgeshire,East of England,52.2,0.4,geonames-GB
4161,thundridge,Thundridge,704,England,Hertfordshire,East of England,51.83628,-0.03472,geonames-GB
4162,gawsworth,Gawsworth,703,England,Cheshire East,North West,53.23178,-2.17014,geonames-GB
4163,woodton,Woodton,703,England,Norfolk,East of England,52.49548,1.37617,geonames-GB
4164,great-oakley,Great Oakley,702,England,Essex,East of England,51.90308,1.18807,geonames-GB
4165,hambledon,Hambledon,702,England,Hampshire,South East,50.93155,-1.08104,geonames-GB
4166,stadhampton,Stadhampton,702,England,Oxfordshire,South East,51.68131,-1.13138,geonames-GB
4167,upton-norfolk,Upton,702,England,Norfolk,East of England,52.65843,1.54476,geonames-GB
4168,hastingwood,Hastingwood,700,England,Essex,East of England,51.7476,0.15115,geonames-GB
4169,henlade,Henlade,700,England,Somerset,South West,51.0113,-3.0422,geonames-GB
4170,st-day,St. Day,700,England,Cornwall,South West,50.23958,-5.18572,geonames-GB
4171,stuartfield,Stuartfield,700,Scotland,Aberdeenshire,North East Scotland,57.50303,-2.04637,geonames-GB
4172,catfield,Catfield,699,England,Norfolk,East of England,52.73972,1.53482,geonames-GB
4173,gringley-on-the-hill,Gringley on the Hill,699,England,Nottinghamshire,East Midlands,53.40813,-0.89279,geonames-GB
4174,hartpury,Hartpury,699,England,Gloucestershire,South West,51.92419,-2.29314,geonames-GB
4175,heversham,Heversham,699,England,Cumbria,North West,54.24217,-2.7742,geonames-GB
4176,great-kimble,Great Kimble,698,England,Buckinghamshire,South East,51.74738,-0.8095,geonames-GB
4177,lee,Lee,698,England,Buckinghamshire,South East,51.7307,-0.70004,geonames-GB
4178,wick-vale-of-glamorgan,Wick,698,Wales,Vale of Glamorgan,Wales,51.43944,-3.54944,geonames-GB
4179,wicken,Wicken,698,England,Cambridgeshire,East of England,52.31278,0.29719,geonames-GB
4180,ford,Ford,697,England,Shropshire,West Midlands,52.71693,-2.86881,geonames-GB
4181,mousehole,Mousehole,697,England,Cornwall,South West,50.08313,-5.53921,geonames-GB
4182,bishop-burton,Bishop Burton,696,England,East Riding of Yorkshire,Yorkshire and the Humber,53.84562,-0.49811,geonames-GB
4183,dinton,Dinton,696,England,Wiltshire,South West,51.08333,-1.98333,geonames-GB
4184,clifton-upon-teme,Clifton upon Teme,695,England,Worcestershire,West Midlands,52.25218,-2.42154,geonames-GB
4185,fillongley,Fillongley,695,England,Warwickshire,West Midlands,52.48252,-1.58727,geonames-GB
4186,great-ryburgh,Great Ryburgh,694,England,Norfolk,East of England,52.80823,0.90097,geonames-GB
4187,netherseal,Netherseal,694,England,Derbyshire,East Midlands,52.7154,-1.57722,geonames-GB
4188,new-quay,New Quay,694,Wales,Ceredigion,Wales,52.21515,-4.35887,geonames-GB
4189,thurleigh,Thurleigh,694,England,Bedford,East of England,52.21471,-0.46354,geonames-GB
4190,croyde,Croyde,693,England,Devon,South West,51.13002,-4.22454,geonames-GB
4191,skipsea,Skipsea,693,England,East Riding of Yorkshire,Yorkshire and the Humber,53.97674,-0.22084,geonames-GB
4192,tetsworth,Tetsworth,693,England,Oxfordshire,South East,51.70961,-1.00564,geonames-GB
4193,clydach-monmouthshire,Clydach,692,Wales,Monmouthshire,Wales,51.8102,-3.12109,geonames-GB
4194,guilsborough,Guilsborough,692,England,West Northamptonshire,East Midlands,52.35125,-1.01016,geonames-GB
4195,easington-east-riding-of-yorkshire,Easington,691,England,East Riding of Yorkshire,Yorkshire and the Humber,53.65359,0.11501,geonames-GB
4196,failand,Failand,691,England,North Somerset,South West,51.43982,-2.68924,geonames-GB
4197,rolvenden,Rolvenden,691,England,Kent,South East,51.05111,0.63068,geonames-GB
4198,wethersfield,Wethersfield,691,England,Essex,East of England,51.95358,0.48885,geonames-GB
4199,ashley-green,Ashley Green,690,England,Buckinghamshire,South East,51.73734,-0.58743,geonames-GB
4200,avonbridge,Avonbridge,690,Scotland,Falkirk,East and Central Scotland,55.93444,-3.74493,geonames-GB
4201,burrelton,Burrelton,690,Scotland,Perth and Kinross,East and Central Scotland,56.52135,-3.30147,geonames-GB
4202,burton-leonard,Burton Leonard,690,England,North Yorkshire,Yorkshire and the Humber,54.0691,-1.50116,geonames-GB
4203,dechmont,Dechmont,690,Scotland,West Lothian,South East Scotland,55.92091,-3.53567,geonames-GB
4204,kirk-smeaton,Kirk Smeaton,688,England,North Yorkshire,Yorkshire and the Humber,53.64433,-1.21785,geonames-GB
4205,saxlingham-nethergate,Saxlingham Nethergate,688,England,Norfolk,East of England,52.52998,1.28565,geonames-GB
4206,woodplumpton,Woodplumpton,688,England,Lancashire,North West,53.8073,-2.75915,geonames-GB
4207,carhampton,Carhampton,687,England,Somerset,South West,51.17453,-3.42142,geonames-GB
4208,cloughton,Cloughton,687,England,North Yorkshire,Yorkshire and the Humber,54.33833,-0.44862,geonames-GB
4209,dolton,Dolton,687,England,Devon,South West,50.89169,-4.03066,geonames-GB
4210,naseby,Naseby,687,England,West Northamptonshire,East Midlands,52.39422,-0.98927,geonames-GB
4211,breedon-on-the-hill,Breedon on the Hill,686,England,Leicestershire,East Midlands,52.80196,-1.40298,geonames-GB
4212,chideock,Chideock,686,England,Dorset,South West,50.73216,-2.8192,geonames-GB
4213,denbury,Denbury,686,England,Devon,South West,50.50768,-3.66065,geonames-GB
4214,gazeley,Gazeley,686,England,Suffolk,East of England,52.24872,0.51782,geonames-GB
4215,high-ercall,High Ercall,686,England,Telford and Wrekin,West Midlands,52.75414,-2.60239,geonames-GB
4216,childer-thornton,Childer Thornton,685,England,Cheshire West and Chester,North West,53.29339,-2.97429,geonames-GB
4217,ford-end,Ford End,685,England,Essex,East of England,51.82508,0.4313,geonames-GB
4218,nettleton,Nettleton,685,England,Lincolnshire,East Midlands,53.48519,-0.33057,geonames-GB
4219,castle-camps,Castle Camps,684,England,Cambridgeshire,East of England,52.06334,0.37989,geonames-GB
4220,martin,Martin,684,England,Lincolnshire,East Midlands,53.12499,-0.32719,geonames-GB
4221,badsworth,Badsworth,682,England,Wakefield,Yorkshire and the Humber,53.62876,-1.30128,geonames-GB
4222,burton-bradstock,Burton Bradstock,682,England,Dorset,South West,50.70289,-2.72777,geonames-GB
4223,shiplake,Shiplake,682,England,Oxfordshire,South East,51.50062,-0.9026,geonames-GB
4224,fittleworth,Fittleworth,681,England,West Sussex,South East,50.9644,-0.56185,geonames-GB
4225,bedmond,Bedmond,680,England,Hertfordshire,East of England,51.72089,-0.4107,geonames-GB
4226,broad-chalke,Broad Chalke,680,England,Wiltshire,South West,51.02724,-1.94847,geonames-GB
4227,clun,Clun,680,England,Shropshire,West Midlands,52.42141,-3.02753,geonames-GB
4228,eaglesfield,Eaglesfield,680,Scotland,Dumfries and Galloway,South Scotland,55.05901,-3.1972,geonames-GB
4229,ickford,Ickford,680,England,Buckinghamshire,South East,51.76147,-1.06104,geonames-GB
4230,sandleheath,Sandleheath,680,England,Hampshire,South East,50.88333,-1.81667,geonames-GB
4231,wallacestone,Wallacestone,680,Scotland,Falkirk,East and Central Scotland,55.97721,-3.73368,geonames-GB
4232,west-barns,West Barns,680,Scotland,East Lothian,South East Scotland,55.9938,-2.55346,geonames-GB
4233,ellingham,Ellingham,679,England,Norfolk,East of England,52.48084,1.48839,geonames-GB
4234,elton,Elton,679,England,Cambridgeshire,East of England,52.53134,-0.39534,geonames-GB
4235,north-luffenham,North Luffenham,679,England,Rutland,East Midlands,52.62108,-0.61987,geonames-GB
4236,kelbrook,Kelbrook,678,England,Lancashire,North West,53.89837,-2.15108,geonames-GB
4237,clunderwen,Clunderwen,677,Wales,Pembrokeshire,Wales,51.84056,-4.73167,geonames-GB
4238,manuden,Manuden,677,England,Essex,East of England,51.91891,0.1672,geonames-GB
4239,hurstbourne-tarrant,Hurstbourne Tarrant,676,England,Hampshire,South East,51.27627,-1.45298,geonames-GB
4240,otley-suffolk,Otley,676,England,Suffolk,East of England,52.15134,1.22,geonames-GB
4241,bishampton,Bishampton,675,England,Worcestershire,West Midlands,52.16204,-2.01677,geonames-GB
4242,droxford,Droxford,675,England,Hampshire,South East,50.96059,-1.13811,geonames-GB
4243,green-hammerton,Green Hammerton,675,England,North Yorkshire,Yorkshire and the Humber,54.0051,-1.30134,geonames-GB
4244,thorverton,Thorverton,674,England,Devon,South West,50.80794,-3.52816,geonames-GB
4245,hauxton,Hauxton,673,England,Cambridgeshire,East of England,52.14892,0.1018,geonames-GB
4246,hill-mountain,Hill Mountain,673,Wales,Pembrokeshire,Wales,51.73667,-4.93139,geonames-GB
4247,lydden,Lydden,673,England,Kent,South East,51.16304,1.23536,geonames-GB
4248,broadhempston,Broadhempston,672,England,Devon,South West,50.48374,-3.68972,geonames-GB
4249,carway,Carway,672,Wales,Carmarthenshire,Wales,51.73669,-4.22832,geonames-GB
4250,alfold-crossways,Alfold Crossways,671,England,Surrey,South East,51.10781,-0.51494,geonames-GB
4251,pitsford,Pitsford,671,England,West Northamptonshire,East Midlands,52.30345,-0.89821,geonames-GB
4252,st-mary-bourne,St Mary Bourne,671,England,Hampshire,South East,51.25419,-1.40325,geonames-GB
4253,diseworth,Diseworth,670,England,Leicestershire,East Midlands,52.81635,-1.33106,geonames-GB
4254,fort-augustus,Fort Augustus,670,Scotland,Highland,Highlands and Argyll,57.14313,-4.68224,geonames-GB
4255,gardenstown,Gardenstown,670,Scotland,Aberdeenshire,North East Scotland,57.67199,-2.33762,geonames-GB
4256,johnshaven,Johnshaven,670,Scotland,Aberdeenshire,North East Scotland,56.79427,-2.33624,geonames-GB
4257,kirkhill,Kirkhill,670,Scotland,Highland,Highlands and Argyll,57.47662,-4.41324,geonames-GB
4258,shere,Shere,670,England,Surrey,South East,51.22086,-0.46597,geonames-GB
4259,west-pennard,West Pennard,670,England,Somerset,South West,51.14074,-2.64676,geonames-GB
4260,weston-under-penyard,Weston under Penyard,670,England,Herefordshire,West Midlands,51.90778,-2.53691,geonames-GB
4261,wexham-street,Wexham Street,670,England,Buckinghamshire,South East,51.54289,-0.57303,geonames-GB
4262,bourn,Bourn,669,England,Cambridgeshire,East of England,52.19246,-0.06403,geonames-GB
4263,fovant,Fovant,669,England,Wiltshire,South West,51.05593,-1.9921,geonames-GB
4264,gislingham,Gislingham,669,England,Suffolk,East of England,52.3036,1.04198,geonames-GB
4265,lawshall,Lawshall,669,England,Suffolk,East of England,52.15509,0.72846,geonames-GB
4266,swimbridge,Swimbridge,669,England,Devon,South West,51.0528,-3.97073,geonames-GB
4267,derrington,Derrington,668,England,Staffordshire,West Midlands,52.80087,-2.16268,geonames-GB
4268,osmotherley,Osmotherley,668,England,North Yorkshire,Yorkshire and the Humber,54.36843,-1.29916,geonames-GB
4269,upper-denby,Upper Denby,668,England,Kirklees,Yorkshire and the Humber,53.56094,-1.65769,geonames-GB
4270,gweek,Gweek,667,England,Cornwall,South West,50.09597,-5.20749,geonames-GB
4271,tytherington,Tytherington,666,England,South Gloucestershire,South West,51.5925,-2.47972,geonames-GB
4272,brookenby,Brookenby,665,England,Lincolnshire,East Midlands,53.44109,-0.19295,geonames-GB
4273,framfield,Framfield,665,England,East Sussex,South East,50.96337,0.12763,geonames-GB
4274,slingsby,Slingsby,665,England,North Yorkshire,Yorkshire and the Humber,54.16429,-0.93444,geonames-GB
4275,baydon,Baydon,664,England,Wiltshire,South West,51.50043,-1.59701,geonames-GB
4276,pattishall,Pattishall,664,England,West Northamptonshire,East Midlands,52.18293,-1.02085,geonames-GB
4277,wimbotsham,Wimbotsham,664,England,Norfolk,East of England,52.61962,0.38864,geonames-GB
4278,nether-kellet,Nether Kellet,663,England,Lancashire,North West,54.10686,-2.75783,geonames-GB
4279,upham,Upham,663,England,Hampshire,South East,50.98253,-1.23493,geonames-GB
4280,barley,Barley,662,England,Hertfordshire,East of England,52.0262,0.03862,geonames-GB
4281,llangattock,Llangattock,662,Wales,Powys,Wales,51.85184,-3.14778,geonames-GB
4282,auldearn,Auldearn,660,Scotland,Highland,Highlands and Argyll,57.57485,-3.80416,geonames-GB
4283,gauldry,Gauldry,660,Scotland,Fife,East and Central Scotland,56.40469,-3.0106,geonames-GB
4284,guardbridge,Guardbridge,660,Scotland,Fife,East and Central Scotland,56.36575,-2.88795,geonames-GB
4285,haggs,Haggs,660,Scotland,Falkirk,East and Central Scotland,55.98962,-3.93756,geonames-GB
4286,jordans,Jordans,660,England,Buckinghamshire,South East,51.61495,-0.59197,geonames-GB
4287,nethy-bridge,Nethy Bridge,660,Scotland,Highland,Highlands and Argyll,57.26487,-3.65609,geonames-GB
4288,new-deer,New Deer,660,Scotland,Aberdeenshire,North East Scotland,57.51411,-2.19495,geonames-GB
4289,rhosgadfan,Rhosgadfan,660,Wales,Gwynedd,Wales,53.08995,-4.23296,geonames-GB
4290,rosemarkie,Rosemarkie,660,Scotland,Highland,Highlands and Argyll,57.5915,-4.11519,geonames-GB
4291,saint-combs,Saint Combs,660,Scotland,Aberdeenshire,North East Scotland,57.65761,-1.91066,geonames-GB
4292,wereham,Wereham,660,England,Norfolk,East of England,52.58583,0.48118,geonames-GB
4293,ashover,Ashover,659,England,Derbyshire,East Midlands,53.16577,-1.47898,geonames-GB
4294,chacombe,Chacombe,659,England,West Northamptonshire,East Midlands,52.09036,-1.28278,geonames-GB
4295,newton-solney,Newton Solney,659,England,Derbyshire,East Midlands,52.8288,-1.58289,geonames-GB
4296,detling,Detling,658,England,Kent,South East,51.29459,0.56987,geonames-GB
4297,marhamchurch,Marhamchurch,658,England,Cornwall,South West,50.80513,-4.52241,geonames-GB
4298,zeals,Zeals,658,England,Wiltshire,South West,51.08558,-2.3123,geonames-GB
4299,runcton-holme,Runcton Holme,657,England,Norfolk,East of England,52.6547,0.38907,geonames-GB
4300,westbury-shropshire,Westbury,657,England,Shropshire,West Midlands,52.67856,-2.95433,geonames-GB
4301,bramshall,Bramshall,656,England,Staffordshire,West Midlands,52.89517,-1.91055,geonames-GB
4302,little-plumstead,Little Plumstead,656,England,Norfolk,East of England,52.65822,1.41921,geonames-GB
4303,otterton,Otterton,656,England,Devon,South West,50.66014,-3.29802,geonames-GB
4304,shobdon,Shobdon,656,England,Herefordshire,West Midlands,52.25116,-2.88325,geonames-GB
4305,bubbenhall,Bubbenhall,655,England,Warwickshire,West Midlands,52.34774,-1.4674,geonames-GB
4306,duddon,Duddon,655,England,Cheshire West and Chester,North West,53.17737,-2.73059,geonames-GB
4307,blackmill,Blackmill,654,Wales,Bridgend,Wales,51.56843,-3.53932,geonames-GB
4308,goldhanger,Goldhanger,654,England,Essex,East of England,51.7485,0.75239,geonames-GB
4309,great-wilbraham,Great Wilbraham,654,England,Cambridgeshire,East of England,52.19346,0.26698,geonames-GB
4310,greystoke,Greystoke,654,England,Cumbria,North West,54.66907,-2.87275,geonames-GB
4311,otterburn,Otterburn,654,England,Northumberland,North East,55.2334,-2.18059,geonames-GB
4312,stoke-canon,Stoke Canon,654,England,Devon,South West,50.77146,-3.50773,geonames-GB
4313,hopton-suffolk,Hopton,653,England,Suffolk,East of England,52.37293,0.92689,geonames-GB
4314,winterborne-stickland,Winterborne Stickland,653,England,Dorset,South West,50.84078,-2.23556,geonames-GB
4315,cheriton-bishop,Cheriton Bishop,652,England,Devon,South West,50.72415,-3.74098,geonames-GB
4316,islip,Islip,652,England,Oxfordshire,South East,51.82368,-1.23699,geonames-GB
4317,walkeringham,Walkeringham,652,England,Nottinghamshire,East Midlands,53.42551,-0.8441,geonames-GB
4318,winterbourne-abbas,Winterbourne Abbas,652,England,Dorset,South West,50.71369,-2.54419,geonames-GB
4319,aynho,Aynho,651,England,West Northamptonshire,East Midlands,51.99466,-1.25218,geonames-GB
4320,rollesby,Rollesby,651,England,Norfolk,East of England,52.68353,1.63382,geonames-GB
4321,south-ferriby,South Ferriby,651,England,North Lincolnshire,Yorkshire and the Humber,53.67603,-0.50474,geonames-GB
4322,alpington,Alpington,650,England,Norfolk,East of England,52.56728,1.38229,geonames-GB
4323,ballachulish,Ballachulish,650,Scotland,Highland,Highlands and Argyll,56.67575,-5.13851,geonames-GB
4324,bradworthy,Bradworthy,650,England,Devon,South West,50.90218,-4.38368,geonames-GB
4325,broad-hinton,Broad Hinton,650,England,Wiltshire,South West,51.4887,-1.84786,geonames-GB
4326,chapelton,Chapelton,650,Scotland,South Lanarkshire,West Central Scotland,55.71204,-4.09629,geonames-GB
4327,cragg-vale,Cragg vale,650,England,Calderdale,Yorkshire and the Humber,53.70616,-1.99934,geonames-GB
4328,creetown,Creetown,650,Scotland,Dumfries and Galloway,South Scotland,54.90238,-4.3799,geonames-GB
4329,denholm,Denholm,650,Scotland,Scottish Borders,South East Scotland,55.45699,-2.68497,geonames-GB
4330,east-budleigh,East Budleigh,650,England,Devon,South West,50.65259,-3.31952,geonames-GB
4331,fulford,Fulford,650,England,Staffordshire,West Midlands,52.93818,-2.0721,geonames-GB
4332,kyle-of-lochalsh,Kyle of Lochalsh,650,Scotland,Highland,Highlands and Argyll,57.28387,-5.71117,geonames-GB
4333,morningside,Morningside,650,Scotland,North Lanarkshire,West Central Scotland,55.77637,-3.86761,geonames-GB
4334,torphichen,Torphichen,650,Scotland,West Lothian,South East Scotland,55.93353,-3.6546,geonames-GB
4335,ulleskelf,Ulleskelf,650,England,North Yorkshire,Yorkshire and the Humber,53.85434,-1.21266,geonames-GB
4336,winthorpe,Winthorpe,650,England,Nottinghamshire,East Midlands,53.1,-0.78333,geonames-GB
4337,westhumble,Westhumble,649,England,Surrey,South East,51.25464,-0.33517,geonames-GB
4338,eaton,Eaton,648,England,Leicestershire,East Midlands,52.85327,-0.81711,geonames-GB
4339,hales,Hales,648,England,Norfolk,East of England,52.52225,1.50869,geonames-GB
4340,thorndon,Thorndon,648,England,Suffolk,East of England,52.28333,1.13333,geonames-GB
4341,hopwas,Hopwas,647,England,Staffordshire,West Midlands,52.64204,-1.74154,geonames-GB
4342,ropsley,Ropsley,647,England,Lincolnshire,East Midlands,52.89699,-0.52563,geonames-GB
4343,rusper,Rusper,647,England,West Sussex,South East,51.12149,-0.27865,geonames-GB
4344,welbourn,Welbourn,647,England,Lincolnshire,East Midlands,53.07588,-0.55876,geonames-GB
4345,llanrhystud,Llanrhystud,646,Wales,Ceredigion,Wales,52.30589,-4.1447,geonames-GB
4346,pilton,Pilton,646,England,Somerset,South West,51.16528,-2.58722,geonames-GB
4347,down-ampney,Down Ampney,644,England,Gloucestershire,South West,51.67339,-1.85664,geonames-GB
4348,east-harptree,East Harptree,644,England,Bath and North East Somerset,South West,51.30111,-2.62167,geonames-GB
4349,legbourne,Legbourne,644,England,Lincolnshire,East Midlands,53.33853,0.0526,geonames-GB
4350,paulerspury,Paulerspury,644,England,West Northamptonshire,East Midlands,52.10271,-0.95023,geonames-GB
4351,bardwell,Bardwell,643,England,Suffolk,East of England,52.32627,0.84792,geonames-GB
4352,chapmanslade,Chapmanslade,643,England,Wiltshire,South West,51.22917,-2.24889,geonames-GB
4353,clipston,Clipston,643,England,West Northamptonshire,East Midlands,52.42841,-0.95443,geonames-GB
4354,dry-drayton,Dry Drayton,643,England,Cambridgeshire,East of England,52.24168,0.01807,geonames-GB
4355,east-haddon,East Haddon,643,England,West Northamptonshire,East Midlands,52.30718,-1.02361,geonames-GB
4356,langwathby,Langwathby,643,England,Cumbria,North West,54.69631,-2.66882,geonames-GB
4357,winterborne-kingston,Winterborne Kingston,643,England,Dorset,South West,50.77788,-2.19762,geonames-GB
4358,aldbury,Aldbury,642,England,Hertfordshire,East of England,51.80234,-0.60227,geonames-GB
4359,chawleigh,Chawleigh,642,England,Devon,South West,50.89747,-3.83323,geonames-GB
4360,othery,Othery,642,England,Somerset,South West,51.08056,-2.88111,geonames-GB
4361,ticknall,Ticknall,642,England,Derbyshire,East Midlands,52.81178,-1.47761,geonames-GB
4362,boscastle,Boscastle,641,England,Cornwall,South West,50.68409,-4.69301,geonames-GB
4363,coniston,Coniston,641,England,Cumbria,North West,54.36884,-3.07505,geonames-GB
4364,croy-highland,Croy,641,Scotland,Highland,Highlands and Argyll,57.51667,-4.03333,geonames-GB
4365,fladbury,Fladbury,641,England,Worcestershire,West Midlands,52.11421,-2.00769,geonames-GB
4366,kingsbury-episcopi,Kingsbury Episcopi,641,England,Somerset,South West,50.98853,-2.80662,geonames-GB
4367,sandford-devon,Sandford,641,England,Devon,South West,50.80978,-3.66367,geonames-GB
4368,thornborough,Thornborough,641,England,Buckinghamshire,South East,51.99701,-0.91783,geonames-GB
4369,west-stockwith,West Stockwith,641,England,Nottinghamshire,East Midlands,53.443,-0.81361,geonames-GB
4370,woodham-mortimer,Woodham Mortimer,641,England,Essex,East of England,51.70911,0.6233,geonames-GB
4371,chwilog,Chwilog,640,Wales,Gwynedd,Wales,52.91992,-4.3319,geonames-GB
4372,glassford,Glassford,640,Scotland,South Lanarkshire,West Central Scotland,55.69974,-4.02949,geonames-GB
4373,greenlaw,Greenlaw,640,Scotland,Scottish Borders,South East Scotland,55.7068,-2.46241,geonames-GB
4374,north-scarle,North Scarle,640,England,Lincolnshire,East Midlands,53.19305,-0.72869,geonames-GB
4375,whiting-bay,Whiting Bay,640,Scotland,North Ayrshire,West Central Scotland,55.49234,-5.09723,geonames-GB
4376,catsfield,Catsfield,639,England,East Sussex,South East,50.89683,0.45177,geonames-GB
4377,greetham,Greetham,638,England,Rutland,East Midlands,52.72059,-0.63068,geonames-GB
4378,mells,Mells,638,England,Somerset,South West,51.24,-2.39139,geonames-GB
4379,north-cadbury,North Cadbury,638,England,Somerset,South West,51.0428,-2.52312,geonames-GB
4380,grendon-underwood,Grendon Underwood,637,England,Buckinghamshire,South East,51.88322,-1.01692,geonames-GB
4381,helmsdale,Helmsdale,637,Scotland,Highland,Highlands and Argyll,58.11683,-3.65335,geonames-GB
4382,shardlow,Shardlow,637,England,Derbyshire,East Midlands,52.86954,-1.36265,geonames-GB
4383,ampney-crucis,Ampney Crucis,636,England,Gloucestershire,South West,51.71399,-1.905,geonames-GB
4384,frosterley,Frosterley,636,England,County Durham,North East,54.72608,-1.95879,geonames-GB
4385,holme,Holme,636,England,Cambridgeshire,East of England,52.47585,-0.24535,geonames-GB
4386,sidlow,Sidlow,636,England,Surrey,South East,51.20476,-0.20447,geonames-GB
4387,hemingford-abbots,Hemingford Abbots,635,England,Cambridgeshire,East of England,52.32275,-0.11939,geonames-GB
4388,clifton-campville,Clifton Campville,634,England,Staffordshire,West Midlands,52.69464,-1.62838,geonames-GB
4389,jameston,Jameston,634,Wales,Pembrokeshire,Wales,51.65642,-4.81304,geonames-GB
4390,swarland,Swarland,634,England,Northumberland,North East,55.32403,-1.74481,geonames-GB
4391,worth,Worth,634,England,Kent,South East,51.25633,1.3484,geonames-GB
4392,bowertower,Bowertower,633,Scotland,Highland,Highlands and Argyll,58.53333,-3.31667,geonames-GB
4393,rufforth,Rufforth,633,England,York,Yorkshire and the Humber,53.95454,-1.19292,geonames-GB
4394,woore,Woore,633,England,Shropshire,West Midlands,52.97701,-2.40235,geonames-GB
4395,badby,Badby,632,England,West Northamptonshire,East Midlands,52.22922,-1.18321,geonames-GB
4396,edingale,Edingale,632,England,Staffordshire,West Midlands,52.70676,-1.68912,geonames-GB
4397,edmondthorpe,Edmondthorpe,632,England,Leicestershire,East Midlands,52.74991,-0.72604,geonames-GB
4398,elford,Elford,632,England,Staffordshire,West Midlands,52.69103,-1.72103,geonames-GB
4399,elston,Elston,631,England,Nottinghamshire,East Midlands,53.02446,-0.8693,geonames-GB
4400,habrough,Habrough,631,England,North East Lincolnshire,Yorkshire and the Humber,53.60796,-0.26647,geonames-GB
4401,spaldwick,Spaldwick,631,England,Cambridgeshire,East of England,52.34179,-0.34435,geonames-GB
4402,crook-of-devon,Crook of Devon,630,Scotland,Perth and Kinross,East and Central Scotland,56.18472,-3.55534,geonames-GB
4403,crudwell,Crudwell,630,England,Wiltshire,South West,51.63318,-2.06959,geonames-GB
4404,hillhead,Hillhead,630,Scotland,South Ayrshire,West Central Scotland,55.44744,-4.49358,geonames-GB
4405,llanwrtyd-wells,Llanwrtyd Wells,630,Wales,Powys,Wales,52.10659,-3.63924,geonames-GB
4406,luckington,Luckington,630,England,Wiltshire,South West,51.55444,-2.24222,geonames-GB
4407,rucklers-lane,Rucklers Lane,630,England,Hertfordshire,East of England,51.72554,-0.45974,geonames-GB
4408,weyhill,Weyhill,630,England,Hampshire,South East,51.21925,-1.55015,geonames-GB
4409,east-brent,East Brent,628,England,Somerset,South West,51.26361,-2.935,geonames-GB
4410,hampstead-norreys,Hampstead Norreys,628,England,West Berkshire,South East,51.4839,-1.24034,geonames-GB
4411,trawsfynydd,Trawsfynydd,628,Wales,Gwynedd,Wales,52.90212,-3.92289,geonames-GB
4412,arlington,Arlington,627,England,Gloucestershire,South West,51.75884,-1.83604,geonames-GB
4413,dunford-bridge,Dunford Bridge,627,England,Barnsley,Yorkshire and the Humber,53.51752,-1.76378,geonames-GB
4414,hanley-swan,Hanley Swan,627,England,Worcestershire,West Midlands,52.08373,-2.27383,geonames-GB
4415,little-gaddesden,Little Gaddesden,627,England,Hertfordshire,East of England,51.81013,-0.56187,geonames-GB
4416,templeton,Templeton,627,Wales,Pembrokeshire,Wales,51.77194,-4.73778,geonames-GB
4417,thurlestone,Thurlestone,627,England,Devon,South West,50.26932,-3.86264,geonames-GB
4418,east-halton,East Halton,626,England,North Lincolnshire,Yorkshire and the Humber,53.66285,-0.27955,geonames-GB
4419,madron,Madron,626,England,Cornwall,South West,50.13266,-5.56484,geonames-GB
4420,mollington,Mollington,626,England,Cheshire West and Chester,North West,53.22934,-2.92159,geonames-GB
4421,worton,Worton,624,England,Wiltshire,South West,51.31611,-2.04111,geonames-GB
4422,north-lopham,North Lopham,623,England,Norfolk,East of England,52.40352,0.99169,geonames-GB
4423,ombersley,Ombersley,623,England,Worcestershire,West Midlands,52.27103,-2.22883,geonames-GB
4424,humshaugh,Humshaugh,622,England,Northumberland,North East,55.03768,-2.12843,geonames-GB
4425,digby,Digby,621,England,Lincolnshire,East Midlands,53.07969,-0.39225,geonames-GB
4426,brawdy,Brawdy,620,Wales,Pembrokeshire,Wales,51.87996,-5.1272,geonames-GB
4427,coddenham,Coddenham,620,England,Suffolk,East of England,52.14552,1.11704,geonames-GB
4428,great-tey,Great Tey,620,England,Essex,East of England,51.89925,0.74903,geonames-GB
4429,high-bonnybridge,High Bonnybridge,620,Scotland,Falkirk,East and Central Scotland,55.99296,-3.87633,geonames-GB
4430,portpatrick,Portpatrick,620,Scotland,Dumfries and Galloway,South Scotland,54.84143,-5.11705,geonames-GB
4431,lynsted,Lynsted,619,England,Kent,South East,51.31224,0.78638,geonames-GB
4432,stepaside,Stepaside,619,Wales,Pembrokeshire,Wales,51.73484,-4.69367,geonames-GB
4433,swardeston,Swardeston,619,England,Norfolk,East of England,52.57628,1.24783,geonames-GB
4434,chipping,Chipping,618,England,Lancashire,North West,53.88333,-2.58333,geonames-GB
4435,great-milton,Great Milton,618,England,Oxfordshire,South East,51.72028,-1.08953,geonames-GB
4436,hinderwell,Hinderwell,618,England,North Yorkshire,Yorkshire and the Humber,54.53826,-0.77359,geonames-GB
4437,lympsham,Lympsham,618,England,Somerset,South West,51.28389,-2.95417,geonames-GB
4438,stanton-harcourt,Stanton Harcourt,618,England,Oxfordshire,South East,51.74919,-1.40179,geonames-GB
4439,bletchingdon,Bletchingdon,617,England,Oxfordshire,South East,51.85455,-1.2721,geonames-GB
4440,stourpaine,Stourpaine,617,England,Dorset,South West,50.88464,-2.19797,geonames-GB
4441,claybrooke-magna,Claybrooke Magna,616,England,Leicestershire,East Midlands,52.49346,-1.27712,geonames-GB
4442,marchington,Marchington,615,England,Staffordshire,West Midlands,52.87545,-1.80244,geonames-GB
4443,drayton-parslow,Drayton Parslow,614,England,Buckinghamshire,South East,51.94934,-0.78046,geonames-GB
4444,polruan,Polruan,614,England,Cornwall,South West,50.32689,-4.63144,geonames-GB
4445,smarden,Smarden,614,England,Kent,South East,51.1492,0.68742,geonames-GB
4446,dorrington,Dorrington,613,England,Shropshire,West Midlands,52.6221,-2.77386,geonames-GB
4447,little-walsingham,Little Walsingham,613,England,Norfolk,East of England,52.89498,0.87376,geonames-GB
4448,llanbedrog,Llanbedrog,613,Wales,Gwynedd,Wales,52.85796,-4.48658,geonames-GB
4449,rosemarket,Rosemarket,613,Wales,Pembrokeshire,Wales,51.73717,-4.96664,geonames-GB
4450,sedgeford,Sedgeford,613,England,Norfolk,East of England,52.89927,0.5453,geonames-GB
4451,mursley,Mursley,611,England,Buckinghamshire,South East,51.94961,-0.81161,geonames-GB
4452,cargenbridge,Cargenbridge,610,Scotland,Dumfries and Galloway,South Scotland,55.05569,-3.64171,geonames-GB
4453,coaltown-of-wemyss,Coaltown of Wemyss,610,Scotland,Fife,East and Central Scotland,56.15114,-3.08922,geonames-GB
4454,dunbeg,Dunbeg,610,Scotland,Argyll and Bute,Highlands and Argyll,56.44489,-5.44141,geonames-GB
4455,hail-weston,Hail Weston,610,England,Cambridgeshire,East of England,52.24541,-0.29431,geonames-GB
4456,strathkinness,Strathkinness,610,Scotland,Fife,East and Central Scotland,56.33514,-2.87571,geonames-GB
4457,thorntonhall,Thorntonhall,610,Scotland,South Lanarkshire,West Central Scotland,55.7687,-4.2463,geonames-GB
4458,fivehead,Fivehead,609,England,Somerset,South West,51.00212,-2.92145,geonames-GB
4459,benington,Benington,608,England,Hertfordshire,East of England,51.89641,-0.11015,geonames-GB
4460,exton,Exton,607,England,Rutland,East Midlands,52.69106,-0.63463,geonames-GB
4461,halvergate,Halvergate,607,England,Norfolk,East of England,52.60631,1.57602,geonames-GB
4462,upstreet,Upstreet,607,England,Kent,South East,51.32547,1.19407,geonames-GB
4463,cranborne,Cranborne,606,England,Dorset,South West,50.91931,-1.92128,geonames-GB
4464,penley,Penley,606,Wales,Wrexham,Wales,52.95338,-2.87027,geonames-GB
4465,plaxtol,Plaxtol,606,England,Kent,South East,51.25832,0.29569,geonames-GB
4466,shouldham,Shouldham,605,England,Norfolk,East of England,52.65254,0.47494,geonames-GB
4467,trefriw,Trefriw,605,Wales,Conwy,Wales,53.15138,-3.82573,geonames-GB
4468,hampton,Hampton,604,England,Shropshire,West Midlands,52.46667,-2.38333,geonames-GB
4469,mosterton,Mosterton,604,England,Dorset,South West,50.84452,-2.77297,geonames-GB
4470,south-kelsey,South Kelsey,604,England,Lincolnshire,East Midlands,53.47025,-0.43099,geonames-GB
4471,croscombe,Croscombe,603,England,Somerset,South West,51.19667,-2.58889,geonames-GB
4472,quenington,Quenington,603,England,Gloucestershire,South West,51.73659,-1.79142,geonames-GB
4473,tilston,Tilston,603,England,Cheshire West and Chester,North West,53.05701,-2.80878,geonames-GB
4474,crow-hill,Crow Hill,602,England,Herefordshire,West Midlands,51.94011,-2.52274,geonames-GB
4475,fringford,Fringford,602,England,Oxfordshire,South East,51.95336,-1.12292,geonames-GB
4476,wardington,Wardington,602,England,Oxfordshire,South East,52.11394,-1.28512,geonames-GB
4477,puttenham,Puttenham,601,England,Surrey,South East,51.22227,-0.66984,geonames-GB
4478,waddingham,Waddingham,601,England,Lincolnshire,East Midlands,53.4532,-0.52011,geonames-GB
4479,washford,Washford,601,England,Somerset,South West,51.16083,-3.36194,geonames-GB
4480,braidwood,Braidwood,600,Scotland,South Lanarkshire,West Central Scotland,55.71023,-3.84316,geonames-GB
4481,edingworth,Edingworth,600,England,Somerset,South West,51.27502,-2.92289,geonames-GB
4482,glenluce,Glenluce,600,Scotland,Dumfries and Galloway,South Scotland,54.87879,-4.81037,geonames-GB
4483,walton,Walton,600,England,Leicestershire,East Midlands,52.47774,-1.12494,geonames-GB
4484,wellbank,Wellbank,600,Scotland,Angus,East and Central Scotland,56.52418,-2.86018,geonames-GB
4485,winster,Winster,600,England,Derbyshire,East Midlands,53.1418,-1.64258,geonames-GB
4486,newton-regis,Newton Regis,599,England,Warwickshire,West Midlands,52.66602,-1.58778,geonames-GB
4487,stutton,Stutton,599,England,Suffolk,East of England,51.97039,1.13176,geonames-GB
4488,great-ouseburn,Great Ouseburn,598,England,North Yorkshire,Yorkshire and the Humber,54.05,-1.31667,geonames-GB
4489,hindolveston,Hindolveston,598,England,Norfolk,East of England,52.82313,1.01988,geonames-GB
4490,llan-non,Llan-non,598,Wales,Ceredigion,Wales,52.2815,-4.17721,geonames-GB
4491,titchmarsh,Titchmarsh,598,England,North Northamptonshire,East Midlands,52.40677,-0.49825,geonames-GB
4492,chedburgh,Chedburgh,597,England,Suffolk,East of England,52.18972,0.61678,geonames-GB
4493,coldwaltham,Coldwaltham,597,England,West Sussex,South East,50.93942,-0.54605,geonames-GB
4494,kentisbeare,Kentisbeare,597,England,Devon,South West,50.86515,-3.32502,geonames-GB
4495,north-kilworth,North Kilworth,597,England,Leicestershire,East Midlands,52.44424,-1.0958,geonames-GB
4496,ottringham,Ottringham,597,England,East Riding of Yorkshire,Yorkshire and the Humber,53.70092,-0.07909,geonames-GB
4497,swainby,Swainby,597,England,North Yorkshire,Yorkshire and the Humber,54.41264,-1.26669,geonames-GB
4498,birchanger,Birchanger,596,England,Essex,East of England,51.8837,0.19157,geonames-GB
4499,denshaw,Denshaw,595,England,Oldham,North West,53.59013,-2.03939,geonames-GB
4500,ockley,Ockley,595,England,Surrey,South East,51.14678,-0.36366,geonames-GB
4501,upper-gravenhurst,Upper Gravenhurst,595,England,Central Bedfordshire,East of England,52.0114,-0.37851,geonames-GB
4502,cotherstone,Cotherstone,594,England,County Durham,North East,54.57089,-1.98241,geonames-GB
4503,far-forest,Far Forest,594,England,Worcestershire,West Midlands,52.37054,-2.40093,geonames-GB
4504,hallaton,Hallaton,594,England,Leicestershire,East Midlands,52.56107,-0.8369,geonames-GB
4505,shepreth,Shepreth,594,England,Cambridgeshire,East of England,52.11241,0.03253,geonames-GB
4506,sutton-upon-derwent,Sutton upon Derwent,594,England,East Riding of Yorkshire,Yorkshire and the Humber,53.91314,-0.92465,geonames-GB
4507,bagby,Bagby,593,England,North Yorkshire,Yorkshire and the Humber,54.21786,-1.28993,geonames-GB
4508,great-somerford,Great Somerford,593,England,Wiltshire,South West,51.54354,-2.05209,geonames-GB
4509,lamphey,Lamphey,593,Wales,Pembrokeshire,Wales,51.6664,-4.87205,geonames-GB
4510,dymock,Dymock,592,England,Gloucestershire,South West,51.97878,-2.43967,geonames-GB
4511,leintwardine,Leintwardine,592,England,Herefordshire,West Midlands,52.36202,-2.87631,geonames-GB
4512,littlebury,Littlebury,592,England,Essex,East of England,52.0345,0.20958,geonames-GB
4513,pakenham,Pakenham,592,England,Suffolk,East of England,52.27051,0.82103,geonames-GB
4514,saxton,Saxton,592,England,North Yorkshire,Yorkshire and the Humber,53.82556,-1.27754,geonames-GB
4515,west-chinnock,West Chinnock,592,England,Somerset,South West,50.91822,-2.75876,geonames-GB
4516,bolney,Bolney,591,England,West Sussex,South East,50.99534,-0.20303,geonames-GB
4517,wrestlingworth,Wrestlingworth,591,England,Central Bedfordshire,East of England,52.11041,-0.16342,geonames-GB
4518,braco,Braco,590,Scotland,Perth and Kinross,East and Central Scotland,56.26406,-3.87907,geonames-GB
4519,forgandenny,Forgandenny,590,Scotland,Perth and Kinross,East and Central Scotland,56.34596,-3.47841,geonames-GB
4520,northaw,Northaw,590,England,Hertfordshire,East of England,51.70344,-0.14795,geonames-GB
4521,salford-priors,Salford Priors,590,England,Warwickshire,West Midlands,52.15813,-1.89054,geonames-GB
4522,tempsford,Tempsford,590,England,Central Bedfordshire,East of England,52.17051,-0.29586,geonames-GB
4523,abergwili,Abergwili,589,Wales,Carmarthenshire,Wales,51.86593,-4.26969,geonames-GB
4524,whittlebury,Whittlebury,589,England,West Northamptonshire,East Midlands,52.09027,-0.9922,geonames-GB
4525,buckland,Buckland,588,England,Oxfordshire,South East,51.67846,-1.50611,geonames-GB
4526,colkirk,Colkirk,588,England,Norfolk,East of England,52.8007,0.84695,geonames-GB
4527,rickling-green,Rickling Green,587,England,Essex,East of England,51.94694,0.19488,geonames-GB
4528,allington,Allington,586,England,Lincolnshire,East Midlands,52.953,-0.72559,geonames-GB
4529,amberley,Amberley,586,England,West Sussex,South East,50.90658,-0.5352,geonames-GB
4530,great-sampford,Great Sampford,586,England,Essex,East of England,51.99225,0.39139,geonames-GB
4531,swinford,Swinford,586,England,Leicestershire,East Midlands,52.41022,-1.16524,geonames-GB
4532,ellington,Ellington,585,England,Cambridgeshire,East of England,52.33256,-0.29938,geonames-GB
4533,huttoft,Huttoft,585,England,Lincolnshire,East Midlands,53.26725,0.26838,geonames-GB
4534,mickleham,Mickleham,585,England,Surrey,South East,51.26549,-0.32719,geonames-GB
4535,peopleton,Peopleton,585,England,Worcestershire,West Midlands,52.15338,-2.09131,geonames-GB
4536,tickenham,Tickenham,585,England,North Somerset,South West,51.44312,-2.80268,geonames-GB
4537,crundale,Crundale,584,Wales,Pembrokeshire,Wales,51.82417,-4.94806,geonames-GB
4538,market-overton,Market Overton,584,England,Rutland,East Midlands,52.73806,-0.6863,geonames-GB
4539,aylesbeare,Aylesbeare,583,England,Devon,South West,50.71898,-3.36288,geonames-GB
4540,hollesley,Hollesley,583,England,Suffolk,East of England,52.04985,1.43054,geonames-GB
4541,childrey,Childrey,582,England,Oxfordshire,South East,51.5845,-1.47966,geonames-GB
4542,meidrim,Meidrim,582,Wales,Carmarthenshire,Wales,51.86064,-4.48582,geonames-GB
4543,middleton-tyas,Middleton Tyas,581,England,North Yorkshire,Yorkshire and the Humber,54.44745,-1.64975,geonames-GB
4544,over-kellet,Over Kellet,581,England,Lancashire,North West,54.12277,-2.73203,geonames-GB
4545,thrussington,Thrussington,581,England,Leicestershire,East Midlands,52.73629,-1.04061,geonames-GB
4546,essendon,Essendon,580,England,Hertfordshire,East of England,51.76322,-0.1548,geonames-GB
4547,garmouth,Garmouth,580,Scotland,Moray,North East Scotland,57.66453,-3.10875,geonames-GB
4548,hose,Hose,580,England,Leicestershire,East Midlands,52.85699,-0.90428,geonames-GB
4549,burton-in-lonsdale,Burton in Lonsdale,579,England,North Yorkshire,Yorkshire and the Humber,54.14439,-2.53372,geonames-GB
4550,lindale,Lindale,579,England,Cumbria,North West,54.21716,-2.89601,geonames-GB
4551,norham,Norham,579,England,Northumberland,North East,55.71884,-2.16266,geonames-GB
4552,priors-marston,Priors Marston,579,England,Warwickshire,West Midlands,52.21374,-1.28586,geonames-GB
4553,great-barrow,Great Barrow,578,England,Cheshire West and Chester,North West,53.21067,-2.79474,geonames-GB
4554,letcombe-regis,Letcombe Regis,578,England,Oxfordshire,South East,51.57675,-1.45174,geonames-GB
4555,timberland,Timberland,578,England,Lincolnshire,East Midlands,53.11203,-0.32912,geonames-GB
4556,dumbleton,Dumbleton,576,England,Gloucestershire,South West,52.02215,-1.97605,geonames-GB
4557,llandinam,Llandinam,576,Wales,Powys,Wales,52.48496,-3.4369,geonames-GB
4558,hildenborough,Hildenborough,575,England,Kent,South East,51.22947,0.24358,geonames-GB
4559,stoke-goldington,Stoke Goldington,575,England,Milton Keynes,South East,52.13133,-0.77814,geonames-GB
4560,ulcombe,Ulcombe,575,England,Kent,South East,51.21057,0.64455,geonames-GB
4561,westerleigh,Westerleigh,575,England,South Gloucestershire,South West,51.51605,-2.43416,geonames-GB
4562,albury,Albury,574,England,Surrey,South East,51.21998,-0.5022,geonames-GB
4563,chilthorne-domer,Chilthorne Domer,574,England,Somerset,South West,50.97078,-2.679,geonames-GB
4564,egginton,Egginton,574,England,Derbyshire,East Midlands,52.85027,-1.60452,geonames-GB
4565,lower-vagg,Lower Vagg,574,England,Somerset,South West,50.9656,-2.67196,geonames-GB
4566,queen-camel,Queen Camel,574,England,Somerset,South West,51.01943,-2.57678,geonames-GB
4567,brassington,Brassington,573,England,Derbyshire,East Midlands,53.08511,-1.65595,geonames-GB
4568,east-stour,East Stour,573,England,Dorset,South West,51.00761,-2.28501,geonames-GB
4569,goodworth-clatford,Goodworth Clatford,573,England,Hampshire,South East,51.17843,-1.48354,geonames-GB
4570,henley,Henley,573,England,Suffolk,East of England,52.11802,1.15026,geonames-GB
4571,orleton,Orleton,573,England,Herefordshire,West Midlands,52.3,-2.75,geonames-GB
4572,widemouth-bay,Widemouth Bay,573,England,Cornwall,South West,50.78985,-4.55457,geonames-GB
4573,caxton,Caxton,572,England,Cambridgeshire,East of England,52.20575,-0.09255,geonames-GB
4574,cherhill,Cherhill,572,England,Wiltshire,South West,51.42989,-1.9509,geonames-GB
4575,holmbury-st-mary,Holmbury St Mary,572,England,Surrey,South East,51.18736,-0.41044,geonames-GB
4576,willoughby-on-the-wolds,Willoughby on the Wolds,572,England,Nottinghamshire,East Midlands,52.82199,-1.05502,geonames-GB
4577,defford,Defford,571,England,Worcestershire,West Midlands,52.087,-2.12167,geonames-GB
4578,evenley,Evenley,571,England,West Northamptonshire,East Midlands,52.00549,-1.14515,geonames-GB
4579,frieth,Frieth,571,England,Buckinghamshire,South East,51.6052,-0.85191,geonames-GB
4580,roughton,Roughton,571,England,Norfolk,East of England,52.88333,1.3,geonames-GB
4581,brookfield,Brookfield,570,Scotland,Renfrewshire,West Central Scotland,55.84634,-4.53422,geonames-GB
4582,inveraray,Inveraray,570,Scotland,Argyll and Bute,Highlands and Argyll,56.23052,-5.07474,geonames-GB
4583,spean-bridge,Spean Bridge,570,Scotland,Highland,Highlands and Argyll,56.89157,-4.91982,geonames-GB
4584,town-yetholm,Town Yetholm,570,Scotland,Scottish Borders,South East Scotland,55.54546,-2.28745,geonames-GB
4585,alne,Alne,569,England,North Yorkshire,Yorkshire and the Humber,54.08375,-1.24014,geonames-GB
4586,cuddington-buckinghamshire,Cuddington,569,England,Buckinghamshire,South East,51.79354,-0.93126,geonames-GB
4587,pulloxhill,Pulloxhill,569,England,Central Bedfordshire,East of England,51.99487,-0.45316,geonames-GB
4588,burston,Burston,568,England,Norfolk,East of England,52.40472,1.14078,geonames-GB
4589,oxton,Oxton,568,England,Nottinghamshire,East Midlands,53.05526,-1.0628,geonames-GB
4590,carbrooke,Carbrooke,567,England,Norfolk,East of England,52.58112,0.8758,geonames-GB
4591,witton-le-wear,Witton le Wear,567,England,County Durham,North East,54.67565,-1.77387,geonames-GB
4592,beeston,Beeston,566,England,Norfolk,East of England,52.7,0.81667,geonames-GB
4593,elsworth,Elsworth,566,England,Cambridgeshire,East of England,52.2547,-0.07225,geonames-GB
4594,longworth,Longworth,566,England,Oxfordshire,South East,51.69139,-1.43754,geonames-GB
4595,newbridge-on-wye,Newbridge on Wye,566,Wales,Powys,Wales,52.21363,-3.4411,geonames-GB
4596,portesham,Portesham,566,England,Dorset,South West,50.67065,-2.56393,geonames-GB
4597,walcott,Walcott,566,England,Lincolnshire,East Midlands,53.09469,-0.31311,geonames-GB
4598,carlton-le-moorland,Carlton le Moorland,565,England,Lincolnshire,East Midlands,53.11163,-0.64469,geonames-GB
4599,seaton-ross,Seaton Ross,565,England,East Riding of Yorkshire,Yorkshire and the Humber,53.86124,-0.81302,geonames-GB
4600,askham-bryan,Askham Bryan,564,England,York,Yorkshire and the Humber,53.92878,-1.1614,geonames-GB
4601,bunwell,Bunwell,564,England,Norfolk,East of England,52.50158,1.11552,geonames-GB
4602,cossington,Cossington,564,England,Somerset,South West,51.15889,-2.92028,geonames-GB
4603,rotherwick,Rotherwick,564,England,Hampshire,South East,51.30282,-0.97066,geonames-GB
4604,grainthorpe,Grainthorpe,563,England,Lincolnshire,East Midlands,53.45295,0.0797,geonames-GB
4605,mileham,Mileham,563,England,Norfolk,East of England,52.73748,0.8326,geonames-GB
4606,bow-brickhill,Bow Brickhill,562,England,Milton Keynes,South East,52.0028,-0.68064,geonames-GB
4607,clovenfords,Clovenfords,562,Scotland,Scottish Borders,South East Scotland,55.61823,-2.87689,geonames-GB
4608,great-dalby,Great Dalby,562,England,Leicestershire,East Midlands,52.72287,-0.90032,geonames-GB
4609,newton-st-cyres,Newton St Cyres,562,England,Devon,South West,50.76958,-3.59061,geonames-GB
4610,cleeve-prior,Cleeve Prior,561,England,Worcestershire,West Midlands,52.14283,-1.87619,geonames-GB
4611,ascott-under-wychwood,Ascott under Wychwood,560,England,Oxfordshire,South East,51.86711,-1.56469,geonames-GB
4612,ayton,Ayton,560,Scotland,Scottish Borders,South East Scotland,55.84216,-2.12577,geonames-GB
4613,great-witley,Great Witley,560,England,Worcestershire,West Midlands,52.29319,-2.36489,geonames-GB
4614,hindon,Hindon,560,England,Wiltshire,South West,51.09222,-2.12583,geonames-GB
4615,hutton,Hutton,560,England,East Riding of Yorkshire,Yorkshire and the Humber,53.96667,-0.43333,geonames-GB
4616,kirkby-fleetham,Kirkby Fleetham,560,England,North Yorkshire,Yorkshire and the Humber,54.34625,-1.5657,geonames-GB
4617,portinscale,Portinscale,560,England,Cumbria,North West,54.60106,-3.16209,geonames-GB
4618,uplawmoor,Uplawmoor,560,Scotland,East Renfrewshire,West Central Scotland,55.76475,-4.49612,geonames-GB
4619,peldon,Peldon,559,England,Essex,East of England,51.81313,0.88552,geonames-GB
4620,streatley-central-bedfordshire,Streatley,559,England,Central Bedfordshire,East of England,51.94628,-0.44374,geonames-GB
4621,broadwindsor,Broadwindsor,558,England,Dorset,South West,50.82014,-2.80009,geonames-GB
4622,ruan-minor,Ruan Minor,558,England,Cornwall,South West,49.99337,-5.18216,geonames-GB
4623,shalbourne,Shalbourne,558,England,Wiltshire,South West,51.36358,-1.55053,geonames-GB
4624,cheriton-fitzpaine,Cheriton Fitzpaine,556,England,Devon,South West,50.84444,-3.60582,geonames-GB
4625,norton-st-philip,Norton St Philip,556,England,Somerset,South West,51.30222,-2.32472,geonames-GB
4626,sharow,Sharow,556,England,North Yorkshire,Yorkshire and the Humber,54.14112,-1.50517,geonames-GB
4627,andoversford,Andoversford,555,England,Gloucestershire,South West,51.87477,-1.96863,geonames-GB
4628,chrishall,Chrishall,555,England,Essex,East of England,52.03438,0.10647,geonames-GB
4629,spetisbury,Spetisbury,555,England,Dorset,South West,50.82054,-2.12516,geonames-GB
4630,bishop-wilton,Bishop Wilton,554,England,East Riding of Yorkshire,Yorkshire and the Humber,53.98605,-0.78452,geonames-GB
4631,culmstock,Culmstock,554,England,Devon,South West,50.914,-3.27848,geonames-GB
4632,kirkby-in-furness,Kirkby-in-Furness,554,England,Cumbria,North West,54.23243,-3.18741,geonames-GB
4633,wickhambrook,Wickhambrook,554,England,Suffolk,East of England,52.17127,0.54846,geonames-GB
4634,ashdon,Ashdon,553,England,Essex,East of England,52.05496,0.31322,geonames-GB
4635,bentworth,Bentworth,553,England,Hampshire,South East,51.15656,-1.05115,geonames-GB
4636,furneux-pelham,Furneux Pelham,553,England,Hertfordshire,East of England,51.93141,0.08051,geonames-GB
4637,lea,Lea,553,England,Wiltshire,South West,51.57528,-2.06306,geonames-GB
4638,stevington,Stevington,552,England,Bedford,East of England,52.16848,-0.55515,geonames-GB
4639,vernham-dean,Vernham Dean,552,England,Hampshire,South East,51.30704,-1.51197,geonames-GB
4640,apperley,Apperley,550,England,Gloucestershire,South West,51.95278,-2.20181,geonames-GB
4641,coldingham,Coldingham,550,Scotland,Scottish Borders,South East Scotland,55.88623,-2.15744,geonames-GB
4642,eardisley,Eardisley,550,England,Herefordshire,West Midlands,52.14045,-3.00843,geonames-GB
4643,lumphanan,Lumphanan,550,Scotland,Aberdeenshire,North East Scotland,57.12655,-2.68839,geonames-GB
4644,barford-st-michael,Barford St Michael,549,England,Oxfordshire,South East,51.99117,-1.36497,geonames-GB
4645,claverley,Claverley,549,England,Shropshire,West Midlands,52.5379,-2.30646,geonames-GB
4646,barford-st-martin,Barford St Martin,548,England,Wiltshire,South West,51.08322,-1.92224,geonames-GB
4647,latton,Latton,548,England,Wiltshire,South West,51.65891,-1.87057,geonames-GB
4648,somerby,Somerby,548,England,Leicestershire,East Midlands,52.68741,-0.85007,geonames-GB
4649,kingham,Kingham,547,England,Oxfordshire,South East,51.91527,-1.62246,geonames-GB
4650,llandogo,Llandogo,547,Wales,Monmouthshire,Wales,51.73422,-2.68908,geonames-GB
4651,worlaby,Worlaby,547,England,North Lincolnshire,Yorkshire and the Humber,53.6113,-0.46685,geonames-GB
4652,burghclere,Burghclere,546,England,Hampshire,South East,51.34874,-1.32351,geonames-GB
4653,halstock,Halstock,546,England,Dorset,South West,50.86872,-2.65532,geonames-GB
4654,seagrave,Seagrave,546,England,Leicestershire,East Midlands,52.75084,-1.08507,geonames-GB
4655,acton-burnell,Acton Burnell,544,England,Shropshire,West Midlands,52.61388,-2.69468,geonames-GB
4656,ellesborough,Ellesborough,544,England,Buckinghamshire,South East,51.7527,-0.79011,geonames-GB
4657,grendon,Grendon,544,England,North Northamptonshire,East Midlands,52.23442,-0.71411,geonames-GB
4658,stedham,Stedham,544,England,West Sussex,South East,50.99447,-0.77119,geonames-GB
4659,stow-cum-quy,Stow cum Quy,544,England,Cambridgeshire,East of England,52.22317,0.22522,geonames-GB
4660,garboldisham,Garboldisham,543,England,Norfolk,East of England,52.39535,0.9468,geonames-GB
4661,musbury,Musbury,543,England,Devon,South West,50.74746,-3.03221,geonames-GB
4662,saltfleet,Saltfleet,543,England,Lincolnshire,East Midlands,53.42186,0.18644,geonames-GB
4663,weybourne,Weybourne,543,England,Norfolk,East of England,52.94292,1.14095,geonames-GB
4664,carlby,Carlby,542,England,Lincolnshire,East Midlands,52.71384,-0.44649,geonames-GB
4665,cynwyd,Cynwyd,542,Wales,Denbighshire,Wales,52.9594,-3.40651,geonames-GB
4666,surlingham,Surlingham,542,England,Norfolk,East of England,52.60706,1.42007,geonames-GB
4667,welney,Welney,542,England,Norfolk,East of England,52.52291,0.24829,geonames-GB
4668,burton-cheshire-west-and-chester,Burton,541,England,Cheshire West and Chester,North West,53.25954,-3.02549,geonames-GB
4669,east-rudham,East Rudham,541,England,Norfolk,East of England,52.8207,0.7111,geonames-GB
4670,luston,Luston,541,England,Herefordshire,West Midlands,52.26402,-2.75406,geonames-GB
4671,tadmarton,Tadmarton,541,England,Oxfordshire,South East,52.0384,-1.43063,geonames-GB
4672,ashleworth,Ashleworth,540,England,Gloucestershire,South West,51.92905,-2.27543,geonames-GB
4673,auchenblae,Auchenblae,540,Scotland,Aberdeenshire,North East Scotland,56.9,-2.45,geonames-GB
4674,christian-malford,Christian Malford,540,England,Wiltshire,South West,51.51039,-2.05508,geonames-GB
4675,cuminestown,Cuminestown,540,Scotland,Aberdeenshire,North East Scotland,57.54238,-2.33525,geonames-GB
4676,elphinstone,Elphinstone,540,Scotland,East Lothian,South East Scotland,55.92257,-2.96755,geonames-GB
4677,grantchester,Grantchester,540,England,Cambridgeshire,East of England,52.18093,0.09072,geonames-GB
4678,heytesbury,Heytesbury,540,England,Wiltshire,South West,51.1824,-2.10682,geonames-GB
4679,selborne,Selborne,540,England,Hampshire,South East,51.09479,-0.93997,geonames-GB
4680,thornhill-stirling,Thornhill,540,Scotland,Stirling,East and Central Scotland,56.17318,-4.1506,geonames-GB
4681,chearsley,Chearsley,539,England,Buckinghamshire,South East,51.78998,-0.96156,geonames-GB
4682,sutton-on-the-forest,Sutton on the Forest,539,England,North Yorkshire,Yorkshire and the Humber,54.07515,-1.10284,geonames-GB
4683,chalton,Chalton,538,England,Central Bedfordshire,East of England,51.9279,-0.50147,geonames-GB
4684,east-ilsley,East Ilsley,538,England,West Berkshire,South East,51.52728,-1.29089,geonames-GB
4685,heol-y-cyw,Heol-y-Cyw,538,Wales,Bridgend,Wales,51.54743,-3.52243,geonames-GB
4686,chipping-warden,Chipping Warden,537,England,West Northamptonshire,East Midlands,52.13536,-1.2729,geonames-GB
4687,coelbren,Coelbren,537,Wales,Powys,Wales,51.79181,-3.67014,geonames-GB
4688,grampound,Grampound,537,England,Cornwall,South West,50.29935,-4.90055,geonames-GB
4689,newtown-limford,Newtown Limford,537,England,Leicestershire,East Midlands,52.68342,-1.22878,geonames-GB
4690,rhydymwyn,Rhydymwyn,537,Wales,Flintshire,Wales,53.19261,-3.18957,geonames-GB
4691,hepworth,Hepworth,536,England,Suffolk,East of England,52.33277,0.91285,geonames-GB
4692,mynytho,Mynytho,536,Wales,Gwynedd,Wales,52.8512,-4.51658,geonames-GB
4693,shapwick,Shapwick,536,England,Somerset,South West,51.14018,-2.83263,geonames-GB
4694,east-garston,East Garston,535,England,West Berkshire,South East,51.48915,-1.47918,geonames-GB
4695,gerrans,Gerrans,535,England,Cornwall,South West,50.17863,-4.98166,geonames-GB
4696,langford-budville,Langford Budville,535,England,Somerset,South West,50.99744,-3.26885,geonames-GB
4697,widford,Widford,534,England,Hertfordshire,East of England,51.82321,0.05897,geonames-GB
4698,worminghall,Worminghall,534,England,Buckinghamshire,South East,51.77043,-1.07365,geonames-GB
4699,east-cowton,East Cowton,533,England,North Yorkshire,Yorkshire and the Humber,54.42367,-1.52697,geonames-GB
4700,montacute,Montacute,533,England,Somerset,South West,50.95,-2.71667,geonames-GB
4701,whaddon,Whaddon,533,England,Buckinghamshire,South East,52.00042,-0.82801,geonames-GB
4702,bonby,Bonby,532,England,North Lincolnshire,Yorkshire and the Humber,53.62479,-0.48464,geonames-GB
4703,pointon,Pointon,532,England,Lincolnshire,East Midlands,52.87203,-0.34298,geonames-GB
4704,buchlyvie,Buchlyvie,530,Scotland,Stirling,East and Central Scotland,56.11559,-4.29503,geonames-GB
4705,clive,Clive,530,England,Shropshire,West Midlands,52.81335,-2.72295,geonames-GB
4706,croxton-kerrial,Croxton Kerrial,530,England,Leicestershire,East Midlands,52.85524,-0.76115,geonames-GB
4707,eardington,Eardington,530,England,Shropshire,West Midlands,52.5141,-2.41211,geonames-GB
4708,maidens,Maidens,530,Scotland,South Ayrshire,West Central Scotland,55.33333,-4.81667,geonames-GB
4709,milton-west-dunbartonshire,Milton,530,Scotland,West Dunbartonshire,West Central Scotland,55.93658,-4.51907,geonames-GB
4710,monxton,Monxton,530,England,Hampshire,South East,51.19787,-1.55271,geonames-GB
4711,oaksey,Oaksey,530,England,Wiltshire,South West,51.64133,-2.01699,geonames-GB
4712,broughton-in-furness,Broughton in Furness,529,England,Cumbria,North West,54.2771,-3.21118,geonames-GB
4713,wellow,Wellow,529,England,Bath and North East Somerset,South West,51.32444,-2.37417,geonames-GB
4714,temple-sowerby,Temple Sowerby,528,England,Cumbria,North West,54.6347,-2.60187,geonames-GB
4715,margaretting,Margaretting,527,England,Essex,East of England,51.69001,0.41499,geonames-GB
4716,pavenham,Pavenham,527,England,Bedford,East of England,52.18913,-0.55249,geonames-GB
4717,rodmell,Rodmell,527,England,East Sussex,South East,50.83917,0.01588,geonames-GB
4718,weeton,Weeton,527,England,Lancashire,North West,53.82154,-2.93869,geonames-GB
4719,bucklesham,Bucklesham,526,England,Suffolk,East of England,52.03011,1.26926,geonames-GB
4720,llwyngwril,Llwyngwril,526,Wales,Gwynedd,Wales,52.66765,-4.08417,geonames-GB
4721,purleigh,Purleigh,526,England,Essex,East of England,51.68724,0.65832,geonames-GB
4722,worlington,Worlington,526,England,Suffolk,East of England,52.33505,0.48748,geonames-GB
4723,chilmark,Chilmark,525,England,Wiltshire,South West,51.0918,-2.04379,geonames-GB
4724,tibberton,Tibberton,525,England,Telford and Wrekin,West Midlands,52.77774,-2.47303,geonames-GB
4725,hoghton,Hoghton,524,England,Lancashire,North West,53.73492,-2.58797,geonames-GB
4726,nantgaredig,Nantgaredig,524,Wales,Carmarthenshire,Wales,51.87104,-4.18943,geonames-GB
4727,baltonsborough,Baltonsborough,523,England,Somerset,South West,51.11167,-2.65472,geonames-GB
4728,corringham,Corringham,523,England,Lincolnshire,East Midlands,53.4102,-0.69162,geonames-GB
4729,everton,Everton,523,England,Central Bedfordshire,East of England,52.14581,-0.24616,geonames-GB
4730,marston-magna,Marston Magna,523,England,Somerset,South West,51.0,-2.58333,geonames-GB
4731,weston-on-the-green,Weston on the Green,523,England,Oxfordshire,South East,51.86425,-1.22875,geonames-GB
4732,fulstow,Fulstow,522,England,Lincolnshire,East Midlands,53.45568,-0.00411,geonames-GB
4733,wistow,Wistow,522,England,Cambridgeshire,East of England,52.412,-0.12197,geonames-GB
4734,cosgrove,Cosgrove,521,England,West Northamptonshire,East Midlands,52.07518,-0.84801,geonames-GB
4735,gisburn,Gisburn,521,England,Lancashire,North West,53.93494,-2.26347,geonames-GB
4736,lyonshall,Lyonshall,521,England,Herefordshire,West Midlands,52.19802,-2.97467,geonames-GB
4737,marsham,Marsham,521,England,Norfolk,East of England,52.76881,1.2533,geonames-GB
4738,bowling,Bowling,520,Scotland,West Dunbartonshire,West Central Scotland,55.93153,-4.49033,geonames-GB
4739,loddington,Loddington,520,England,North Northamptonshire,East Midlands,52.39734,-0.80174,geonames-GB
4740,queenzieburn,Queenzieburn,520,Scotland,North Lanarkshire,West Central Scotland,55.97301,-4.09138,geonames-GB
4741,tighnabruaich,Tighnabruaich,520,Scotland,Argyll and Bute,Highlands and Argyll,55.90613,-5.23362,geonames-GB
4742,mellis,Mellis,519,England,Suffolk,East of England,52.32954,1.07979,geonames-GB
4743,occold,Occold,519,England,Suffolk,East of England,52.29347,1.15944,geonames-GB
4744,raskelf,Raskelf,519,England,North Yorkshire,Yorkshire and the Humber,54.13305,-1.24879,geonames-GB
4745,dalton,Dalton,518,England,North Yorkshire,Yorkshire and the Humber,54.18333,-1.35,geonames-GB
4746,kirk-ireton,Kirk Ireton,518,England,Derbyshire,East Midlands,53.04785,-1.60306,geonames-GB
4747,boat-of-garten,Boat of Garten,517,Scotland,Highland,Highlands and Argyll,57.25027,-3.75561,geonames-GB
4748,chippenham-cambridgeshire,Chippenham,517,England,Cambridgeshire,East of England,52.30184,0.43636,geonames-GB
4749,newbold-on-stour,Newbold on Stour,517,England,Warwickshire,West Midlands,52.11478,-1.64113,geonames-GB
4750,peasenhall,Peasenhall,517,England,Suffolk,East of England,52.27136,1.45114,geonames-GB
4751,graffham,Graffham,516,England,West Sussex,South East,50.94999,-0.68107,geonames-GB
4752,ince-blundell,Ince Blundell,516,England,Sefton,North West,53.52429,-3.02733,geonames-GB
4753,iron-acton,Iron Acton,516,England,South Gloucestershire,South West,51.54921,-2.46087,geonames-GB
4754,pailton,Pailton,516,England,Warwickshire,West Midlands,52.43337,-1.30872,geonames-GB
4755,south-creake,South Creake,516,England,Norfolk,East of England,52.88493,0.76547,geonames-GB
4756,akeley,Akeley,514,England,Buckinghamshire,South East,52.03359,-0.96954,geonames-GB
4757,collyweston,Collyweston,514,England,North Northamptonshire,East Midlands,52.61399,-0.52983,geonames-GB
4758,bradley,Bradley,513,England,Staffordshire,West Midlands,52.75842,-2.17909,geonames-GB
4759,gimingham,Gimingham,513,England,Norfolk,East of England,52.87614,1.39234,geonames-GB
4760,llandissilio,Llandissilio,513,Wales,Pembrokeshire,Wales,51.85832,-4.729,geonames-GB
4761,scar-top,Scar Top,513,England,Bradford,Yorkshire and the Humber,53.83188,-2.01102,geonames-GB
4762,backbarrow,Backbarrow,512,England,Cumbria,North West,54.2555,-2.9882,geonames-GB
4763,henfynyw-upper,Henfynyw Upper,512,Wales,Ceredigion,Wales,52.22428,-4.27169,geonames-GB
4764,llanrhidian,Llanrhidian,512,Wales,Swansea,Wales,51.60641,-4.16984,geonames-GB
4765,stoke-by-clare,Stoke by Clare,512,England,Suffolk,East of England,52.06241,0.53833,geonames-GB
4766,collingbourne-kingston,Collingbourne Kingston,511,England,Wiltshire,South West,51.30105,-1.65876,geonames-GB
4767,cuddesdon,Cuddesdon,511,England,Oxfordshire,South East,51.72266,-1.13277,geonames-GB
4768,great-haseley,Great Haseley,511,England,Oxfordshire,South East,51.71182,-1.07379,geonames-GB
4769,murthly,Murthly,510,Scotland,Perth and Kinross,East and Central Scotland,56.52913,-3.467,geonames-GB
4770,pitton,Pitton,510,England,Wiltshire,South West,51.08168,-1.69868,geonames-GB
4771,preston-candover,Preston Candover,510,England,Hampshire,South East,51.17057,-1.13372,geonames-GB
4772,thankerton,Thankerton,510,Scotland,South Lanarkshire,West Central Scotland,55.62631,-3.63289,geonames-GB
4773,elmesthorpe,Elmesthorpe,509,England,Leicestershire,East Midlands,52.56091,-1.31107,geonames-GB
4774,ewerby,Ewerby,509,England,Lincolnshire,East Midlands,53.01148,-0.33165,geonames-GB
4775,north-wheatley,North Wheatley,509,England,Nottinghamshire,East Midlands,53.36232,-0.85635,geonames-GB
4776,ridgewell,Ridgewell,509,England,Essex,East of England,52.03929,0.53181,geonames-GB
4777,blakesley,Blakesley,508,England,West Northamptonshire,East Midlands,52.14674,-1.08839,geonames-GB
4778,compton-martin,Compton Martin,508,England,Bath and North East Somerset,South West,51.31056,-2.65528,geonames-GB
4779,glentham,Glentham,508,England,Lincolnshire,East Midlands,53.39967,-0.49489,geonames-GB
4780,buriton,Buriton,507,England,Hampshire,South East,50.97505,-0.94851,geonames-GB
4781,alvington,Alvington,506,England,Gloucestershire,South West,51.70444,-2.57528,geonames-GB
4782,ashbury,Ashbury,506,England,Oxfordshire,South East,51.56405,-1.61851,geonames-GB
4783,barrowden,Barrowden,506,England,North Northamptonshire,East Midlands,52.5903,-0.60236,geonames-GB
4784,bledington,Bledington,506,England,Gloucestershire,South West,51.90348,-1.64545,geonames-GB
4785,kingston-blount,Kingston Blount,506,England,Oxfordshire,South East,51.689,-0.932,geonames-GB
4786,llanellen,Llanellen,506,Wales,Monmouthshire,Wales,51.79302,-3.01231,geonames-GB
4787,corpusty,Corpusty,505,England,Norfolk,East of England,52.82796,1.13513,geonames-GB
4788,croxdale,Croxdale,505,England,County Durham,North East,54.72836,-1.58585,geonames-GB
4789,monks-eleigh,Monks Eleigh,505,England,Suffolk,East of England,52.09174,0.86831,geonames-GB
4790,cantley,Cantley,504,England,Norfolk,East of England,52.57896,1.51354,geonames-GB
4791,waltham-st-lawrence,Waltham St Lawrence,504,England,Windsor and Maidenhead,South East,51.48507,-0.80698,geonames-GB
4792,widdington,Widdington,504,England,Essex,East of England,51.96103,0.23749,geonames-GB
4793,appleshaw,Appleshaw,503,England,Hampshire,South East,51.23739,-1.56507,geonames-GB
4794,llanarth,Llanarth,503,Wales,Ceredigion,Wales,52.19424,-4.30811,geonames-GB
4795,north-cowton,North Cowton,503,England,North Yorkshire,Yorkshire and the Humber,54.43045,-1.56311,geonames-GB
4796,shiptonthorpe,Shiptonthorpe,503,England,East Riding of Yorkshire,Yorkshire and the Humber,53.87928,-0.70609,geonames-GB
4797,toft,Toft,503,England,Cambridgeshire,East of England,52.18719,-0.01219,geonames-GB
4798,winfarthing,Winfarthing,503,England,Norfolk,East of England,52.43056,1.0979,geonames-GB
4799,great-rollright,Great Rollright,502,England,Oxfordshire,South East,51.97595,-1.52864,geonames-GB
4800,strone,Strone,502,Scotland,Argyll and Bute,Highlands and Argyll,55.98585,-4.90624,geonames-GB
4801,west-wratting,West Wratting,502,England,Cambridgeshire,East of England,52.14265,0.34676,geonames-GB
4802,dunham-on-the-hill,Dunham on the Hill,501,England,Cheshire West and Chester,North West,53.24965,-2.793,geonames-GB
4803,henton,Henton,501,England,Somerset,South West,51.20544,-2.72727,geonames-GB
4804,siston,Siston,501,England,South Gloucestershire,South West,51.47444,-2.45,geonames-GB
4805,trebarwith-strand,Trebarwith Strand,501,England,Cornwall,South West,50.64497,-4.75771,geonames-GB
4806,crosshill,Crosshill,500,Scotland,South Ayrshire,West Central Scotland,55.32469,-4.63853,geonames-GB
4807,fawkham,Fawkham,500,England,Kent,South East,51.36256,0.27972,geonames-GB
4808,hawthorn,Hawthorn,500,England,County Durham,North East,54.8,-1.35,geonames-GB
4809,kinnesswood,Kinnesswood,500,Scotland,Perth and Kinross,East and Central Scotland,56.21188,-3.32847,geonames-GB
4810,letchmore-heath,Letchmore Heath,500,England,Hertfordshire,East of England,51.66648,-0.33522,geonames-GB
4811,moniaive,Moniaive,500,Scotland,Dumfries and Galloway,South Scotland,55.19723,-3.91978,geonames-GB
4812,nerston,Nerston,500,Scotland,South Lanarkshire,West Central Scotland,55.78496,-4.1662,geonames-GB
4813,rangeworthy,Rangeworthy,500,England,South Gloucestershire,South West,51.5652,-2.44661,geonames-GB
4814,wallington,Wallington,500,England,Hampshire,South East,50.85,-1.16667,geonames-GB
4815,wymondham,Wymondham,500,England,Leicestershire,East Midlands,52.75978,-0.74055,geonames-GB
4816,fyvie,Fyvie,499,Scotland,Aberdeenshire,North East Scotland,57.43236,-2.39187,geonames-GB
4817,trebetherick,Trebetherick,499,England,Cornwall,South West,50.56394,-4.92222,geonames-GB
4818,biddestone,Biddestone,498,England,Wiltshire,South West,51.46083,-2.19833,geonames-GB
4819,grewelthorpe,Grewelthorpe,498,England,North Yorkshire,Yorkshire and the Humber,54.18062,-1.64757,geonames-GB
4820,carradale,Carradale,497,Scotland,Argyll and Bute,Highlands and Argyll,55.58926,-5.47197,geonames-GB
4821,stickford,Stickford,497,England,Lincolnshire,East Midlands,53.11969,0.02912,geonames-GB
4822,tallington,Tallington,497,England,Lincolnshire,East Midlands,52.65973,-0.38521,geonames-GB
4823,ardgay,Ardgay,496,Scotland,Highland,Highlands and Argyll,57.88113,-4.3629,geonames-GB
4824,axmouth,Axmouth,496,England,Devon,South West,50.71399,-3.04993,geonames-GB
4825,dirleton,Dirleton,496,Scotland,East Lothian,South East Scotland,56.04565,-2.78141,geonames-GB
4826,fincham,Fincham,496,England,Norfolk,East of England,52.62944,0.49614,geonames-GB
4827,kirkton-of-largo,Kirkton of Largo,496,Scotland,Fife,East and Central Scotland,56.21667,-2.91667,geonames-GB
4828,lenwade,Lenwade,496,England,Norfolk,East of England,52.72221,1.10601,geonames-GB
4829,thornham,Thornham,496,England,Norfolk,East of England,52.95991,0.57953,geonames-GB
4830,corston,Corston,494,England,Bath and North East Somerset,South West,51.385,-2.44028,geonames-GB
4831,holme-hale,Holme Hale,494,England,Norfolk,East of England,52.63166,0.78736,geonames-GB
4832,spittal,Spittal,494,Wales,Pembrokeshire,Wales,51.86889,-4.9425,geonames-GB
4833,wix,Wix,494,England,Essex,East of England,51.9123,1.14296,geonames-GB
4834,barkston,Barkston,493,England,Lincolnshire,East Midlands,52.96425,-0.61592,geonames-GB
4835,hannington,Hannington,493,England,Hampshire,South East,51.29606,-1.22785,geonames-GB
4836,bitton,Bitton,492,England,South Gloucestershire,South West,51.42479,-2.45965,geonames-GB
4837,castle-bytham,Castle Bytham,492,England,Lincolnshire,East Midlands,52.75479,-0.5361,geonames-GB
4838,studham,Studham,492,England,Central Bedfordshire,East of England,51.83128,-0.51683,geonames-GB
4839,bronllys,Bronllys,491,Wales,Powys,Wales,52.00584,-3.25049,geonames-GB
4840,burn,Burn,491,England,North Yorkshire,Yorkshire and the Humber,53.74935,-1.10123,geonames-GB
4841,swinderby,Swinderby,491,England,Lincolnshire,East Midlands,53.1572,-0.70216,geonames-GB
4842,norwell,Norwell,490,England,Nottinghamshire,East Midlands,53.14795,-0.84589,geonames-GB
4843,steeple,Steeple,490,England,Essex,East of England,51.69278,0.802,geonames-GB
4844,brinkworth,Brinkworth,489,England,Wiltshire,South West,51.55893,-1.98221,geonames-GB
4845,kirkbride,Kirkbride,489,England,Cumbria,North West,54.89329,-3.20183,geonames-GB
4846,pembridge,Pembridge,489,England,Herefordshire,West Midlands,52.2183,-2.89261,geonames-GB
4847,pytchley,Pytchley,489,England,North Northamptonshire,East Midlands,52.364,-0.73861,geonames-GB
4848,cutnall-green,Cutnall Green,488,England,Worcestershire,West Midlands,52.31693,-2.17778,geonames-GB
4849,thriplow,Thriplow,488,England,Cambridgeshire,East of England,52.09964,0.09641,geonames-GB
4850,whissonsett,Whissonsett,488,England,Norfolk,East of England,52.77205,0.84167,geonames-GB
4851,bramfield,Bramfield,487,England,Suffolk,East of England,52.30984,1.51895,geonames-GB
4852,little-milton,Little Milton,486,England,Oxfordshire,South East,51.7028,-1.10495,geonames-GB
4853,shabbington,Shabbington,486,England,Buckinghamshire,South East,51.7568,-1.03623,geonames-GB
4854,sturton-le-steeple,Sturton le Steeple,486,England,Nottinghamshire,East Midlands,53.34968,-0.82054,geonames-GB
4855,trimingham,Trimingham,485,England,Norfolk,East of England,52.89846,1.38107,geonames-GB
4856,swynnerton,Swynnerton,484,England,Staffordshire,West Midlands,52.91761,-2.22185,geonames-GB
4857,bothel,Bothel,483,England,Cumbria,North West,54.73671,-3.27526,geonames-GB
4858,caunton,Caunton,483,England,Nottinghamshire,East Midlands,53.13309,-0.88676,geonames-GB
4859,offham,Offham,483,England,Kent,South East,51.29061,0.37538,geonames-GB
4860,fotherby,Fotherby,482,England,Lincolnshire,East Midlands,53.40545,-0.02202,geonames-GB
4861,abbotsbury,Abbotsbury,481,England,Dorset,South West,50.66667,-2.6,geonames-GB
4862,west-dean,West Dean,481,England,West Sussex,South East,50.9052,-0.7814,geonames-GB
4863,finningham,Finningham,480,England,Suffolk,East of England,52.28197,1.02636,geonames-GB
4864,fosdyke,Fosdyke,480,England,Lincolnshire,East Midlands,52.88034,-0.04588,geonames-GB
4865,grasby,Grasby,480,England,Lincolnshire,East Midlands,53.53003,-0.36164,geonames-GB
4866,singleton,Singleton,480,England,West Sussex,South East,50.91158,-0.75377,geonames-GB
4867,south-leverton,South Leverton,480,England,Nottinghamshire,East Midlands,53.31969,-0.82569,geonames-GB
4868,brookland,Brookland,479,England,Kent,South East,50.99939,0.83797,geonames-GB
4869,east-chinnock,East Chinnock,479,England,Somerset,South West,50.91589,-2.71836,geonames-GB
4870,elwick,Elwick,479,England,Hartlepool,North East,54.68455,-1.29559,geonames-GB
4871,notton,Notton,479,England,Wakefield,Yorkshire and the Humber,53.61267,-1.47234,geonames-GB
4872,somerford-keynes,Somerford Keynes,479,England,Gloucestershire,South West,51.65496,-1.97307,geonames-GB
4873,duns-tew,Duns Tew,478,England,Oxfordshire,South East,51.95236,-1.33604,geonames-GB
4874,foxton,Foxton,478,England,Leicestershire,East Midlands,52.50336,-0.96856,geonames-GB
4875,high-roding,High Roding,478,England,Essex,East of England,51.83063,0.32465,geonames-GB
4876,oving,Oving,478,England,Buckinghamshire,South East,51.88481,-0.8602,geonames-GB
4877,polebrook,Polebrook,478,England,North Northamptonshire,East Midlands,52.47154,-0.42767,geonames-GB
4878,corwen,Corwen,477,Wales,Denbighshire,Wales,52.98005,-3.37736,geonames-GB
4879,mildenhall-wiltshire,Mildenhall,477,England,Wiltshire,South West,51.4256,-1.69988,geonames-GB
4880,ropley,Ropley,477,England,Hampshire,South East,51.08293,-1.07769,geonames-GB
4881,thorpe-salvin,Thorpe Salvin,476,England,Rotherham,Yorkshire and the Humber,53.32379,-1.21752,geonames-GB
4882,great-cheverell,Great Cheverell,475,England,Wiltshire,South West,51.28778,-2.02694,geonames-GB
4883,halton-holegate,Halton Holegate,475,England,Lincolnshire,East Midlands,53.16177,0.11645,geonames-GB
4884,tebworth,Tebworth,475,England,Central Bedfordshire,East of England,51.9304,-0.56099,geonames-GB
4885,wattisfield,Wattisfield,475,England,Suffolk,East of England,52.33064,0.94748,geonames-GB
4886,wenhaston,Wenhaston,475,England,Suffolk,East of England,52.32653,1.55628,geonames-GB
4887,wootton-north-lincolnshire,Wootton,475,England,North Lincolnshire,Yorkshire and the Humber,53.63021,-0.35328,geonames-GB
4888,dorney-reach,Dorney Reach,474,England,Buckinghamshire,South East,51.50505,-0.68248,geonames-GB
4889,hailey,Hailey,474,England,Oxfordshire,South East,51.80859,-1.48624,geonames-GB
4890,kingsland,Kingsland,474,England,Herefordshire,West Midlands,52.24911,-2.81542,geonames-GB
4891,strete,Strete,474,England,Devon,South West,50.31138,-3.63055,geonames-GB
4892,upavon,Upavon,474,England,Wiltshire,South West,51.2946,-1.80791,geonames-GB
4893,medbourne,Medbourne,473,England,Leicestershire,East Midlands,52.53084,-0.82088,geonames-GB
4894,wendens-ambo,Wendens Ambo,473,England,Essex,East of England,52.00354,0.20119,geonames-GB
4895,wherwell,Wherwell,473,England,Hampshire,South East,51.16697,-1.44299,geonames-GB
4896,alvescot,Alvescot,472,England,Oxfordshire,South East,51.73769,-1.60611,geonames-GB
4897,north-pickenham,North Pickenham,472,England,Norfolk,East of England,52.62741,0.75142,geonames-GB
4898,parwich,Parwich,472,England,Derbyshire,East Midlands,53.08548,-1.7204,geonames-GB
4899,rothersthorpe,Rothersthorpe,472,England,West Northamptonshire,East Midlands,52.20576,-0.95779,geonames-GB
4900,wansford,Wansford,472,England,Peterborough,East of England,52.57851,-0.42001,geonames-GB
4901,breage,Breage,471,England,Cornwall,South West,50.10893,-5.3326,geonames-GB
4902,longborough,Longborough,471,England,Gloucestershire,South West,51.96542,-1.74056,geonames-GB
4903,lound,Lound,471,England,Nottinghamshire,East Midlands,53.36724,-0.96123,geonames-GB
4904,micheldever,Micheldever,471,England,Hampshire,South East,51.14853,-1.2669,geonames-GB
4905,south-cornelly,South Cornelly,471,Wales,Bridgend,Wales,51.51113,-3.70352,geonames-GB
4906,long-burton,Long Burton,470,England,Dorset,South West,50.91667,-2.5,geonames-GB
4907,penparc,Penparc,470,Wales,Ceredigion,Wales,52.10184,-4.61254,geonames-GB
4908,shipbourne,Shipbourne,470,England,Kent,South East,51.24658,0.27977,geonames-GB
4909,goldsborough,Goldsborough,469,England,North Yorkshire,Yorkshire and the Humber,54.00006,-1.41802,geonames-GB
4910,hadlow-down,Hadlow Down,469,England,East Sussex,South East,50.99561,0.18445,geonames-GB
4911,stone-gloucestershire,Stone,469,England,Gloucestershire,South West,51.65583,-2.45694,geonames-GB
4912,hornby,Hornby,468,England,Lancashire,North West,54.11316,-2.63712,geonames-GB
4913,aikton,Aikton,467,England,Cumbria,North West,54.87025,-3.13179,geonames-GB
4914,georgeham,Georgeham,467,England,Devon,South West,51.13647,-4.196,geonames-GB
4915,itchen-abbas,Itchen Abbas,467,England,Hampshire,South East,51.09336,-1.23828,geonames-GB
4916,west-ashton,West Ashton,467,England,Wiltshire,South West,51.29877,-2.17379,geonames-GB
4917,bayford,Bayford,466,England,Hertfordshire,East of England,51.75955,-0.10197,geonames-GB
4918,dummer,Dummer,466,England,Hampshire,South East,51.20906,-1.16571,geonames-GB
4919,ecton,Ecton,466,England,North Northamptonshire,East Midlands,52.26543,-0.78913,geonames-GB
4920,finmere,Finmere,466,England,Oxfordshire,South East,51.99118,-1.07508,geonames-GB
4921,holme-lacy,Holme Lacy,466,England,Herefordshire,West Midlands,52.01766,-2.65052,geonames-GB
4922,mattersey,Mattersey,466,England,Nottinghamshire,East Midlands,53.39618,-0.96493,geonames-GB
4923,port-william,Port William,466,Scotland,Dumfries and Galloway,South Scotland,54.75889,-4.58287,geonames-GB
4924,wangford,Wangford,466,England,Suffolk,East of England,52.35574,1.62237,geonames-GB
4925,hallatrow,Hallatrow,465,England,Bath and North East Somerset,South West,51.3125,-2.52056,geonames-GB
4926,hessett,Hessett,464,England,Suffolk,East of England,52.21797,0.83264,geonames-GB
4927,tetford,Tetford,464,England,Lincolnshire,East Midlands,53.2534,-0.00234,geonames-GB
4928,waldringfield,Waldringfield,464,England,Suffolk,East of England,52.0527,1.32531,geonames-GB
4929,austwick,Austwick,463,England,North Yorkshire,Yorkshire and the Humber,54.11104,-2.35812,geonames-GB
4930,roch,Roch,463,Wales,Pembrokeshire,Wales,51.84694,-5.08667,geonames-GB
4931,himley,Himley,462,England,Staffordshire,West Midlands,52.51904,-2.18182,geonames-GB
4932,kirkby-overblow,Kirkby Overblow,462,England,North Yorkshire,Yorkshire and the Humber,53.93808,-1.50551,geonames-GB
4933,south-newton,South Newton,462,England,Wiltshire,South West,51.10653,-1.87528,geonames-GB
4934,rushton,Rushton,461,England,North Northamptonshire,East Midlands,52.43869,-0.76175,geonames-GB
4935,brampton-suffolk,Brampton,460,England,Suffolk,East of England,52.37801,1.5774,geonames-GB
4936,langworth,Langworth,460,England,Lincolnshire,East Midlands,53.27337,-0.41054,geonames-GB
4937,ludford-parva,Ludford Parva,460,England,Lincolnshire,East Midlands,53.3849,-0.20065,geonames-GB
4938,sparkford,Sparkford,460,England,Somerset,South West,51.03528,-2.55972,geonames-GB
4939,arlingham,Arlingham,459,England,Gloucestershire,South West,51.79742,-2.4248,geonames-GB
4940,ebberston,Ebberston,459,England,North Yorkshire,Yorkshire and the Humber,54.23151,-0.62373,geonames-GB
4941,howsham,Howsham,459,England,North Lincolnshire,Yorkshire and the Humber,53.52426,-0.4234,geonames-GB
4942,redgrave,Redgrave,459,England,Suffolk,East of England,52.36098,1.0019,geonames-GB
4943,west-bretton,West Bretton,459,England,Wakefield,Yorkshire and the Humber,53.62039,-1.56824,geonames-GB
4944,west-camel,West Camel,459,England,Somerset,South West,51.01973,-2.60175,geonames-GB
4945,alkborough,Alkborough,458,England,North Lincolnshire,Yorkshire and the Humber,53.68459,-0.66616,geonames-GB
4946,brockley,Brockley,458,England,North Somerset,South West,51.4,-2.76667,geonames-GB
4947,maisemore,Maisemore,458,England,Gloucestershire,South West,51.89109,-2.27644,geonames-GB
4948,staverton,Staverton,458,England,West Northamptonshire,East Midlands,52.24491,-1.21043,geonames-GB
4949,thropton,Thropton,458,England,Northumberland,North East,55.31459,-1.95759,geonames-GB
4950,hindringham,Hindringham,457,England,Norfolk,East of England,52.88726,0.9462,geonames-GB
4951,robin-hood-s-bay,Robin Hood's Bay,457,England,North Yorkshire,Yorkshire and the Humber,54.43441,-0.53541,geonames-GB
4952,sidbury,Sidbury,457,England,Devon,South West,50.71953,-3.22028,geonames-GB
4953,taddington,Taddington,457,England,Derbyshire,East Midlands,53.23714,-1.78664,geonames-GB
4954,iden,Iden,456,England,East Sussex,South East,50.98197,0.73102,geonames-GB
4955,devils-bridge,Devils Bridge,455,Wales,Ceredigion,Wales,52.37497,-3.8562,geonames-GB
4956,earl-soham,Earl Soham,455,England,Suffolk,East of England,52.22028,1.26575,geonames-GB
4957,south-luffenham,South Luffenham,455,England,Rutland,East Midlands,52.60857,-0.61232,geonames-GB
4958,wroot,Wroot,455,England,North Lincolnshire,Yorkshire and the Humber,53.52336,-0.92872,geonames-GB
4959,ashwellthorpe,Ashwellthorpe,454,England,Norfolk,East of England,52.53429,1.15708,geonames-GB
4960,orston,Orston,454,England,Nottinghamshire,East Midlands,52.96131,-0.85442,geonames-GB
4961,culham,Culham,453,England,Oxfordshire,South East,51.65184,-1.26609,geonames-GB
4962,nether-broughton,Nether Broughton,453,England,Leicestershire,East Midlands,52.82494,-0.97061,geonames-GB
4963,withernwick,Withernwick,453,England,East Riding of Yorkshire,Yorkshire and the Humber,53.84886,-0.18742,geonames-GB
4964,tolpuddle,Tolpuddle,452,England,Dorset,South West,50.74866,-2.29081,geonames-GB
4965,cottered,Cottered,451,England,Hertfordshire,East of England,51.94675,-0.08184,geonames-GB
4966,hempstead,Hempstead,451,England,Essex,East of England,52.01653,0.37886,geonames-GB
4967,sea-palling,Sea Palling,451,England,Norfolk,East of England,52.78558,1.601,geonames-GB
4968,upper-boddington,Upper Boddington,451,England,West Northamptonshire,East Midlands,52.17651,-1.29595,geonames-GB
4969,coombe-bissett,Coombe Bissett,450,England,Wiltshire,South West,51.03632,-1.84578,geonames-GB
4970,goodleigh,Goodleigh,450,England,Devon,South West,51.08923,-4.00212,geonames-GB
4971,luss,Luss,450,Scotland,Argyll and Bute,Highlands and Argyll,56.10091,-4.63829,geonames-GB
4972,woodnewton,Woodnewton,450,England,North Northamptonshire,East Midlands,52.53633,-0.47254,geonames-GB
4973,charlton-on-otmoor,Charlton on Otmoor,449,England,Oxfordshire,South East,51.83965,-1.18378,geonames-GB
4974,laxton,Laxton,449,England,Nottinghamshire,East Midlands,53.19537,-0.92137,geonames-GB
4975,merton-oxfordshire,Merton,449,England,Oxfordshire,South East,51.85518,-1.16361,geonames-GB
4976,upton-grey,Upton Grey,449,England,Hampshire,South East,51.22876,-1.00019,geonames-GB
4977,essendine,Essendine,448,England,Rutland,East Midlands,52.70187,-0.4525,geonames-GB
4978,felsham,Felsham,448,England,Suffolk,East of England,52.17762,0.84453,geonames-GB
4979,great-bircham,Great Bircham,448,England,Norfolk,East of England,52.86268,0.63124,geonames-GB
4980,rettendon,Rettendon,448,England,Essex,East of England,51.63452,0.57179,geonames-GB
4981,rye-harbour,Rye Harbour,448,England,East Sussex,South East,50.93761,0.76132,geonames-GB
4982,mumby,Mumby,447,England,Lincolnshire,East Midlands,53.24533,0.26931,geonames-GB
4983,abbotsley,Abbotsley,446,England,Cambridgeshire,East of England,52.19403,-0.20664,geonames-GB
4984,barking,Barking,446,England,Suffolk,East of England,52.13253,1.01945,geonames-GB
4985,dolgarrog,Dolgarrog,446,Wales,Conwy,Wales,53.18959,-3.84341,geonames-GB
4986,gaydon,Gaydon,446,England,Warwickshire,West Midlands,52.1834,-1.4701,geonames-GB
4987,hartest,Hartest,446,England,Suffolk,East of England,52.14024,0.6778,geonames-GB
4988,corscombe,Corscombe,445,England,Dorset,South West,50.84672,-2.68728,geonames-GB
4989,culworth,Culworth,445,England,West Northamptonshire,East Midlands,52.11757,-1.20523,geonames-GB
4990,hazelbury-bryan,Hazelbury Bryan,445,England,Dorset,South West,50.87534,-2.36429,geonames-GB
4991,allonby,Allonby,444,England,Cumbria,North West,54.77396,-3.43015,geonames-GB
4992,kingston,Kingston,444,England,Kent,South East,51.21893,1.14704,geonames-GB
4993,llangybi,Llangybi,444,Wales,Monmouthshire,Wales,51.66583,-2.90806,geonames-GB
4994,north-nibley,North Nibley,444,England,Gloucestershire,South West,51.66056,-2.37556,geonames-GB
4995,bredgar,Bredgar,443,England,Kent,South East,51.31224,0.69677,geonames-GB
4996,caston,Caston,443,England,Norfolk,East of England,52.54358,0.88251,geonames-GB
4997,edingley,Edingley,443,England,Nottinghamshire,East Midlands,53.09546,-1.00674,geonames-GB
4998,holberrow-green,Holberrow Green,443,England,Worcestershire,West Midlands,52.22938,-1.96628,geonames-GB
4999,hursley,Hursley,443,England,Hampshire,South East,51.02536,-1.39067,geonames-GB
5000,toynton-all-saints,Toynton All Saints,443,England,Lincolnshire,East Midlands,53.15202,0.08198,geonames-GB
